Id,Sales
40232,4924.616497674649
39376,4924.616497674649
38520,5719.801231411363
37664,5502.322375021385
36808,5298.672240939166
35952,5317.437435801766
35096,5317.437435801766
34240,4875.673707275527
33384,4875.673707275527
32528,4635.122848734707
31672,4570.619208790202
30816,4543.590907091023
29960,4543.590907091023
29104,4705.688694554903
28248,4830.220411159936
27392,4830.220411159936
26536,5547.045129178838
25680,5341.519304786831
24824,5173.787148694626
23968,5212.117722544231
23112,5212.117722544231
22256,4816.509723326898
21400,4816.509723326898
20544,4536.038856612645
19688,4530.085701193655
18832,4555.838947768628
17976,4584.515165873455
17120,4717.936735232508
16264,4838.91453101219
15408,4838.91453101219
14552,6016.201083006405
13696,5448.641740692222
12840,5272.019908309182
11984,5328.152716822268
11128,5328.152716822268
10272,4873.421424631206
9416,4873.421424631206
8560,4711.093142140171
7704,4635.140086768402
6848,4637.1107704556225
5992,4637.1107704556225
5136,4705.421557386912
4280,4835.50831851424
3424,4835.50831851424
2568,5554.3686470400835
1712,5361.401670196798
856,5193.669514104593
0,5203.713021932242
40233,5514.605377734947
39377,5514.605377734947
38521,6670.092988337918
37665,6321.538861167046
36809,6109.40754732964
35953,6091.093158975955
35097,6091.093158975955
34241,5444.900209392968
33385,5444.900209392968
32529,5224.120229245329
31673,5160.498237207756
30817,5097.46777350463
29961,5097.46777350463
29105,5272.018299822927
28249,5397.232732249305
27393,5397.232732249305
26537,6468.3100755828455
25681,6144.331984423456
24825,5968.118648576064
23969,5941.082573187427
23113,5941.082573187427
22257,5395.7128306304985
21401,5395.7128306304985
20545,5095.825713872897
19689,5096.1533538214935
18833,5121.906600396466
17977,5166.659410723513
17121,5296.457126714763
16265,5418.117638315791
15409,5418.117638315791
14553,7324.566056712638
13697,6253.668601356919
12841,6068.5655892186915
11985,6087.618814515493
11129,6087.618814515493
10273,5458.244925460828
9417,5458.244925460828
8561,5300.090522650793
7705,5220.786341875018
6849,5222.757025562238
5993,5222.757025562238
5137,5292.840164634127
4281,5418.117638315791
3425,5418.117638315791
2569,6489.823218925056
1713,6178.403975314387
857,6002.190639466995
1,5975.154564078359
40234,5631.516739643583
39378,5631.516739643583
38522,6361.796844281861
37666,6116.997242156452
36810,5945.515029666177
35954,5932.993572145719
35098,5932.993572145719
34242,5558.921422996486
33386,5558.921422996486
32530,5323.067839303923
31674,5253.680559586055
30818,5226.652257886876
29962,5226.652257886876
29106,5378.645209052926
28250,5516.422847484432
27394,5516.422847484432
26538,6178.4700329075695
25682,5959.148892525434
24826,5823.584658025174
23970,5830.62857949172
23114,5830.62857949172
22258,5514.902945865626
21402,5514.902945865626
20546,5226.938567785398
19690,5213.147051989508
18834,5238.900298564481
17978,5267.576516669308
17122,5390.89324973053
16266,5537.307753550918
15410,5537.307753550918
14554,6613.796463408914
13698,6049.126982346324
12842,5904.6730715552285
11986,5929.519227685257
11130,5929.519227685257
10274,5572.266139064347
9418,5572.266139064347
8562,5382.096828134836
7706,5291.858458047157
6850,5293.829141734377
5994,5293.829141734377
5138,5378.378071884935
4282,5537.307753550918
3426,5537.307753550918
2570,6185.793550768815
1714,5979.031257935401
858,5843.467023435141
2,5822.223878879731
40235,5386.3469285946385
39379,5386.3469285946385
38523,6156.560033327882
37667,5918.352859955333
36811,5738.056182604561
35955,5725.534725084103
35099,5725.534725084103
34243,5313.751611947542
33387,5313.751611947542
32531,5084.811218950233
31675,5022.016367985225
30819,4994.988066286046
29963,4994.988066286046
29107,5154.625432579587
28251,5271.253036435488
27395,5271.253036435488
26539,5973.23322195359
25683,5760.504510324316
24827,5616.125810963558
23971,5623.169732430105
23115,5623.169732430105
22259,5269.733134816682
21403,5269.733134816682
20547,4988.681947431707
19691,4981.482860388678
18835,5007.236106963651
17979,5035.912325068478
17123,5166.873473257192
16267,5292.137942501974
15411,5292.137942501974
14555,6403.222212557748
13699,5850.482600145206
12843,5697.214224493613
11987,5722.060380623641
11131,5722.060380623641
10275,5327.096328015403
9419,5327.096328015403
8563,5160.781512355697
7707,5077.135571020878
6851,5079.106254708098
5995,5079.106254708098
5139,5154.358295411596
4283,5292.137942501974
3427,5292.137942501974
2571,5980.556739814836
1715,5780.3868757342825
859,5636.008176373525
3,5614.765031818116
40236,5752.434100682332
39380,5752.434100682332
38524,6615.737201930237
37668,6242.401449829061
36812,6060.146372733876
35956,6060.414577036782
35100,6060.414577036782
34244,5682.728932340353
33388,5682.728932340353
32532,5461.432954470535
31676,5396.230308493998
30820,5316.25854021632
29964,5316.25854021632
29108,5500.105955981677
28252,5630.129675853719
27396,5630.129675853719
26540,6408.120084100401
25684,6060.2627937424995
24828,5913.925694637329
23972,5905.472211905284
23116,5905.472211905284
22260,5628.609774234913
21404,5628.609774234913
20548,5311.265355180581
19692,5314.944120533184
18836,5340.697367108157
17980,5385.450177435204
17124,5524.544782873513
16268,5651.014581920205
15412,5651.014581920205
14556,6839.400446194894
13700,6174.531190018934
12844,6019.304414622928
11988,6056.94023257632
11132,6056.94023257632
10276,5696.073648408214
9420,5696.073648408214
8564,5520.461943301448
7708,5444.508887929679
6852,5446.479571616899
5996,5446.479571616899
5140,5520.927820792877
4284,5651.014581920205
3428,5651.014581920205
2572,6429.633227442611
1716,6094.334784633431
860,5947.99768552826
4,5939.544202796215
40237,5282.301718776428
39381,5282.301718776428
38525,6251.932015691149
37669,5870.921303637975
36813,5679.851761682294
35957,5680.1199659852
35101,5680.1199659852
34245,5233.358928377306
33389,5233.358928377306
32533,4988.821536667815
31677,4911.304126350995
30821,4884.275824651816
29965,4884.275824651816
29109,5043.913190945357
28253,5180.7596718906725
27397,5180.7596718906725
26541,6058.504523342278
25685,5702.972273032378
24829,5547.820709066711
23973,5567.654292356622
23117,5567.654292356622
22261,5167.048984057635
21405,5167.048984057635
20549,4882.59158417471
19693,4870.770618754448
18837,4896.523865329421
17981,4925.200083434248
17125,5056.161231622962
16269,5189.453791742927
15413,5189.453791742927
14557,6504.4355604915545
13701,5817.240669308812
12845,5653.19942905231
11989,5676.645621524738
11133,5676.645621524738
10277,5231.106645732985
9421,5231.106645732985
8565,5064.791830073279
7709,4976.524010361228
6853,4978.494694048448
5997,4978.494694048448
5141,5043.646053777366
4285,5186.047579244977
3429,5186.047579244977
2573,6065.828041203524
1717,5722.854638442345
861,5567.703074476678
5,5559.249591744633
40238,4730.326541773375
39382,4730.326541773375
38526,5428.403393099349
37670,5211.560500925583
36814,4994.452425331607
35958,5024.494166508332
35102,5024.494166508332
34246,4665.129989955567
33390,4665.129989955567
32534,4351.9847027965825
31678,4286.782056820045
30822,4259.753755120867
29966,4259.753755120867
29110,4407.092421510825
28254,4612.530733468933
27398,4612.530733468933
26542,5248.501330495781
25686,5043.611470319986
24830,4862.421372716024
23974,4912.028492879754
23118,4912.028492879754
22262,4611.010831850127
21406,4611.010831850127
20550,4245.7547503034775
19694,4246.248549223498
18838,4272.001795798471
17982,4300.678013903298
17126,4419.340462188429
16270,4633.415639535419
15414,4633.415639535419
14558,6082.893082379715
13702,5143.690241115456
12846,4953.610467220658
11990,5021.01982204787
11134,5021.01982204787
10278,4678.474706023428
9422,4678.474706023428
8566,4411.013691627496
7710,4335.060636255727
6854,4337.0313199429465
5998,4337.0313199429465
5142,4406.825284342834
4286,4633.415639535419
3430,4633.415639535419
2574,5255.824848357027
1718,5063.493835729953
862,4882.303738125991
6,4903.623792267765
40239,5338.264652440939
39383,5338.264652440939
38527,6609.668817469349
37671,6171.211312016112
36815,5940.527025816471
35959,5935.00229928615
35103,5935.00229928615
34247,5268.55948409896
33391,5268.55948409896
32535,5046.3666966022165
31679,4988.532501037518
30823,4961.50419933834
29967,4961.50419933834
29111,5099.836354308569
28255,5215.960227612325
27399,5215.960227612325
26543,6399.580432977171
25687,6003.262281410515
24831,5808.495973200888
23975,5822.536625657573
23119,5822.536625657573
22263,5214.44032599352
21407,5214.44032599352
20551,4940.136744109112
19695,4947.998993440972
18839,4973.752240015945
17983,5002.428458120772
17127,5112.084394986174
16271,5236.845133678812
15415,5236.845133678812
14559,7233.972184861105
13703,6103.341052205985
12847,5899.685067705523
11991,5931.5279548256885
11135,5931.5279548256885
10279,5281.9042001668195
9423,5281.9042001668195
8567,5105.39568543313
7711,5036.8110804732
6855,5038.781764160421
5999,5038.781764160421
5143,5099.569217140578
4287,5236.845133678812
3431,5236.845133678812
2575,6406.903950838417
1719,6023.144646820482
863,5828.378338610855
7,5814.131925045584
40240,6232.742778431683
39384,6232.742778431683
38528,7843.934346629738
37672,7391.639053275653
36816,7152.140302215516
35960,7146.615575685195
35104,7146.615575685195
34248,6163.037610089704
33392,6163.037610089704
32536,5923.896964829979
31680,5852.8812556405
30824,5825.852953941322
29968,5825.852953941322
29112,6020.320987331109
28256,6110.438353603071
27400,6110.438353603071
26544,7624.864318287162
25688,7223.690022670056
24832,7020.109249599933
23976,7034.149902056617
23120,7034.149902056617
22264,6108.918451984264
21408,6108.918451984264
20552,5817.667012336873
19696,5808.730785963318
18840,5834.484032538291
17984,5863.160250643118
17128,6028.952065928078
16272,6131.323259669556
15416,6131.323259669556
14560,8311.56629858905
13704,7337.958418946491
12848,7125.4879695855325
11992,7157.330856705697
11136,7157.330856705697
10280,6176.382326157565
9424,6176.382326157565
8568,6010.78700823552
7712,5922.218961137593
6856,5924.189644824813
6000,5924.189644824813
5144,6028.952065928078
4288,6131.323259669556
3432,6131.323259669556
2576,7646.377461629371
1720,7243.572388080024
864,7039.991615009901
8,7025.745201444629
40241,5409.122447995539
39385,5409.122447995539
38529,6643.862617987664
37673,6247.906038615986
36817,6008.407287555849
35961,6002.882561025528
35105,6002.882561025528
34249,5336.527131348443
33393,5336.527131348443
32537,5129.407947396625
31681,5053.338408504049
30825,4990.307944800923
29969,4990.307944800923
29113,5151.197674923399
28257,5289.096776493418
27401,5289.096776493418
26545,6442.316827521229
25689,6070.936284161034
24833,5867.35551109091
23977,5853.109097525638
23121,5853.109097525638
22265,5287.576874874611
21409,5287.576874874611
20553,5001.35055431283
19697,4988.993525117787
18841,5014.7467716927595
17985,5059.499582019806
17129,5175.6365018152355
16273,5309.981682559904
15417,5309.981682559904
14561,7309.779327602907
13705,6180.035778805859
12849,5967.5653294449
11993,5999.408216565066
11137,5999.408216565066
10281,5349.871847416303
9425,5349.871847416303
8569,5205.378240802089
7713,5113.389390882673
6857,5115.360074569893
6001,5115.360074569893
5145,5172.0195397346
4289,5309.981682559904
3433,5309.981682559904
2577,6463.8299708634395
1721,6105.008275051965
865,5901.4275019818415
9,5887.18108841657
40242,6185.333225292541
39386,6185.333225292541
38530,7689.663635174522
37674,7246.578112271211
36818,6994.062979985423
35962,6975.748591631738
35106,6975.748591631738
34250,6120.1366734747335
33394,6120.1366734747335
32538,5853.717585419549
31682,5780.0551608640235
30826,5753.026859164844
29970,5753.026859164844
29114,5958.303333365931
28258,6067.537416988101
27402,6067.537416988101
26546,7488.156924707046
25690,7078.629081665614
24834,6862.031927369841
23978,6863.28291800316
23122,6863.28291800316
22266,6066.0175153692935
21410,6066.0175153692935
20554,5747.487632926445
19698,5739.521653267476
18842,5765.274899842449
17986,5793.951117947276
17130,5970.551374043536
16274,6088.422323054586
15418,6088.422323054586
14562,8357.936378101678
13706,7178.707852461083
12850,6953.221021874475
11994,6972.274247171276
11138,6972.274247171276
10282,6133.481389542595
9426,6133.481389542595
8570,5912.746574250463
7714,5828.333740299705
6858,5830.304423986924
6002,5830.304423986924
5146,5958.036196197941
4290,6088.422323054586
3434,6088.422323054586
2578,7495.480442568291
1722,7098.511447075581
866,6881.9142927798075
10,6854.878217391171
40243,5416.676273910098
39387,5416.676273910098
38531,6286.352390268654
37675,5905.34167821548
36819,5723.086601120295
35963,5723.3548054232015
35107,5723.3548054232015
34251,5346.971105568118
33395,5346.971105568118
32539,5111.117521875555
31683,5033.600111558735
30827,5006.571809859556
29971,5006.571809859556
29115,5158.564761025606
28259,5294.3718490814845
27403,5294.3718490814845
26547,6092.924897919783
25691,5737.392647609883
24835,5591.0555485047125
23979,5610.889131794624
23123,5610.889131794624
22267,5292.851947462678
21411,5292.851947462678
20555,5004.88756938245
19699,4993.066603962188
18843,5018.819850537161
17987,5047.496068641988
17131,5170.81280170321
16275,5315.256755147971
15419,5315.256755147971
14563,6543.2149683274665
13707,5851.661043886317
12851,5696.434268490311
11995,5734.070086443704
11139,5734.070086443704
10283,5360.315821635979
9427,5360.315821635979
8571,5198.007565281097
7715,5106.554779136463
6859,5108.5254628236835
6003,5108.5254628236835
5147,5167.195839622575
4291,5315.256755147971
3435,5315.256755147971
2579,6100.248415781029
1723,5757.27501301985
867,5610.9379139146795
11,5602.484431182635
40244,5674.4787873951855
39388,5674.4787873951855
38532,6908.416359231144
37676,6450.771467043783
36820,6220.087180844142
35964,6214.562454313821
35108,6214.562454313821
34252,5604.773619053206
33396,5604.773619053206
32540,5377.080448210314
31684,5303.418023654788
30828,5223.44625537711
29972,5223.44625537711
29116,5407.293671142466
28260,5552.174362566573
27404,5552.174362566573
26548,6701.701667133101
25692,6268.632810957221
24836,6073.8665027475945
23980,6059.620089182323
23124,6059.620089182323
22268,5550.654460947766
21412,5550.654460947766
20556,5226.91284892036
19700,5222.131835693975
18844,5247.885082268947
17988,5292.637892595994
17132,5431.732498034304
16276,5573.059268633058
15420,5573.059268633058
14564,7239.644217329786
13708,6382.901207233655
12852,6179.245222733193
11996,6211.088109853359
11140,6211.088109853359
10284,5618.1183351210675
9428,5618.1183351210675
8572,5436.1094370412275
7716,5351.69660309047
6860,5353.667286777689
6004,5353.667286777689
5148,5428.115535953668
4292,5573.059268633058
3436,5573.059268633058
2580,6723.214810475311
1724,6302.704801848153
868,6107.938493638526
12,6093.692080073254
40245,6374.6632990020535
39389,6374.6632990020535
38533,7009.380360277214
37677,6704.8197050622
36821,6450.443698507068
35965,6470.366003278302
35109,6470.366003278302
34253,6304.958130660074
33397,6304.958130660074
32541,5660.469355702113
31685,5569.611525899491
30829,5542.583224200313
29973,5542.583224200313
29117,5879.169070797249
28261,6242.739484895003
27405,6242.739484895003
26549,6798.254260531301
25693,6527.251285178167
24837,6308.7932566130485
23981,6348.280940371287
23125,6348.280940371287
22269,6241.219583276197
21413,6241.219583276197
20557,5544.620013930572
19701,5529.078018302945
18845,5554.831264877917
17989,5583.5074829827445
17133,5891.417111474853
16277,6263.62439096149
15421,6263.62439096149
14565,7667.536034874729
13709,6651.139070733037
12853,6423.791365877084
11997,6481.081284298804
11141,6481.081284298804
10285,6318.302846727935
9429,6318.302846727935
8573,5747.359399107656
7717,5652.185582755657
6861,5654.156266442877
6005,5654.156266442877
5149,5887.800149394217
4293,6263.62439096149
3437,6263.62439096149
2581,6819.767403873511
1725,6547.133650588134
869,6328.675622023015
13,6339.876239759298
40246,5904.660820646043
39390,5904.660820646043
38534,7132.687072925697
37678,6694.22956747246
36822,6463.545281272819
35966,6458.0205547424985
35110,6458.0205547424985
34254,5834.955652304064
33398,5834.955652304064
32542,5590.544731146458
31686,5537.026503694428
30830,5509.998201995249
29974,5509.998201995249
29118,5673.2198641452915
28262,5789.502356188472
27406,5789.502356188472
26550,6929.744648804562
25694,6533.426497237906
24838,6338.660189028279
23982,6352.700841484963
23126,6352.700841484963
22270,5787.9824545696665
21414,5787.9824545696665
20558,5491.460739024396
19702,5492.876034017245
18846,5518.629280592218
17990,5547.305498697045
17134,5681.8509427422605
16278,5810.387262254959
15422,5810.387262254959
14566,7772.884309271085
13710,6640.548933143297
12854,6436.892948642835
11998,6468.735835763001
11142,6468.735835763001
10286,5848.3003683719235
9430,5848.3003683719235
8574,5677.434774552001
7718,5599.218248820477
6862,5601.188932507698
6006,5601.188932507698
5150,5681.8509427422605
4294,5810.387262254959
3438,5810.387262254959
2582,6937.068166665807
1726,6553.308862647873
870,6358.542554438246
14,6344.296140872974
40247,5133.115885057785
39391,5133.115885057785
38535,6327.997574749425
37679,6012.876285741752
36823,5758.50027918662
35967,5769.857235728435
35111,5769.857235728435
34255,5063.410716715805
33399,5063.410716715805
32543,4865.727574185061
31687,4792.065149629534
30831,4765.036847930355
29975,4765.036847930355
29119,4901.577376607002
28263,5010.811460229172
27407,5010.811460229172
26551,6135.472508132347
25695,5844.9272551361555
24839,5626.469226571037
23983,5657.391562099857
23127,5657.391562099857
22271,5009.291558610365
21415,5009.291558610365
20559,4759.497621691956
19703,4751.531642032987
18847,4777.28488860796
17991,4805.961106712787
17135,4913.825417284607
16279,5031.696366295658
15423,5031.696366295658
14567,6999.932209856575
13711,5959.1956514125895
12855,5731.847946556636
11999,5780.572516748937
11143,5780.572516748937
10287,5076.755432783666
9431,5076.755432783666
8575,4952.617617590603
7719,4865.019817207262
6863,4866.9905008944825
6007,4866.9905008944825
5151,4910.208455203971
4295,5031.696366295658
3439,5031.696366295658
2583,6156.985651474557
1727,5864.8096205461225
871,5646.351591981004
15,5648.986861487868
40248,6180.6181098513725
39392,6180.6181098513725
38536,7511.720980707481
37680,7145.269637938358
36824,6915.774677278709
35968,6903.25321975825
35112,6903.25321975825
34256,6110.912941509393
33400,6110.912941509393
32544,5828.689025477046
31688,5751.171615160226
30832,5724.143313461047
29976,5724.143313461047
29120,5937.064202789626
28264,6058.313685022759
27408,6058.313685022759
26552,7309.311844508213
25696,6977.320607332761
24840,6783.743624663126
23984,6790.787546129673
23128,6790.787546129673
22272,6056.793783403953
21416,6056.793783403953
20560,5722.459072983941
19704,5710.638107563679
18848,5736.391354138652
17992,5765.067572243479
17136,5949.3122434672305
16280,6079.198591089245
15424,6079.198591089245
14568,7808.9566106307475
13712,7091.589003609195
12856,6889.122344648725
12000,6913.968500778753
11144,6913.968500778753
10288,6124.257657577254
9432,6124.257657577254
8576,5904.65931888251
7720,5816.391499170459
6864,5818.362182857679
6008,5818.362182857679
5152,5936.797065621635
4296,6079.198591089245
3440,6079.198591089245
2584,7316.635362369459
1728,6997.202972742728
872,6803.625990073093
16,6782.382845517684
40249,6375.27910742429
39393,6341.500829856405
38537,7508.528033192967
37681,7101.097521697442
36825,6897.7806727205325
35969,6879.4662843668475
35113,6879.4662843668475
34257,6305.57393908231
33401,6271.795661514426
32545,6092.438374062163
31689,6011.199933537978
30833,5931.2281652603015
29977,5931.2281652603015
29121,6115.075581025658
28265,6252.974682595675
27409,6219.196405027791
26553,7301.813341094924
25697,6918.958865610881
24841,6751.559994623985
23985,6724.523919235349
23129,6724.523919235349
22273,6251.45478097687
21417,6217.676503408986
20561,5942.270774772208
19705,5929.913745577164
18849,5955.666992152137
17993,6000.419802479184
17137,6139.514407917493
16281,6273.859588662162
15425,6240.081311094278
14569,8151.622367764369
13713,7033.227261887315
12857,6856.938714609584
12001,6875.991939906386
11145,6875.991939906386
10289,6318.91865515017
9433,6285.1403775822855
8577,6151.467362893075
7721,6059.478512973659
6865,6061.44919666088
6009,6061.44919666088
5153,6135.8974458368575
4297,6273.859588662162
3441,6240.081311094278
2585,7323.326484437134
1729,6953.030856501812
873,6785.631985514917
17,6758.595910126281
40250,4622.526634741857
39394,4622.526634741857
38538,5500.351580317667
37682,5282.872723927689
36826,5079.22258984547
35970,5097.98778470807
35114,5097.98778470807
34258,4552.821466399878
33402,4552.821466399878
32546,4371.336088870578
31690,4306.832448926073
30834,4250.248939561958
29978,4250.248939561958
29122,4416.020872968613
28266,4507.368170284287
27410,4507.368170284287
26554,5313.405852604177
25698,5107.88002821217
24842,4940.1478721199655
23986,4950.191379947614
23130,4950.191379947614
22274,4505.848268665481
21418,4505.848268665481
20562,4245.255754526218
19706,4248.934519878821
18850,4274.687766453794
17994,4319.440576780841
17138,4440.459699860449
16282,4528.253076350773
15426,4528.253076350773
14570,5797.481805373639
13714,5215.002464117561
12858,5038.380631734522
12002,5094.513440247608
11146,5094.513440247608
10290,4566.1661824677385
9434,4566.1661824677385
8578,4447.306382276042
7722,4371.353326904274
6866,4373.324010591494
6010,4373.324010591494
5154,4436.842737779813
4298,4528.253076350773
3442,4528.253076350773
2586,5334.918995946387
1730,5141.9520191031015
874,4974.219863010897
18,4984.263370838546
40251,5011.481821821448
39395,5011.481821821448
38539,6407.181800328586
37683,5955.307537129366
36827,5732.40335868705
35971,5726.8786321567295
35115,5726.8786321567295
34259,4941.776653479468
33403,4941.776653479468
32547,4778.125951826989
31691,4704.463527271462
30835,4641.433063568336
29979,4641.433063568336
29123,4797.530733947842
28267,4889.1773969928345
27411,4889.1773969928345
26555,6200.467108230543
25699,5773.168881042805
24843,5586.182680590503
23987,5571.936267025231
23131,5571.936267025231
22275,4887.657495374028
21419,4887.657495374028
20563,4644.899657111586
19707,4640.1186438852
18851,4665.871890460173
17995,4710.62470078722
17139,4821.969560839679
16283,4910.062303059321
15427,4910.062303059321
14571,7060.293132129558
13715,5887.437277319239
12859,5691.561400576102
12003,5723.404287696268
11147,5723.404287696268
10291,4955.121369547329
9435,4955.121369547329
8579,4854.096245232453
7723,4769.683411281695
6867,4771.654094968915
6011,4771.654094968915
5155,4818.352598759043
4299,4910.062303059321
3443,4910.062303059321
2587,6221.980251572753
1731,5807.240871933736
875,5620.254671481434
19,5606.008257916163
40252,6522.288534952837
39396,6488.510257384953
38540,7698.749320682292
37684,7282.182541204673
36828,7099.927464109488
35972,7100.195668412394
35116,7100.195668412394
34260,6452.583366610857
33404,6418.805089042973
32548,6163.446259883257
31692,6098.2436139067195
30836,6018.271845629042
29980,6018.271845629042
29124,6255.402784429436
28268,6399.984110124224
27412,6366.205832556339
26556,7482.150559002059
25700,7100.043885118112
24844,6953.706786012941
23988,6945.253303280896
23132,6945.253303280896
22276,6398.464208505417
21420,6364.685930937533
20564,6013.278660593302
19708,6016.957425945906
18852,6042.710672520879
17996,6087.463482847926
17140,6279.8416113212725
16284,6420.86901619071
15428,6387.0907386228255
14572,7995.154717051713
13716,7214.312281394546
12860,7059.08550599854
12004,7096.721323951932
11148,7096.721323951932
10292,6465.928082678718
9436,6432.149805110834
8580,6222.4752487141695
7724,6146.522193342401
6868,6148.492877029621
6012,6148.492877029621
5156,6276.224649240637
4300,6420.86901619071
3444,6387.0907386228255
2588,7503.663702344269
1732,7134.115876009043
876,6987.778776903872
20,6979.325294171827
40253,4437.322553951917
39397,4437.322553951917
38541,5590.742392148485
37685,5275.621103140812
36829,5037.839669203501
35973,5057.761973974735
35117,5057.761973974735
34261,4364.727237304821
33405,4364.727237304821
32549,4148.293713522156
31693,4070.180801319802
30837,4007.1503376166775
29981,4007.1503376166775
29125,4200.850206049228
28269,4307.677493171359
27413,4307.677493171359
26557,5379.577212403614
25701,5089.031959407423
24845,4887.168503460126
23989,4898.369121196409
23133,4898.369121196409
22277,4306.157591552553
21421,4306.157591552553
20565,4010.6169311599256
19709,4005.8359179335403
18853,4031.589164508512
17997,4076.341974835559
17141,4225.289032941065
16285,4328.562399237845
15429,4328.562399237845
14573,5883.927243831763
13717,5207.750843330685
12861,4996.997711092553
12005,5054.287629514273
11149,5054.287629514273
10293,4378.0719533726815
9437,4378.0719533726815
8581,4224.26400692762
7725,4139.8511729768625
6869,4141.821856664083
6013,4141.821856664083
5157,4221.672070860429
4301,4328.562399237845
3445,4328.562399237845
2589,5401.090355745824
1733,5123.103950298354
877,4921.240494351057
21,4932.44111208734
40254,6478.364660117857
39398,6478.364660117857
38542,7488.028627643081
37686,7199.997998141227
36830,7028.515785650951
35974,7015.994328130493
35118,7015.994328130493
34262,6413.168108300049
33406,6413.168108300049
32550,6124.031001572449
31694,6049.474820222972
30838,6022.446518523793
29982,6022.446518523793
29126,6227.72299272488
28270,6365.500631156387
27414,6365.500631156387
26558,7290.551270786783
25702,7036.980746878601
24846,6901.41651237834
23990,6908.460433844886
23134,6908.460433844886
22278,6363.98072953758
21422,6363.98072953758
20566,6022.732828422315
19710,6008.941312626425
18854,6034.694559201398
17998,6063.370777306225
17142,6239.971033402485
16286,6386.385537222873
15430,6386.385537222873
14574,7771.368915181971
13718,7132.1277383311
12862,6987.673827540003
12006,7012.519983670031
11150,7012.519983670031
10294,6426.51282436791
9438,6426.51282436791
8582,6183.059990403362
7726,6092.821620315683
6870,6094.792304002903
6014,6094.792304002903
5158,6227.455855556889
4302,6386.385537222873
3446,6386.385537222873
2590,7297.874788648029
1734,7056.863112288568
878,6921.2988777883065
22,6900.055733232897
40255,5411.393873975721
39399,5411.393873975721
38543,6650.935746368841
37687,6218.798866787873
36831,5979.300115727735
35975,5973.775389197414
35119,5973.775389197414
34263,5341.688705633742
33407,5341.688705633742
32551,5107.825948098242
31695,5036.810238908764
30839,5009.7819372095855
29983,5009.7819372095855
29127,5169.419303503127
28271,5289.089449147108
27415,5289.089449147108
26559,6440.847361876663
25703,6050.849836182276
24847,5847.269063112152
23991,5861.3097155688365
23135,5861.3097155688365
22279,5287.569547528302
21423,5287.569547528302
20567,5001.595995605137
19711,4992.659769231582
18855,5018.4130158065545
17999,5047.089233911382
17143,5178.050382100096
16287,5309.974355213594
15431,5309.974355213594
14575,7066.333386024077
13719,6165.11823245871
12863,5952.647783097751
12007,5984.490670217917
11151,5984.490670217917
10295,5355.0334217016025
9439,5355.0334217016025
8583,5194.715991503785
7727,5106.147944405857
6871,5108.118628093077
6015,5108.118628093077
5159,5178.050382100096
4303,5309.974355213594
3447,5309.974355213594
2591,6462.360505218873
1735,6070.732201592243
879,5867.151428522119
23,5852.9050149568475
40256,5540.960948679675
39400,5507.182671111791
38544,6233.301353555108
37688,6015.82249716513
36832,5820.986827943408
35976,5839.7520228060075
35120,5839.7520228060075
34264,5468.365632032579
33408,5434.587354464695
32552,5246.172844535837
31696,5186.139100190908
30840,5106.167331913231
29984,5106.167331913231
29128,5276.353951482766
28272,5420.935277177554
27416,5387.15699960967
26560,6044.378567102184
25704,5838.852742710177
24848,5679.935051478469
23992,5689.978559306118
23136,5689.978559306118
22280,5419.415375558748
21424,5385.637097990863
20568,5101.174146877491
19712,5104.852912230094
18856,5130.606158805067
18000,5175.358969132114
17144,5300.792778374603
16288,5441.82018324404
15432,5408.041905676156
14576,6487.987396347976
13720,5947.952237355003
12864,5780.144869832459
12008,5836.277678345546
11152,5836.277678345546
10296,5481.71034810044
9440,5447.932070532555
8584,5305.201833366749
7728,5229.248777994981
6872,5231.219461682201
6016,5231.219461682201
5160,5297.175816293967
4304,5441.82018324404
3448,5408.041905676156
2592,6065.891710444394
1736,5872.9247336011085
880,5714.007042369401
24,5724.050550197049
40257,7118.138054724379
39401,7118.138054724379
38545,8357.755677508783
37689,7991.92237294482
36833,7785.587161955754
35977,7788.483489295657
35121,7788.483489295657
34265,7048.432886382399
33409,7048.432886382399
32553,6791.4498397482885
31697,6723.486087151672
30841,6643.514318873995
29985,6643.514318873995
29129,6871.209216253315
28273,7000.7654092387365
27417,7000.7654092387365
26561,8146.088695171521
25705,7814.71549620123
24849,7644.298263202178
23993,7638.47290350713
23137,7638.47290350713
22281,6999.24550761993
21425,6999.24550761993
20569,6646.214019801305
19713,6642.199899190859
18857,6667.953145765831
18001,6712.705956092878
17145,6895.648043145152
16289,7021.650315305223
15433,7021.650315305223
14577,9005.433051924138
13721,7924.052113134693
12865,7744.7452038448055
12009,7785.009144835195
11153,7785.009144835195
10297,7061.77760245026
9441,7061.77760245026
8585,6850.478828579201
7729,6766.832887244383
6873,6768.803570931603
6017,6768.803570931603
5161,6892.031081064516
4305,7021.650315305223
3449,7021.650315305223
2593,8167.601838513731
1737,7848.787487092161
881,7678.370254093109
25,7672.544894398061
40258,6106.897017688845
39402,6106.897017688845
38546,6893.415835153
37690,6570.718530176669
36834,6325.156988482034
35978,6345.079293253268
35122,6345.079293253268
34266,6037.191849346866
33410,6037.191849346866
32554,5593.270426326866
31698,5502.412596524245
30842,5475.384294825066
29986,5475.384294825066
29130,5763.6283036268405
28274,5974.973203581795
27418,5974.973203581795
26562,6691.271379257485
25706,6393.150110292636
24850,6183.506546588014
23994,6222.994230346253
23138,6222.994230346253
22282,5973.453301962989
21426,5973.453301962989
20570,5477.421084555324
19714,5461.879088927698
18858,5487.632335502671
18002,5516.308553607498
17146,5775.876344304445
16290,5995.858109648281
15434,5995.858109648281
14578,7502.742067671267
13722,6517.037895847507
12866,6298.50465585205
12010,6355.79457427377
11154,6355.79457427377
10298,6050.536565414726
9442,6050.536565414726
8586,5680.160469732408
7730,5584.98665338041
6874,5586.95733706763
6018,5586.95733706763
5162,5772.25938222381
4306,5995.858109648281
3450,5995.858109648281
2594,6712.784522599695
1738,6413.032475702603
882,6203.388911997981
26,6214.589529734264
40259,6064.8892591588265
39403,6064.8892591588265
38547,7152.642807830937
37691,6891.932924064515
36835,6688.282789982296
35979,6707.047984844896
35123,6707.047984844896
34267,5995.184090816847
33411,5995.184090816847
32555,5726.620970980321
31699,5661.418325003783
30843,5598.387861300657
29987,5598.387861300657
29131,5812.561114458171
28275,5942.584834330213
27419,5942.584834330213
26563,6949.569475896007
25707,6709.7942679779535
24851,6542.062111885749
23995,6552.105619713398
23139,6552.105619713398
22283,5941.064932711407
21427,5941.064932711407
20571,5593.3946762649175
19715,5597.073441617521
18859,5622.826688192494
18003,5667.579498519541
17147,5836.999941350007
16291,5963.469740396699
15435,5963.469740396699
14579,7458.2146006872545
13723,6824.0626642543875
12867,6647.440831871348
12011,6703.573640384434
11155,6703.573640384434
10299,6008.528806884708
9443,6008.528806884708
8587,5802.591264385785
7731,5726.638209014016
6875,5728.608892701236
6019,5728.608892701236
5163,5833.382979269371
4307,5963.469740396699
3451,5963.469740396699
2595,6971.082619238217
1739,6743.866258868885
883,6576.13410277668
27,6586.177610604329
40260,4362.058622114828
39404,4362.058622114828
38548,5630.501455554091
37692,5307.80415057776
36836,5053.428144022628
35980,5073.350448793862
35124,5073.350448793862
34268,4292.353453772848
33412,4292.353453772848
32556,4138.138793541442
31700,4056.900353017257
30844,3993.8698893141323
29988,3993.8698893141323
29132,4140.531518272564
28276,4239.754197286215
27420,4239.754197286215
26564,5423.786763456048
25708,5125.665494491199
24852,4907.207465926081
23996,4918.408083662363
23140,4918.408083662363
22284,4238.234295667408
21428,4238.234295667408
20572,4004.912498826039
19716,3992.5554696309955
18860,4018.308716205968
18004,4063.061526533015
17148,4164.970345164401
16292,4260.639103352701
15436,4260.639103352701
14580,5965.689308862598
13724,5239.933890767633
12868,5012.586185911679
12012,5069.8761043334
11156,5069.8761043334
10300,4305.698169840709
9444,4305.698169840709
8588,4214.109086946906
7732,4122.1202370274905
6876,4124.090920714711
6020,4124.090920714711
5164,4161.353383083765
4308,4260.639103352701
3452,4260.639103352701
2596,5445.299906798258
1740,5159.73748538213
884,4941.279456817012
28,4952.480074553295
40261,4847.210824122318
39405,4847.210824122318
38549,6197.123842913492
37693,5788.059576935852
36837,5548.560825875715
35981,5543.036099345394
35125,5543.036099345394
34269,4777.505655780338
33413,4777.505655780338
32557,4591.64853355565
31701,4520.632824366172
30845,4457.602360663046
29989,4457.602360663046
29133,4613.700031042552
28277,4724.906399293704
27421,4724.906399293704
26565,5972.845832940349
25709,5605.920920849291
24853,5402.340147779168
23997,5388.093734213896
23141,5388.093734213896
22285,4723.386497674898
21429,4723.386497674898
20573,4458.422238840247
19717,4452.670978899274
18861,4478.424225474247
18005,4523.177035801294
17149,4634.5218958537525
16293,4745.791305360191
15437,4745.791305360191
14581,6613.2518560296585
13725,5720.189317125725
12869,5507.718867764766
12013,5539.561754884932
11157,5539.561754884932
10301,4790.850371848199
9445,4790.850371848199
8589,4667.618826961114
7733,4582.235746295769
6877,4584.206429982989
6021,4584.206429982989
5165,4634.5218958537525
4309,4745.791305360191
3453,4745.791305360191
2597,5994.3589762825595
1741,5639.992911740223
885,5436.412138670099
29,5422.165725104827
40262,6649.163495640004
39406,6615.38521807212
38550,7999.022472417118
37694,7633.094140064342
36838,7387.532598369707
35982,7407.454903140941
35126,7407.454903140941
34270,6579.458327298024
33414,6545.68004973014
32558,6321.578471036989
31702,6240.340030512804
30846,6213.311728813625
29990,6213.311728813625
29134,6395.491365397818
28278,6493.080793243506
27422,6493.080793243506
26566,7797.515761949641
25710,7465.1451094587455
24854,7255.501545754124
23998,7294.989229512363
23142,7294.989229512363
22286,6525.339169192584
21430,6491.5608916247
20574,6215.348518543884
19718,6199.806522916258
18862,6225.55976949123
18006,6254.235987596057
17150,6407.739406075423
16294,6547.743976877877
15438,6513.9656993099925
14582,8677.196452015713
13726,7579.41350573518
12870,7360.880265739723
12014,7418.170184161443
11158,7418.170184161443
10302,6592.803043365885
9446,6559.024765798001
8590,6408.468514442531
7734,6313.294698090533
6878,6315.265381777753
6022,6315.265381777753
5166,6404.122443994787
4310,6547.743976877877
3454,6513.9656993099925
2598,7819.0289052918515
1742,7485.0274748687125
886,7275.383911164091
30,7286.584528900374
40263,5494.37762807062
39407,5460.599350502735
38551,6800.730058863825
37695,6358.581764311135
36839,6127.897478111494
35983,6122.372751581173
35127,6122.372751581173
34271,5424.67245972864
33415,5390.894182160756
32559,5244.98492419656
31703,5163.746483672375
30847,5083.774715394698
29991,5083.774715394698
29135,5249.169275221264
28279,5372.073203242007
27423,5338.294925674123
26567,6594.015366765782
25711,6176.443108224574
24855,5981.676800014947
23999,5967.430386449675
23143,5967.430386449675
22287,5370.5533016232
21431,5336.775024055316
20575,5094.817324906605
19719,5082.460295711561
18863,5108.213542286534
18007,5152.966352613581
17151,5273.608102113099
16295,5392.958109308493
15439,5359.179831740608
14583,7468.070061170972
13727,6290.711504501008
12871,6087.055520000546
12015,6118.898407120711
11159,6118.898407120711
10303,5438.017175796502
9447,5404.2388982286175
8591,5304.013913027472
7735,5212.025063108056
6879,5213.995746795277
6023,5213.995746795277
5167,5269.991140032464
4311,5392.958109308493
3455,5359.179831740608
2599,6615.528510107993
1743,6210.515099115505
887,6015.748790905878
31,6001.5023773406065
40264,6639.915394024366
39408,6639.915394024366
38552,8064.3202423912635
37696,7646.742732094345
36840,7434.611418256938
35984,7416.297029903253
35128,7416.297029903253
34272,6570.210225682386
33416,6570.210225682386
32560,6287.986309650039
31704,6213.3536383799255
30848,6150.3231746768
29992,6150.3231746768
29136,6378.157224030134
28280,6517.610969195753
27424,6517.610969195753
26568,7831.060588567723
25712,7464.604076007784
24856,7288.390740160391
24000,7261.354664771755
23144,7261.354664771755
22288,6516.091067576946
21432,6516.091067576946
20576,6154.760014934636
19720,6149.008754993663
18864,6174.762001568636
18008,6219.514811895683
17152,6402.59605092197
16296,6538.495875262239
15440,6538.495875262239
14584,8738.680701166806
13728,7578.872472284218
12872,7393.76946014599
12016,7412.822685442791
11160,7412.822685442791
10304,6583.554941750247
9448,6583.554941750247
8592,6363.956603055503
7736,6278.573522390158
6880,6280.5442060773785
6024,6280.5442060773785
5168,6398.9790888413345
4312,6538.495875262239
3456,6538.495875262239
2600,7852.5737319099335
1744,7498.676066898715
888,7322.462731051322
32,7295.426655662686
40265,6591.693360878669
39409,6591.693360878669
38553,7659.640659777985
37697,7371.6100302761315
36841,7191.313352925359
35985,7178.791895404901
35129,7178.791895404901
34273,6519.098044231573
33417,6519.098044231573
32561,6236.874128199226
31705,6167.486848481358
30849,6140.458546782179
29993,6140.458546782179
29137,6353.3794361107575
28281,6476.599468719519
27425,6476.599468719519
26569,7467.332204553296
25713,7213.761680645114
24857,7069.382981284356
24001,7076.426902750903
23145,7076.426902750903
22289,6475.079567100713
21433,6475.079567100713
20577,6140.744856680701
19721,6126.953340884811
18865,6152.706587459784
18009,6181.382805564611
17153,6365.627476788362
16297,6497.484374786005
15441,6497.484374786005
14585,7956.224190942964
13729,7317.929395946969
12873,7164.661020295375
12017,7189.5071764254035
11161,7189.5071764254035
10305,6532.442760299434
9449,6532.442760299434
8593,6312.84442160469
7737,6222.606051517011
6881,6224.576735204231
6025,6224.576735204231
5169,6353.112298942767
4313,6497.484374786005
3457,6497.484374786005
2601,7474.655722414542
1745,7233.644046055081
889,7089.265346694323
33,7068.022202138914
40266,4912.037918510163
39410,4912.037918510163
38554,6173.033178769151
37698,5784.652615366132
36842,5545.153864305994
35986,5539.629137775673
35130,5539.629137775673
34274,4842.332750168183
33418,4842.332750168183
32562,4625.539303189216
31706,4552.575884665722
30850,4525.547582966543
29994,4525.547582966543
29138,4687.645370430423
28282,4796.879454052592
27426,4796.879454052592
26570,5987.654072523115
25714,5623.8495451315775
24858,5420.268772061454
24002,5434.309424518138
23146,5434.309424518138
22290,4795.359552433786
21434,4795.359552433786
20578,4526.455311067154
19722,4512.042377069175
18866,4537.795623644148
18010,4566.471841748975
17154,4699.893411108028
16298,4817.764360119078
15442,4817.764360119078
14586,6855.785014158526
13730,5730.971981036969
12874,5518.50153167601
12018,5550.344418796176
11162,5550.344418796176
10306,4855.677466236044
9450,4855.677466236044
8594,4712.4293465947585
7738,4618.384591872407
6882,4620.355275559627
6026,4620.355275559627
5170,4696.276449027392
4314,4817.764360119078
3458,4817.764360119078
2602,6009.1672158653255
1746,5643.7319105415445
890,5440.151137471421
34,5425.904723906149
40267,4978.910540854158
39411,4945.132263286274
38555,6137.815065509986
37699,5822.693776502313
36843,5577.132234807677
35987,5597.054539578911
35131,5597.054539578911
34275,4906.315224207062
33419,4872.536946639178
32563,4745.187373280402
31707,4676.693850356484
30851,4649.665548657305
29995,4649.665548657305
29139,4773.769602463491
28283,4858.884869352037
27427,4825.106591784152
26571,5950.458900524516
25715,5659.913647528325
24859,5450.270083823703
24003,5489.757767581942
23147,5489.757767581942
22291,4857.3649677332305
21435,4823.586690165346
20579,4644.126322418906
19723,4636.1603427599375
18867,4661.91358933491
18011,4665.9137192976905
17155,4777.119427376136
16299,4879.769775418523
15443,4845.991497850639
14587,6771.158674766997
13731,5754.823516692186
12875,5536.290276696729
12019,5593.580195118449
11163,5593.580195118449
10307,4919.6599402749225
9451,4885.881662707038
8595,4804.216362111315
7739,4719.803528160557
6883,4721.774211847777
6027,4721.774211847777
5171,4773.5024652955
4315,4879.769775418523
3459,4845.991497850639
2603,5957.782418385762
1747,5679.796012938292
891,5470.15244923367
35,5481.353066969953
40268,5133.052421660572
39412,5133.052421660572
38556,5923.169721874239
37700,5705.690865484261
36844,5502.040731402042
35988,5520.805926264642
35132,5520.805926264642
34276,5067.855869842764
33420,5067.855869842764
32564,4852.576273041275
31708,4787.373627064738
30852,4760.345325365559
29996,4760.345325365559
29140,4906.321895463279
28284,5015.25661335613
27428,5015.25661335613
26572,5743.267659270671
25716,5537.741834878664
24860,5370.0096787864595
24004,5408.340252636064
23148,5408.340252636064
22292,5013.736711737324
21436,5013.736711737324
20580,4746.34632054817
19724,4746.840119468191
18868,4772.593366043164
18012,4793.534800580495
17156,4909.671720375924
16300,5036.1415194226165
15444,5036.1415194226165
14588,6184.009429607696
13732,5637.820605674134
12876,5461.198773291094
12020,5517.33158180418
11164,5517.33158180418
10308,5081.200585910625
9452,5081.200585910625
8596,4928.546566446739
7740,4852.593511074971
6884,4854.564194762191
6028,4854.564194762191
5172,4906.054758295289
4316,5036.1415194226165
3460,5036.1415194226165
2604,5750.591177131917
1748,5557.624200288631
892,5389.8920441964265
36,5399.935552024075
40269,6901.336655339434
39413,6901.336655339434
38557,7975.870450484447
37701,7607.448557339696
36845,7435.96634484942
35989,7423.444887328962
35133,7423.444887328962
34277,6831.631486997455
33421,6831.631486997455
32565,6557.0519860926
31709,6482.495804743123
30853,6455.467503043944
29997,6455.467503043944
29141,6660.743977245031
28285,6783.964009853792
27429,6783.964009853792
26573,7778.3930936281495
25717,7444.43130607707
24861,7308.8670715768085
24005,7315.910993043355
23149,7315.910993043355
22293,6782.444108234986
21437,6782.444108234986
20581,6455.753812942466
19725,6441.962297146576
18869,6467.715543721549
18013,6496.391761826376
17157,6672.992017922636
16301,6804.848915920278
15445,6804.848915920278
14589,8256.73642353115
13733,7553.767923010533
12877,7409.314012219436
12021,7434.160168349465
11165,7434.160168349465
10309,6844.9762030653155
9453,6844.9762030653155
8597,6643.942029498142
7741,6550.51869297788
6885,6552.4893766651
6029,6552.4893766651
5173,6669.375055842
4317,6804.848915920278
3461,6804.848915920278
2605,7785.716611489395
1749,7464.313671487037
893,7328.749436986775
37,7307.506292431366
40270,6404.604387908052
39414,6404.604387908052
38558,7560.2437695719245
37702,7193.792426802801
36846,7013.495749452029
35990,7000.97429193157
35134,7000.97429193157
34278,6334.899219566072
33422,6334.899219566072
32566,6052.675303533725
31710,5975.157893216905
30854,5948.129591517726
29998,5948.129591517726
29142,6161.050480846305
28286,6282.299963079438
27430,6282.299963079438
26574,7357.834633372656
25718,7025.843396197204
24862,6881.464696836446
24006,6888.5086183029925
23150,6888.5086183029925
22294,6280.780061460632
21438,6280.780061460632
20582,5946.44535104062
19726,5934.624385620358
18870,5960.377632195331
18014,5989.053850300158
17158,6173.29852152391
16302,6303.1848691459245
15446,6303.1848691459245
14590,7857.479399495191
13734,7140.111792473638
12878,6986.843416822045
12022,7011.689572952073
11166,7011.689572952073
10310,6348.243935633933
9454,6348.243935633933
8598,6128.645596939189
7742,6040.377777227138
6886,6042.348460914358
6030,6042.348460914358
5174,6160.783343678314
4318,6303.1848691459245
3462,6303.1848691459245
2606,7365.158151233902
1750,7045.725761607171
894,6901.347062246413
38,6880.1039176910035
40271,6217.807557781531
39415,6217.807557781531
38559,7376.319877362404
37703,6981.574035010521
36847,6778.25718603361
35991,6759.942797679925
35135,6759.942797679925
34279,6145.212241134435
33423,6145.212241134435
32567,5917.5190702915415
31711,5859.065979885578
30855,5832.037678186398
29999,5832.037678186398
29143,5984.030629352448
28287,6102.71366562238
27431,6102.71366562238
26575,7193.895491719905
25719,6823.725685379503
24863,6656.326814392607
24007,6657.577805025927
23151,6657.577805025927
22295,6101.193764003575
21439,6101.193764003575
20583,5821.389798773017
19727,5818.53247228903
18871,5844.285718864003
18015,5872.96193696883
17159,5996.278670030053
16303,6123.598571688867
15447,6123.598571688867
14591,8022.723730683225
13735,6927.893400681358
12879,6751.604853403626
12023,6770.658078700428
11167,6770.658078700428
10311,6158.556957202295
9455,6158.556957202295
8599,6004.409113697085
7743,5921.919966488726
6887,5923.890650175947
6031,5923.890650175947
5175,5992.661707949417
4319,6123.598571688867
3463,6123.598571688867
2607,7215.4086350621155
1751,6843.60805078947
895,6676.209179802574
39,6649.173104413938
40272,7126.297613592407
39416,7092.519336024523
38560,8695.402945186
37704,8213.714412356323
36848,7983.030126156682
35992,7977.505399626361
35136,7977.505399626361
34280,7053.702296945312
33424,7019.924019377428
32568,6787.7452434351835
31712,6735.079949502094
30856,6708.051647802916
30000,6708.051647802916
29144,6894.875266065211
28288,6972.493664522402
27432,6972.493664522402
26576,8481.501818475037
25720,8050.934283382335
24864,7856.167975172708
24008,7870.208627629392
23152,7870.208627629392
22296,7004.7520404714805
21440,6970.973762903596
20584,6686.684192573688
19728,6694.546441905548
18872,6720.299688480521
18016,6748.975906585348
17160,6907.123306742816
16304,7027.156848156773
15448,6993.378570588889
14592,9374.718646106398
13736,8160.03377802716
12880,7956.377793526698
12024,7988.220680646864
11168,7988.220680646864
10312,7067.047013013172
9456,7033.268735445287
8600,6874.635286840727
7744,6802.865715448214
6888,6804.836399135434
6032,6804.836399135434
5176,6903.50634466218
4320,7027.156848156773
3464,6993.378570588889
2608,8503.014961817245
1752,8070.816648792302
896,7876.050340582675
40,7861.803927017403
40273,5657.724069400916
39417,5657.724069400916
38561,6357.844407114236
37705,6113.044804988826
36849,5941.562592498552
35993,5929.041134978093
35137,5929.041134978093
34281,5585.12875275382
33425,5585.12875275382
32569,5349.275169061257
31713,5279.887889343388
30857,5252.85958764421
30001,5252.85958764421
29145,5404.852538810259
28289,5542.6301772417655
27433,5542.6301772417655
26577,6174.517595739944
25721,5955.196455357809
24865,5819.632220857548
24009,5826.676142324095
23153,5826.676142324095
22297,5541.110275622959
21441,5541.110275622959
20585,5253.145897542731
19729,5239.354381746842
18873,5265.107628321814
18017,5293.7838464266415
17161,5417.100579487864
16305,5563.515083308252
15449,5563.515083308252
14593,6649.413435181835
13737,6045.174545178699
12881,5900.720634387603
12025,5925.5667905176315
11169,5925.5667905176315
10313,5598.47346882168
9457,5598.47346882168
8601,5408.304157892169
7745,5318.06578780449
6889,5320.0364714917105
6033,5320.0364714917105
5177,5404.585401642268
4321,5563.515083308252
3465,5563.515083308252
2609,6181.84111360119
1753,5975.078820767776
897,5839.514586267515
41,5818.271441712106
40274,7387.995556697096
39418,7354.217279129211
38562,8494.649655457917
37706,8207.434855953114
36850,7989.240751481209
35994,7996.373394429079
35138,7996.373394429079
34282,7343.561382822146
33426,7309.7831052542615
32570,6941.568852646928
31714,6894.706772635113
30858,6867.6784709359345
30002,6867.6784709359345
29146,7118.361486912454
28290,7281.342737057075
27434,7247.564459489191
26578,8283.523555712003
25722,8029.866436069081
24866,7847.59030958719
24010,7874.288331522064
23154,7874.288331522064
22298,7267.6320492240375
21442,7233.853771656153
20586,6825.719510875386
19730,6854.173265038567
18874,6879.926511613539
18018,6908.602729718366
17162,7130.609527590059
16306,7290.03685690933
15450,7256.2585793414455
14594,8838.952340967386
13738,8153.754221623952
12882,7962.5884188512255
12026,8007.088675449581
11170,8007.088675449581
10314,7341.309100177825
9458,7307.5308226099405
8602,7000.59784147784
7746,6952.6047413492315
6890,6954.575425036452
6034,6954.575425036452
5178,7118.094349744463
4322,7286.63064441138
3466,7252.8523668434955
2610,8290.847073573248
1754,8049.748801479048
898,7867.472674997157
42,7865.883630910075
40275,6432.807502718415
39419,6399.029225150531
38563,7433.627267898891
37707,7150.269624356958
36851,6932.075519885054
35995,6930.642814603504
35139,6930.642814603504
34283,6363.1023343764355
33427,6329.324056808551
32571,6159.402810777362
31715,6087.718027973381
30859,6060.689726274202
30003,6060.689726274202
29147,6203.246636019178
28291,6315.434857232773
27435,6281.656579664888
26579,7246.033980624783
25723,6987.252373094332
24867,6804.976246612442
24011,6823.108920317897
23155,6823.108920317897
22299,6313.914955613966
21443,6280.136678046082
20587,6058.104637627228
19731,6047.184520376834
18875,6072.937766951807
18019,6101.613985056634
17163,6215.494676696783
16307,6336.319763299259
15451,6302.541485731374
14595,8062.217926502536
13739,7096.588990027795
12883,6905.42318725507
12027,6941.358095624007
11171,6941.358095624007
10315,6376.447050444296
9459,6342.668772876412
8603,6246.292854182904
7747,6155.7409162081385
6891,6157.711599895359
6035,6157.711599895359
5179,6211.877714616147
4323,6336.319763299259
3467,6302.541485731374
2611,7267.547123966993
1755,7007.134738504299
899,6824.858612022409
43,6814.704219705908
40276,4976.446990642561
39420,4976.446990642561
38564,5942.801003067912
37708,5725.958110894146
36852,5508.850035300169
35996,5538.891776476894
35140,5538.891776476894
34284,4906.741822300582
33428,4906.741822300582
32572,4760.171577196667
31716,4694.96893122013
30860,4667.940629520951
30004,4667.940629520951
29148,4792.044683327136
28292,4854.142565813948
27436,4854.142565813948
26580,5762.8989404643435
25724,5558.009080288549
24868,5376.818982684586
24012,5426.426102848316
23156,5426.426102848316
22300,4852.622664195142
21444,4852.622664195142
20588,4653.941624703562
19732,4654.435423623583
18876,4680.188670198556
18020,4708.864888303383
17164,4804.292724004741
16308,4875.027471880434
15452,4875.027471880434
14596,6590.07357197115
13740,5672.277476564983
12884,5482.197702670185
12028,5549.607057497396
11172,5549.607057497396
10316,4920.086538368442
9460,4920.086538368442
8604,4847.06162060221
7748,4767.923598797858
6892,4769.894282485078
6036,4769.894282485078
5180,4800.675761924105
4324,4875.027471880434
3468,4875.027471880434
2612,5770.222458325589
1756,5577.891445698516
900,5396.701348094553
44,5418.021402236327
40277,5473.322818369698
39421,5473.322818369698
38565,6438.016869625485
37709,6064.681117524309
36853,5873.611575568628
35997,5873.879779871534
35141,5873.879779871534
34285,5403.617650027719
33429,5403.617650027719
32573,5174.677257030409
31717,5109.474611053872
30861,5046.444147350746
30005,5046.444147350746
29149,5220.994673669043
28293,5351.018393541085
27437,5351.018393541085
26581,6230.3997517956495
25725,5882.542461437748
24869,5727.390897472081
24013,5718.937414740036
23157,5718.937414740036
22301,5349.498491922279
21445,5349.498491922279
20589,5041.450962315006
19733,5045.12972766761
18877,5070.882974242582
18021,5115.635784569629
17165,5245.433500560879
16309,5371.903299607571
15453,5371.903299607571
14597,6695.01518713298
13741,5996.810857714182
12885,5832.7696174576795
12029,5870.405435411072
11173,5870.405435411072
10317,5416.9623660955795
9461,5416.9623660955795
8605,5250.647550435873
7749,5174.694495064105
6893,5176.665178751325
6037,5176.665178751325
5181,5241.816538480243
4325,5371.903299607571
3469,5371.903299607571
2613,6251.91289513786
1757,5916.614452328679
901,5761.462888363012
45,5753.009405630967
40278,5835.003592352148
39422,5835.003592352148
38566,7091.627043005308
37710,6630.096923948742
36854,6399.412637749101
35998,6393.887911218781
35142,6393.887911218781
34286,5769.807040534341
33430,5769.807040534341
32574,5548.511062664523
31718,5491.375873131856
30862,5464.347571432678
30006,5464.347571432678
29150,5622.787476937738
28294,5724.353744418749
27438,5724.353744418749
26582,6888.684618884173
25726,6469.293853714188
24870,6274.527545504561
24014,6288.5681979612455
23158,6288.5681979612455
22302,5722.833842799943
21446,5722.833842799943
20590,5449.42707054246
19734,5450.84236553531
18878,5476.595612110283
18022,5505.27183021511
17166,5635.0355176153425
16310,5745.238650485236
15454,5745.238650485236
14598,7487.66133496163
13742,6562.226664138615
12886,6358.570679638153
12030,6390.413566758319
11174,6390.413566758319
10318,5783.1517566022
9462,5783.1517566022
8606,5607.540051495434
7750,5538.955446535506
6894,5540.926130222725
6038,5540.926130222725
5182,5622.520339769747
4326,5745.238650485236
3470,5745.238650485236
2614,6896.008136745419
1758,6489.176219124155
902,6294.409910914528
46,6280.163497349256
40279,7290.220503485296
39423,7256.442225917412
38567,8570.425615541313
37711,8251.899735389343
36855,8033.705630917438
35999,8040.838273865307
35143,8040.838273865307
34287,7220.515335143316
33431,7186.737057575432
32575,6948.97468268646
31719,6885.352690648887
30863,6805.38092237121
30007,6805.38092237121
29151,7033.07581975053
28295,7172.847857999654
27439,7139.069580431769
26583,8359.661058935842
25727,8074.6928586457525
24871,7892.4167321638615
24015,7890.82768807678
23159,7890.82768807678
22303,7171.327956380847
21447,7137.549678812963
20591,6803.738862739477
19735,6804.066502688073
18879,6829.819749263046
18023,6874.572559590093
17167,7057.514646642367
16311,7193.73276406614
15455,7159.954486498255
14599,9250.691705174582
13743,8184.029475579216
12887,7992.863672806489
12031,8037.363929404845
11175,8037.363929404845
10319,7233.860051211177
9463,7200.081773643293
8607,7008.003671517373
7751,6928.699490741597
6895,6930.6701744288175
6039,6930.6701744288175
5183,7053.897684561731
4327,7193.73276406614
3471,7159.954486498255
2615,8381.17420227805
1759,8108.764849536684
903,7926.488723054793
47,7924.899678967711
40280,6757.786564107421
39424,6757.786564107421
38568,8199.332135092693
37712,7786.376503173009
36856,7574.245189335604
36000,7555.930800981919
35144,7555.930800981919
34288,6688.081395765442
33432,6688.081395765442
32576,6405.857479733095
31720,6340.778466183185
30864,6313.750164484006
30008,6313.750164484006
29152,6526.671053812584
28296,6640.413918621779
27440,6640.413918621779
26584,7985.1938860930895
25728,7623.359251910383
24872,7447.145916062992
24016,7448.396906696312
23160,7448.396906696312
22304,6638.894017002973
21448,6638.894017002973
20592,6304.559306582961
19736,6300.244958586638
18880,6325.998205161611
18024,6354.674423266438
17168,6538.919094490189
16312,6661.298824688265
15456,6661.298824688265
14600,8859.188917900483
13744,7732.695868843846
12888,7547.59285670562
12032,7566.646082002421
11176,7566.646082002421
10320,6701.4261118333025
9464,6701.4261118333025
8608,6492.747523138637
7752,6408.801354417942
6896,6410.772038105162
6040,6410.772038105162
5184,6535.302132409553
4328,6661.298824688265
3472,6661.298824688265
2616,7992.517403954335
1760,7643.24161732035
904,7467.028281472959
48,7439.992206084323
40281,5111.845523744193
39425,5078.067246176309
38569,5888.27951931212
37713,5670.800662922142
36857,5475.96499370042
36001,5494.7301885630195
35145,5494.7301885630195
34289,5042.140355402214
33433,5008.362077834329
32577,4877.973656027555
31721,4812.771010051018
30865,4785.742708351839
30009,4785.742708351839
29153,4919.282803579097
28297,4989.54109891558
27441,4955.7628213476955
26585,5708.377456708552
25729,5502.851632316545
24873,5343.933941084837
24017,5382.264514934442
23161,5382.264514934442
22305,4988.021197296774
21449,4954.242919728889
20593,4771.74370353445
19737,4772.237502454471
18881,4797.990749029444
18025,4826.666967134271
17169,4931.530844256702
16313,5010.426004982066
15457,4976.647727414182
14601,6136.577100407515
13745,5617.120028592979
12889,5449.312661070436
12033,5505.445469583522
11177,5505.445469583522
10321,5055.485071470074
9465,5021.70679390219
8609,4964.863699433097
7753,4885.725677628746
6897,4887.696361315966
6041,4887.696361315966
5185,4927.913882176066
4329,5010.426004982066
3473,4976.647727414182
2617,5715.700974569798
1761,5522.733997726512
905,5363.816306494804
49,5373.859814322453
40282,4306.678219480303
39426,4457.29499587762
38570,5368.646474817639
37714,5045.949169841308
36858,4800.387628146671
36002,4811.744584688487
35146,4811.744584688487
34290,4236.973051138323
33434,4387.58982753564
32578,4075.845200211664
31722,3994.6067596874777
30866,3967.5784579882993
30010,3967.5784579882993
29154,4091.6825117944854
28298,4184.373794651689
27442,4334.990571049007
26586,5176.12140820056
25730,4878.00013923571
24874,4668.356575531088
24018,4699.278911059908
23162,4699.278911059908
22306,4182.853893032884
21450,4333.470669430201
20594,3969.6152477185574
19738,3954.073252090931
18882,3979.8264986659033
18026,4008.5027167707312
17170,4103.93055247209
16314,4205.258700718176
15458,4355.875477115494
14602,5705.793973189463
13746,4978.07891003118
12890,4759.545670035724
12034,4808.270240228024
11178,4808.270240228024
10322,4250.317767206184
9466,4400.934543603501
8610,4134.874189042576
7754,4042.88533912316
6898,4044.856022810381
6042,4044.856022810381
5186,4091.4153746264947
4330,4205.258700718176
3474,4355.875477115494
2618,5183.444926061805
1762,4897.882504645678
906,4688.238940941056
50,4690.87421044792
40283,5520.784441268792
39427,5565.415213909394
38571,6749.209632590706
37715,6307.061338038016
36859,6076.377051838375
36003,6070.852325308054
35147,6070.852325308054
34291,5471.841650869669
33435,5516.472423510271
32579,5242.212277510415
31723,5161.672843018264
30867,5134.644541319086
30011,5134.644541319086
29155,5279.423650628324
28299,5426.388354754078
27443,5471.019127394682
26587,6563.83052634467
25731,6146.258267803461
24875,5951.491959593835
24019,5965.53261205052
23163,5965.53261205052
22307,5412.67766692104
21451,5457.308439561644
20595,5143.128285388354
19739,5121.139335421718
18883,5146.892581996691
18027,5175.568800101518
17171,5291.671691305929
16315,5435.082474606333
15459,5479.713247246937
14603,7425.296214273756
13747,6253.380703708854
12891,6049.7247192083905
12035,6081.567606328557
11179,6081.567606328557
10323,5469.589368225347
9467,5514.220140865951
8611,5301.24126634133
7755,5209.252416421914
6899,5211.223100109133
6043,5211.223100109133
5187,5279.156513460333
4331,5431.676262108383
3475,5476.307034748987
2619,6571.154044205917
1763,6166.140633213429
907,5971.3743250038015
51,5957.12791143853
40284,5514.513441137589
39428,5514.513441137589
38572,6303.0805700296
37716,5979.86025463692
36860,5808.378042146645
36004,5795.856584626187
35148,5795.856584626187
34292,5465.5706507384675
33436,5465.5706507384675
32580,5214.120068333723
31724,5137.301664048935
30868,5110.273362349756
30012,5110.273362349756
29156,5268.713267854816
28300,5420.1173546228765
27444,5420.1173546228765
26588,6116.799038051771
25732,5819.057184402366
24876,5683.4929499021055
24020,5690.536871368652
23164,5690.536871368652
22308,5406.406666789839
21452,5406.406666789839
20596,5115.036076211661
19740,5096.768156452388
18884,5122.521403027361
18028,5151.197621132188
17172,5280.961308532421
16316,5428.811474475131
15460,5428.811474475131
14604,6569.420100925246
13748,5926.179620307757
12892,5781.7257095166615
12036,5792.382240165725
11180,5792.382240165725
10324,5463.3183680941465
9468,5463.3183680941465
8612,5273.149057164635
7756,5184.881237452584
6900,5186.851921139804
6044,5186.851921139804
5188,5268.446130686825
4332,5425.405261977181
3476,5425.405261977181
2620,6124.122555913017
1764,5838.939549812333
908,5703.375315312072
52,5682.132170756663
40285,6523.289809662328
39429,6523.289809662328
38573,7703.556831240722
37717,7334.319001495231
36861,7122.187687657824
36005,7103.873299304139
35149,7103.873299304139
34293,6453.584641320348
33437,6453.584641320348
32581,6224.6442483230385
31725,6160.052009570878
30869,6097.021545867752
30013,6097.021545867752
29157,6271.572072186049
28301,6405.917164176685
27445,6405.917164176685
26589,7484.2106006105505
25733,7157.11212475164
24877,6980.898788904248
24021,6953.862713515612
23165,6953.862713515612
22309,6404.397262557879
21453,6404.397262557879
20597,6096.349732950606
19741,6095.707126184616
18885,6121.460372759589
18029,6166.213183086636
17173,6296.010899077885
16317,6426.802070243171
15461,6426.802070243171
14605,8006.2896545899175
13749,7266.448741685103
12893,7081.345729546876
12037,7100.3989548436775
11181,7100.3989548436775
10325,6466.929357388209
9469,6466.929357388209
8613,6300.614541728502
7757,6220.34011423814
6901,6222.31079792536
6045,6222.31079792536
5189,6292.3939369972495
4333,6426.802070243171
3477,6426.802070243171
2621,7505.723743952761
1765,7191.184115642572
909,7014.97077979518
53,6987.9347044065435
40286,5360.258546884723
39430,5360.258546884723
38574,6623.165361239589
37718,6191.028481658621
36862,5951.529730598483
36006,5946.005004068163
35150,5946.005004068163
34294,5290.553378542743
33438,5290.553378542743
32582,5061.612985545434
31726,4986.98031427532
30870,4959.952012576141
30014,4959.952012576141
29158,5119.589378869682
28302,5237.95412205611
27446,5237.95412205611
26590,6413.076976747411
25734,6023.079451053024
24878,5819.4986779829005
24022,5833.539330439585
23166,5833.539330439585
22310,5236.434220437303
21454,5236.434220437303
20598,4955.383033052329
19742,4946.446806678773
18886,4972.200053253746
18030,5000.876271358573
17174,5131.837419547287
16318,5258.839028122596
15462,5258.839028122596
14606,7257.9830017045315
13750,6137.347847329458
12894,5924.877397968499
12038,5956.720285088665
11182,5956.720285088665
10326,5303.898094610604
9470,5303.898094610604
8614,5148.503028950976
7758,5059.934981853048
6902,5061.905665540268
6046,5061.905665540268
5190,5128.220457466651
4334,5258.839028122596
3478,5258.839028122596
2622,6434.590120089621
1766,6042.961816462991
910,5839.3810433928675
54,5825.134629827596
40287,5404.70511522595
39431,5404.70511522595
38575,6051.523307006831
37719,5834.044450616852
36863,5639.20878139513
36007,5657.97397625773
35151,5657.97397625773
34295,5334.999946883971
33439,5334.999946883971
32583,5127.3647652099735
31727,5062.162119233436
30871,5035.133817534257
30015,5035.133817534257
29159,5173.465972504486
28303,5282.400690397337
27447,5282.400690397337
26591,5871.621244403263
25735,5666.095420011256
24879,5507.177728779548
24023,5545.508302629152
23167,5545.508302629152
22311,5280.880788778531
21455,5280.880788778531
20599,5021.1348127168685
19743,5021.628611636889
18887,5047.381858211862
18031,5076.058076316689
17175,5185.714013182091
16319,5303.285596463823
15463,5303.285596463823
14607,6288.7119810167915
13751,5766.174190806725
12895,5598.366823284182
12039,5654.499631797268
11183,5654.499631797268
10327,5348.344662951831
9471,5348.344662951831
8615,5186.393754040886
7759,5110.440698669117
6903,5112.4113823563375
6047,5112.4113823563375
5191,5173.198835336495
4335,5303.285596463823
3479,5303.285596463823
2623,5878.944762264508
1767,5685.9777854212225
911,5527.0600941895145
55,5537.103602017163
40288,4553.749470439729
39432,4553.749470439729
38576,5431.574416015538
37720,5214.09555962556
36864,5010.445425543341
36008,5029.210620405941
35152,5029.210620405941
34296,4484.044302097749
33440,4484.044302097749
32584,4312.233187595599
31728,4247.030541619061
30872,4184.000077915935
30016,4184.000077915935
29160,4340.097748295441
28304,4431.445045611115
27448,4431.445045611115
26592,5237.482727931006
25736,5031.956903538999
24880,4864.224747446794
24024,4874.268255274443
23168,4874.268255274443
22312,4429.925143992309
21456,4429.925143992309
20600,4179.006892880196
19744,4182.685658232799
18888,4208.438904807772
18032,4253.191715134819
17176,4364.536575187278
16320,4452.3299516776015
15464,4452.3299516776015
14608,5708.017803541518
13752,5146.225299815433
12896,4969.603467432393
12040,5025.736275945479
11184,5025.736275945479
10328,4497.38901816561
9472,4497.38901816561
8616,4388.203481001063
7760,4312.250425629294
6904,4314.221109316514
6048,4314.221109316514
5192,4360.919613106642
4336,4452.3299516776015
3480,4452.3299516776015
2624,5258.995871273216
1768,5066.02889442993
912,4898.296738337725
56,4908.340246165374
40289,6169.930351680149
39433,6218.923321466909
38577,7172.195554376084
37721,6884.164924874231
36865,6712.682712383955
36009,6700.161254863497
35153,6700.161254863497
34297,6097.335035033053
33441,6146.328004819813
32585,5808.1979283054525
31729,5738.810648587584
30873,5711.782346888405
30017,5711.782346888405
29161,5917.058821089492
28305,6054.836459520999
27449,6103.829429307759
26593,6979.887099151395
25737,6726.316575243213
24881,6590.752340742952
24025,6597.796262209498
23169,6597.796262209498
22313,6053.3165579021925
21457,6102.309527688953
20601,5712.068656786927
19745,5698.277140991037
18889,5724.03038756601
18033,5752.706605670837
17177,5929.306861767097
16321,6075.721365587485
15465,6124.714335374245
14609,7468.927258625998
13753,6816.294665064103
12897,6671.8407542730065
12041,6696.686910403035
11185,6696.686910403035
10329,6110.679751100914
9473,6159.672720887674
8617,5867.226917136365
7761,5776.988547048686
6905,5778.959230735906
6049,5778.959230735906
5193,5916.791683921501
4337,6075.721365587485
3481,6124.714335374245
2625,6987.210617012641
1769,6746.19894065318
913,6610.634706152919
57,6589.391561597509
40290,6203.93095510726
39434,6252.92392489402
38578,7278.464750252273
37722,6910.042857107522
36866,6738.560644617246
36010,6726.039187096788
35154,6726.039187096788
34298,6134.225786765281
33442,6183.218756552041
32586,5859.646285860425
31730,5785.090104510949
30874,5758.06180281177
30018,5758.06180281177
29162,5963.338277012856
28306,6086.558309621618
27450,6135.551279408378
26594,7080.987393395975
25738,6747.025605844896
24882,6611.461371344634
24026,6618.505292811181
23170,6618.505292811181
22314,6085.038408002812
21458,6134.031377789572
20602,5758.348112710291
19746,5744.556596914402
18890,5770.3098434893745
18034,5798.986061594202
17178,5975.586317690461
16322,6107.443215688104
15466,6156.436185474864
14610,7559.330723298974
13754,6856.362222778359
12898,6711.908311987262
12042,6736.75446811729
11186,6736.75446811729
10330,6147.570502833141
9474,6196.563472619901
8618,5946.536329265968
7762,5853.112992745706
6906,5855.083676432926
6050,5855.083676432926
5194,5971.9693556098255
4338,6107.443215688104
3482,6156.436185474864
2626,7102.5005367381855
1770,6766.907971254863
914,6631.343736754601
58,6610.100592199192
40291,6698.359565445963
39435,6698.359565445963
38579,7823.011007493611
37723,7464.658691109494
36867,7235.6917220326795
36011,7255.6140268039135
35155,7255.6140268039135
34299,6649.416775046841
33443,6649.416775046841
32587,6244.944383467493
31731,6161.6625696335295
30875,6134.634267934351
30019,6134.634267934351
29163,6371.6564877150495
28307,6587.198129281771
27451,6587.198129281771
26595,7611.884907747698
25739,7287.09027122546
24883,7094.04128013866
24027,7133.528963896899
23171,7133.528963896899
22315,6573.487441448733
21459,6573.487441448733
20603,6129.095041695951
19747,6121.129062036983
18891,6146.8823086119555
18035,6175.558526716783
17179,6383.904528392654
16323,6595.892249134025
15467,6595.892249134025
14611,8457.515648367633
13755,7410.978056780331
12899,7209.039389402696
12043,7266.329307824416
11187,7266.329307824416
10331,6647.16449240252
9475,6647.16449240252
8619,6303.973372298406
7763,6219.560538347648
6907,6221.531222034868
6051,6221.531222034868
5195,6371.389350547059
4339,6592.486036636075
3483,6592.486036636075
2627,7619.208425608944
1771,7306.972636635427
915,7113.923645548627
59,7125.12426328491
40292,5484.064406728203
39436,5484.064406728203
38580,6444.118653595705
37724,6063.107941542531
36868,5872.03839958685
36012,5872.306603889756
35156,5872.306603889756
34300,5414.359238386223
33444,5414.359238386223
32588,5185.418845388914
31732,5107.901435072094
30876,5080.873133372915
30020,5080.873133372915
29164,5240.510499666456
28308,5361.75998189959
27452,5361.75998189959
26596,6250.691161246834
25740,5895.158910936934
24884,5740.007346971267
24028,5759.840930261178
23172,5759.840930261178
22316,5360.240080280783
21460,5360.240080280783
20604,5079.188892895809
19748,5067.367927475547
18892,5093.12117405052
18036,5121.797392155347
17180,5252.758540344061
16324,5382.644887966076
15468,5382.644887966076
14612,6706.306237915452
13756,6009.427307213368
12900,5845.386066956866
12044,5883.021884910258
11188,5883.021884910258
10332,5427.703954454084
9476,5427.703954454084
8620,5272.308888794456
7764,5180.856102649822
6908,5182.826786337042
6052,5182.826786337042
5196,5249.141578263425
4340,5382.644887966076
3484,5382.644887966076
2628,6258.01467910808
1772,5915.041276346901
916,5759.889712381234
60,5751.436229649189
40293,6662.437759918643
39437,6662.437759918643
38581,7813.666470765973
37725,7451.837006374082
36869,7271.54032902331
36013,7259.018871502852
35157,7259.018871502852
34301,6592.732591576663
33445,6592.732591576663
32589,6310.508675544316
31733,6242.5449229477
30877,6215.516621248521
30021,6215.516621248521
29165,6428.4375105771
28309,6545.065114433
27453,6545.065114433
26597,7616.189113909675
25741,7288.819755111456
24885,7144.441055750698
24029,7151.484977217245
23173,7151.484977217245
22317,6543.545212814194
21461,6543.545212814194
20605,6209.210502394182
19749,6202.011415351153
18893,6227.764661926126
18037,6256.440880030953
17181,6440.6855512547045
16325,6565.9500204994865
15469,6565.9500204994865
14613,8100.8931974285715
13757,7398.156372044919
12901,7244.887996393326
12045,7269.734152523354
11189,7269.734152523354
10333,6606.077307644524
9477,6606.077307644524
8621,6386.47896894978
7765,6302.833027614962
6909,6304.803711302182
6053,6304.803711302182
5197,6428.170373409109
4341,6565.9500204994865
3485,6565.9500204994865
2629,7623.512631770921
1773,7308.702120521423
917,7164.323421160665
61,7143.080276605256
40294,6341.521629435688
39438,6341.521629435688
38582,7145.217902614141
37726,6799.447984034481
36870,6545.071977479349
36014,6564.994282250583
35158,6564.994282250583
34302,6276.32507761788
33446,6276.32507761788
32590,5775.22622678714
31734,5684.368396984519
30878,5657.34009528534
30022,5657.34009528534
29166,5940.642418847238
28310,6214.10643185281
27454,6214.10643185281
26598,6943.073446718626
25742,6621.879564150448
24886,6403.421535585329
24030,6442.909219343568
23174,6442.909219343568
22318,6212.5865302340035
21462,6212.5865302340035
20606,5659.376885015598
19750,5643.834889387972
18894,5669.588135962945
18038,5698.264354067772
17182,5952.890459524843
16326,6234.991337919296
15470,6234.991337919296
14614,7778.195168855904
13758,6745.767349705318
12902,6518.419644849365
12046,6575.709563271085
11190,6575.709563271085
10334,6289.669793685741
9478,6289.669793685741
8622,5862.116270192682
7766,5766.942453840684
6910,5768.913137527904
6054,5768.913137527904
5198,5949.273497444207
4342,6234.991337919296
3486,6234.991337919296
2630,6964.586590060836
1774,6641.7619295604145
918,6423.303900995296
62,6434.504518731579
40295,6316.168653761997
39439,6316.168653761997
38583,7496.435675340392
37727,7127.1978455949
36871,6915.066531757494
36015,6896.752143403809
35159,6896.752143403809
34303,6246.463485420018
33447,6246.463485420018
32591,6017.523092422708
31735,5952.930853670548
30879,5889.900389967422
30023,5889.900389967422
29167,6064.450916285718
28311,6198.796008276355
27455,6198.796008276355
26599,7277.08944471022
25743,6949.99096885131
24887,6773.777633003918
24031,6746.741557615282
23175,6746.741557615282
22319,6197.276106657549
21463,6197.276106657549
20607,5889.228577050276
19751,5888.585970284285
18895,5914.339216859258
18039,5959.092027186305
17183,6088.889743177555
16327,6219.680914342841
15471,6219.680914342841
14615,8129.361002624909
13759,7059.327585784773
12903,6874.224573646546
12047,6893.277798943347
11191,6893.277798943347
10335,6259.808201487878
9479,6259.808201487878
8623,6093.493385828172
7767,6013.218958337809
6911,6015.18964202503
6055,6015.18964202503
5199,6085.272781096919
4343,6219.680914342841
3487,6219.680914342841
2631,7298.60258805243
1775,6984.062959742241
919,6807.849623894849
63,6780.813548506213
40296,5358.2783699394895
39440,5358.2783699394895
38584,6355.355562340523
37728,5949.6366690941
36872,5758.567127138419
36016,5758.835331441325
35160,5758.835331441325
34304,5288.57320159751
33448,5288.57320159751
32592,5059.6328086002
31736,4994.430162623663
30880,4931.399698920537
30024,4931.399698920537
29168,5105.950225238834
28312,5235.973945110876
27456,5235.973945110876
26600,6147.738444510687
25744,5767.498013007539
24888,5612.346449041872
24032,5603.892966309827
23176,5603.892966309827
22320,5234.45404349207
21464,5234.45404349207
20608,4926.406513884797
19752,4930.085279237401
18896,4955.8385258123735
18040,5000.5913361394205
17184,5130.38905213067
16328,5256.858851177362
15472,5256.858851177362
14616,6612.353879848018
13760,5881.766409283973
12904,5717.725169027471
12048,5755.360986980863
11192,5755.360986980863
10336,5301.917917665371
9480,5301.917917665371
8624,5135.603102005664
7768,5059.650046633896
6912,5061.620730321116
6056,5061.620730321116
5200,5126.772090050034
4344,5256.858851177362
3488,5256.858851177362
2632,6169.2515878528975
1776,5801.5700038984705
920,5646.418439932803
64,5637.964957200758
40297,5809.411523883674
39441,5809.411523883674
38585,6509.531861596994
37729,6264.732259471583
36873,6093.250046981309
36017,6080.728589460851
35161,6080.728589460851
34305,5736.816207236578
33449,5736.816207236578
32593,5500.962623544014
31737,5431.575343826145
30881,5351.603575548468
30025,5351.603575548468
29169,5535.450991313825
28313,5694.317631724523
27457,5694.317631724523
26601,6312.015424741738
25745,6092.694284359602
24889,5957.130049859342
24033,5935.8869053039325
23177,5935.8869053039325
22321,5692.797730105717
21465,5692.797730105717
20609,5360.895705228639
19753,5350.289155865332
18897,5376.042402440305
18041,5420.795212767352
17185,5559.889818205662
16329,5715.2025377910095
15473,5715.2025377910095
14617,6722.672535553789
13761,6196.861999661456
12905,6052.408088870361
12049,6077.254245000389
11193,6077.254245000389
10337,5750.160923304438
9481,5750.160923304438
8625,5559.991612374926
7769,5469.753242287247
6913,5471.723925974467
6057,5471.723925974467
5201,5556.272856125026
4345,5715.2025377910095
3489,5715.2025377910095
2633,6333.528568083948
1777,6126.766275250533
921,5991.202040750273
65,5969.958896194864
40298,4754.1513891488685
39442,4754.1513891488685
38586,6018.183551771589
37730,5695.486246795258
36874,5441.110240240126
36018,5461.03254501136
35162,5461.03254501136
34306,4684.446220806889
33450,4684.446220806889
32594,4530.231560575483
31738,4448.993120051298
30882,4385.9626563481725
30026,4385.9626563481725
29170,4532.624285306605
28314,4631.846964320255
27458,4631.846964320255
26602,5811.468859673546
25746,5513.347590708697
24890,5294.889562143579
24034,5306.090179879861
23178,5306.090179879861
22322,4630.327062701449
21466,4630.327062701449
20610,4397.00526586008
19754,4384.648236665036
18898,4410.401483240009
18042,4455.154293567056
17186,4557.063112198442
16330,4652.731870386741
15474,4652.731870386741
14618,6677.234502736297
13762,5627.615986985131
12906,5400.268282129177
12050,5457.558200550898
11194,5457.558200550898
10338,4697.79093687475
9482,4697.79093687475
8626,4606.201853980947
7770,4514.213004061531
6914,4516.183687748751
6058,4516.183687748751
5202,4553.446150117806
4346,4652.731870386741
3490,4652.731870386741
2634,5832.982003015756
1778,5547.419581599628
922,5328.96155303451
66,5340.162170770793
40299,6161.882742442617
39443,6161.882742442617
38587,6961.070399096899
37731,6615.300480517239
36875,6360.924473962106
36019,6380.84677873334
35163,6380.84677873334
34307,6092.177574100638
33451,6092.177574100638
32595,5591.078723269898
31739,5500.220893467276
30883,5473.192591768097
30027,5473.192591768097
29171,5756.494915329996
28315,6029.958928335567
27459,6029.958928335567
26603,6758.925943201383
25747,6437.732060633205
24891,6219.274032068087
24035,6258.761715826326
23179,6258.761715826326
22323,6028.439026716761
21467,6028.439026716761
20611,5475.229381498356
19755,5459.6873858707295
18899,5485.440632445702
18043,5514.116850550529
17187,5768.742956007601
16331,6050.843834402053
15475,6050.843834402053
14619,7594.047665338661
13763,6561.619846188076
12907,6334.272141332122
12051,6391.562059753843
11195,6391.562059753843
10339,6105.522290168498
9483,6105.522290168498
8627,5677.96876667544
7771,5582.794950323441
6915,5584.765634010661
6059,5584.765634010661
5203,5765.125993926965
4347,6050.843834402053
3491,6050.843834402053
2635,6780.4390865435935
1779,6457.614426043172
923,6239.156397478054
67,6250.357015214337
40300,4523.103751343371
39444,4523.103751343371
38588,5405.3393677357235
37732,5187.860511345745
36876,4984.210377263526
36020,5002.975572126126
35164,5002.975572126126
34308,4453.398583001392
33452,4453.398583001392
32596,4281.587468499241
31740,4216.384822522704
30884,4153.354358819578
30028,4153.354358819578
29172,4309.452029199084
28316,4400.799326514758
27460,4400.799326514758
26604,5211.247679651191
25748,5005.721855259184
24892,4837.989699166979
24036,4848.033206994628
23180,4848.033206994628
22324,4399.279424895952
21468,4399.279424895952
20612,4148.361173783838
19756,4152.039939136442
18900,4177.7931857114145
18044,4222.545996038461
17188,4333.89085609092
16332,4421.684232581244
15476,4421.684232581244
14620,5672.098715742362
13764,5119.990251535618
12908,4943.368419152578
12052,4999.501227665664
11196,4999.501227665664
10340,4466.743299069252
9484,4466.743299069252
8628,4357.557761904705
7772,4281.604706532937
6916,4283.575390220157
6060,4283.575390220157
5204,4330.2738940102845
4348,4421.684232581244
3492,4421.684232581244
2636,5232.760822993401
1780,5039.793846150115
924,4872.061690057911
68,4882.105197885559
40301,5411.72390604234
39445,5411.72390604234
38589,6660.0319840843
37733,6241.002791109294
36877,6001.504040049156
36021,5995.979313518836
35165,5995.979313518836
34309,5342.01873770036
33453,5342.01873770036
32597,5111.564494525573
31741,5031.02506003342
30885,5003.996758334241
30029,5003.996758334241
29173,5179.755341993942
28317,5296.565441584769
27461,5296.565441584769
26605,6474.652877838264
25749,6080.19972087474
24893,5876.618947804616
24037,5890.6596002613005
23181,5890.6596002613005
22325,5295.045539965963
21469,5295.045539965963
20613,5012.48050240351
19757,4990.4915524368735
18901,5016.244799011846
18045,5044.921017116673
17189,5192.003382671547
16333,5317.4503476512555
15477,5317.4503476512555
14621,7350.001891313887
13765,6187.322156780131
12909,5974.851707419172
12053,6006.694594539338
11197,6006.694594539338
10341,5355.363453768221
9485,5355.363453768221
8629,5198.454537931115
7773,5096.833767240106
6917,5098.804450927326
6061,5098.804450927326
5205,5188.386420590911
4349,5317.4503476512555
3493,5317.4503476512555
2637,6481.97639569951
1781,6100.082086284707
925,5896.501313214583
69,5882.2548996493115
40302,4936.823592849959
39446,4936.823592849959
38590,6286.736611641133
37734,5877.672345663494
36878,5638.173594603356
36022,5632.648868073035
35166,5632.648868073035
34310,4867.118424507979
33454,4867.118424507979
32598,4671.587039256142
31742,4601.270336098696
30886,4544.686826734581
30030,4544.686826734581
29174,4710.458760141236
28318,4821.665128392388
27462,4821.665128392388
26606,6069.604562039033
25750,5702.679649947975
24894,5499.098876877852
24038,5484.85246331258
23182,5484.85246331258
22326,4820.145226773582
21470,4820.145226773582
20614,4545.5067049117815
19758,4539.755444970809
18902,4565.508691545781
18046,4610.261501872828
17190,4731.2806249524365
16334,4842.5500344588745
15478,4842.5500344588745
14622,6720.899896879737
13766,5809.802085853366
12910,5597.331636492408
12054,5629.1745236125735
11198,5629.1745236125735
10342,4880.46314057584
9486,4880.46314057584
8630,4747.557332661606
7774,4662.174251996261
6918,4664.144935683481
6062,4664.144935683481
5206,4731.2806249524365
4350,4842.5500344588745
3494,4842.5500344588745
2638,6091.1177053812435
1782,5736.7516408389065
926,5533.170867768783
70,5518.924454203511
40303,5773.8724338468455
39447,5773.8724338468455
38591,6924.949373633274
37735,6576.395246462403
36879,6364.263932624996
36023,6345.949544271311
35167,6345.949544271311
34311,5704.167265504866
33455,5704.167265504866
32599,5483.387285357228
31743,5419.765293319655
30887,5356.734829616529
30031,5356.734829616529
29175,5531.285355934826
28319,5656.499788361203
27463,5656.499788361203
26607,6723.166460878202
25751,6399.188369718812
24895,6222.975033871419
24039,6195.938958482783
23183,6195.938958482783
22327,5654.979886742398
21471,5654.979886742398
20615,5355.092769984796
19759,5355.420409933393
18903,5381.173656508365
18047,5425.926466835412
17191,5555.7241828266615
16335,5677.38469442769
15479,5677.38469442769
14623,7579.4224420079945
13767,6508.5249866522745
12911,6323.421974514048
12055,6342.475199810849
11199,6342.475199810849
10343,5717.511981572727
9487,5717.511981572727
8631,5559.357578762692
7775,5480.053397986916
6919,5482.024081674137
6063,5482.024081674137
5207,5552.107220746026
4351,5677.38469442769
3495,5677.38469442769
2639,6744.679604220412
1783,6433.260360609743
927,6257.047024762352
71,6230.010949373715
40304,6425.3018781281235
39448,6425.3018781281235
38592,7510.848492772073
37736,7142.426599627322
36880,6970.944387137046
36024,6958.422929616588
35168,6958.422929616588
34312,6355.596709786144
33456,6355.596709786144
32600,6066.4596030585435
31744,5991.903421709067
30888,5911.931653431389
30032,5911.931653431389
29176,6149.062592231783
28320,6307.929232642481
27464,6307.929232642481
26608,7299.181510434811
25752,6965.219722883731
24896,6829.65548838347
24040,6808.41234382806
23184,6808.41234382806
22328,6306.409331023675
21472,6306.409331023675
20616,5921.22378311156
19760,5910.617233748253
18904,5936.370480323226
18048,5981.123290650273
17192,6173.50141912362
16336,6328.814138708967
15480,6328.814138708967
14624,7814.535265988425
13768,7074.556339817194
12912,6930.1024290260975
12056,6954.948585156126
11200,6954.948585156126
10344,6368.941425854005
9488,6368.941425854005
8632,6125.488591889456
7776,6035.250221801777
6920,6037.220905488997
6064,6037.220905488997
5208,6169.884457042984
4352,6328.814138708967
3496,6328.814138708967
2640,7320.694653777021
1784,6999.291713774663
928,6863.727479274401
72,6842.484334718992
40305,6785.335564047942
39449,6785.335564047942
38593,8024.953186832347
37737,7652.527453515523
36881,7446.1922425264565
36025,7449.08856986636
35169,7449.08856986636
34313,6715.630395705963
33457,6715.630395705963
32601,6458.647349071852
31745,6384.091167722375
30889,6304.119399444698
30033,6304.119399444698
29177,6531.814296824018
28321,6667.9629185623
27465,6667.9629185623
26609,7813.286204495084
25753,7475.320576771933
24897,7304.90334377288
24041,7299.077984077832
23185,7299.077984077832
22329,6666.443016943494
21473,6666.443016943494
20617,6313.411529124868
19761,6302.804979761561
18905,6328.558226336534
18049,6373.311036663581
17193,6556.253123715855
16337,6688.847824628786
15481,6688.847824628786
14625,8699.60488087464
13769,7584.657193705396
12913,7405.350284415508
12057,7445.614225405898
11201,7445.614225405898
10345,6728.975111773823
9489,6728.975111773823
8633,6517.676337902764
7777,6427.437967815085
6921,6429.4086515023055
6065,6429.4086515023055
5209,6552.636161635219
4353,6688.847824628786
3497,6688.847824628786
2641,7834.799347837295
1785,7509.392567662864
929,7338.975334663812
73,7333.149974968764
40306,5504.627904180634
39450,5504.627904180634
38594,6577.982773311077
37738,6239.788870700075
36882,5994.227329005439
36026,6005.584285547254
35170,6005.584285547254
34314,5434.922735838654
33458,5434.922735838654
32602,5231.223212239581
31746,5158.259793716086
30890,5131.231492016907
30034,5131.231492016907
29178,5280.235356100894
28322,5389.469439723063
27466,5389.469439723063
26610,6392.603667065041
25754,6078.985800465521
24898,5869.342236760899
24042,5900.264572289719
23186,5900.264572289719
22330,5387.949538104257
21474,5387.949538104257
20618,5132.139220117519
19762,5117.7262861195395
18906,5143.479532694512
18050,5172.155750799339
17194,5292.483396778499
16338,5410.354345789549
15482,5410.354345789549
14626,6905.5508235962425
13770,6186.108236370912
12914,5967.574996375455
12058,6016.299566567756
11202,6016.299566567756
10346,5448.267451906515
9490,5448.267451906515
8634,5318.113255645123
7778,5224.068500922772
6922,5226.039184609992
6066,5226.039184609992
5210,5288.866434697863
4354,5410.354345789549
3498,5410.354345789549
2642,6414.116810407251
1786,6098.868165875488
930,5889.224602170866
74,5891.85987167773
40307,6333.107798153981
39451,6333.107798153981
38595,7484.336509001311
37739,7115.91461585656
36883,6935.617938505788
36027,6923.096480985329
35171,6923.096480985329
34315,6263.402629812002
33459,6263.402629812002
32603,5981.178713779655
31747,5906.622532430178
30891,5879.594230730999
30035,5879.594230730999
29179,6092.515120059577
28323,6215.735152668339
27467,6215.735152668339
26611,7286.8591521450135
25755,6952.897364593934
24899,6808.518665233176
24043,6815.5625866997225
23187,6815.5625866997225
22331,6214.2152510495325
21475,6214.2152510495325
20619,5879.8805406295205
19763,5866.089024833631
18907,5891.842271408604
18051,5920.518489513431
17195,6104.763160737182
16339,6236.620058734825
15483,6236.620058734825
14627,7798.537555290849
13771,7062.233981527397
12915,6908.965605875804
12059,6933.811762005832
11203,6933.811762005832
10347,6276.747345879862
9491,6276.747345879862
8635,6068.068757185197
7779,5974.645420664935
6923,5976.616104352155
6067,5976.616104352155
5211,6101.146198656546
4355,6236.620058734825
3499,6236.620058734825
2643,7308.372295487224
1787,6972.779730003901
931,6828.401030643143
75,6807.1578860877335
40308,6400.475992078279
39452,6400.475992078279
38596,7746.122230114538
37740,7364.697300127091
36884,7119.135758432455
36028,7130.49271497427
35172,7130.49271497427
34316,6330.7708237362995
33460,6330.7708237362995
32604,6059.230171279443
31748,5985.567746723917
30892,5958.539445024738
30036,5958.539445024738
29180,6154.379877804751
28324,6278.171567249666
27468,6278.171567249666
26612,7544.615519647062
25756,7196.748269521494
24900,6987.104705816872
24044,7018.027041345692
23188,7018.027041345692
22332,6276.6516656308595
21476,6276.6516656308595
20620,5953.000218786338
19764,5945.03423912737
18908,5970.787485702343
18052,5999.46370380717
17196,6166.627918482356
16340,6299.056473316152
15484,6299.056473316152
14628,8102.5284965689325
13772,7296.827040316964
12916,7078.293800321507
12060,7127.018370513808
11204,7127.018370513808
10348,6344.11553980416
9492,6344.11553980416
8636,6118.259160110356
7780,6033.846326159598
6924,6035.817009846818
6068,6035.817009846818
5212,6154.1127406367605
4356,6299.056473316152
3500,6299.056473316152
2644,7551.939037508308
1788,7216.630634931461
932,7006.987071226839
76,7009.622340733703
40309,4476.49783058919
39453,4476.49783058919
38597,5637.2184879074175
37741,5322.097198899744
36885,5084.315764962434
36029,5104.2380697336675
35173,5104.2380697336675
34317,4406.7926622472105
33461,4406.7926622472105
32605,4190.359138464546
31749,4107.077324630583
30893,4044.0468609274562
30037,4044.0468609274562
29181,4237.746729360009
28325,4344.57401648214
27469,4344.57401648214
26613,5420.884406530938
25757,5130.339153534746
24901,4928.47569758745
24045,4939.6763153237325
23189,4939.6763153237325
22333,4343.054114863334
21477,4343.054114863334
20621,4047.5134544707053
19765,4042.73244124432
18909,4068.4856878192923
18053,4113.23849814634
17197,4262.185556251846
16341,4365.458922548626
15485,4365.458922548626
14629,5921.1799469076805
13773,5254.226939089617
12917,5043.473806851485
12061,5100.763725273206
11205,5100.763725273206
10349,4420.137378315071
9493,4420.137378315071
8637,4266.32943187001
7781,4181.916597919252
6925,4183.887281606472
6069,4183.887281606472
5213,4258.56859417121
4357,4365.458922548626
3501,4365.458922548626
2645,5442.397549873148
1789,5164.411144425678
933,4962.547688478381
77,4973.748306214664
40310,5661.536840282208
39454,5661.536840282208
38598,6650.303636006386
37742,6362.324114087221
36886,6144.130009615316
36030,6151.262652563186
35174,6151.262652563186
34318,5591.831671940228
33462,5591.831671940228
32606,5373.5745425184095
31750,5292.336101994225
30894,5265.307800295046
30038,5265.307800295046
29182,5407.864710040022
28326,5539.2324154535945
27470,5539.2324154535945
26614,6457.778569389307
25758,6194.375083481624
24902,6012.098956999734
24046,6038.796978934608
23190,6038.796978934608
22334,5537.712513834788
21478,5537.712513834788
20622,5267.344590025305
19766,5251.802594397678
18910,5277.555840972651
18054,5306.232059077478
17198,5420.112750717627
16342,5560.117321520081
15486,5560.117321520081
14630,6973.106703313908
13774,6308.643479758058
12918,6117.477676985332
12062,6161.977933583688
11206,6161.977933583688
10350,5605.176388008089
9494,5605.176388008089
8638,5460.464585923952
7782,5365.290769571953
6926,5367.261453259173
6070,5367.261453259173
5214,5416.495788636991
4358,5560.117321520081
3502,5560.117321520081
2646,6465.102087250553
1790,6214.257448891591
934,6031.981322409701
78,6030.392278322619
40311,5297.317717743181
39455,5297.317717743181
38599,6271.587819046186
37743,5898.2520669450105
36887,5707.182524989329
36031,5707.450729292235
35175,5707.450729292235
34319,5248.374927344059
33463,5248.374927344059
32607,5003.837535634568
31751,4938.63488965803
30895,4911.606587958851
30039,4911.606587958851
29183,5071.2439542523925
28327,5195.775670857425
27471,5195.775670857425
26615,6078.160326697315
25759,5730.303036339414
24903,5575.151472373746
24047,5594.9850556636575
23191,5594.9850556636575
22335,5182.064983024387
21479,5182.064983024387
20623,4897.607583141463
19767,4898.1013820614835
18911,4923.854628636456
18055,4952.530846741283
17199,5083.491994929997
16343,5204.46979070968
15487,5204.46979070968
14631,6524.091363846592
13775,5844.571432615848
12919,5680.530192359345
12063,5703.976384831773
11207,5703.976384831773
10351,5246.122644699738
9495,5246.122644699738
8639,5079.807829040032
7783,5003.854773668263
6927,5005.825457355483
6071,5005.825457355483
5215,5070.976817084402
4359,5201.06357821173
3503,5201.06357821173
2647,6085.483844558561
1791,5750.185401749381
935,5595.033837783713
79,5586.580355051668
40312,6612.191958967524
39456,6612.191958967524
38600,7777.639925198043
37744,7361.073145720424
36888,7178.818068625239
36032,7179.086272928145
35176,7179.086272928145
34320,6542.486790625545
33464,6542.486790625545
32608,6267.90728972069
31752,6202.704643744152
30896,6175.676342044973
30040,6175.676342044973
29184,6380.95281624606
28328,6489.887534138911
27472,6489.887534138911
26616,7575.230788998774
25760,7193.124115114827
24904,7046.787016009656
24048,7066.620599299567
23192,7066.620599299567
22336,6488.367632520105
21480,6488.367632520105
20624,6161.677337227585
19768,6162.1711361476055
18912,6187.924382722578
18056,6216.600600827405
17200,6393.200856923665
16344,6510.772440205397
15488,6510.772440205397
14632,8051.224521397813
13776,7307.392511391261
12920,7152.165735995255
12064,7189.801553948648
11208,7189.801553948648
10352,6555.831506693406
9496,6555.831506693406
8640,6354.797333126232
7784,6275.6593113218805
6928,6277.629995009101
6072,6277.629995009101
5216,6389.583894843029
4360,6510.772440205397
3504,6510.772440205397
2648,7596.743932340984
1792,7213.006480524794
936,7066.669381419623
80,7058.215898687578
40313,5399.990941806836
39457,5399.990941806836
38601,6183.5972769122955
37745,5882.977828502019
36889,5700.7227514068345
36033,5700.990955709741
35177,5700.990955709741
34321,5334.794389989029
33465,5334.794389989029
32609,5098.940806296466
31753,5021.423395979646
30897,4994.395094280467
30041,4994.395094280467
29185,5146.388045446516
28329,5282.195133502395
27473,5282.195133502395
26617,5990.169784563424
25761,5715.0287978964225
24905,5568.691698791252
24049,5588.525282081163
23193,5588.525282081163
22337,5280.675231883589
21481,5280.675231883589
20625,4992.710853803361
19769,4980.889888383099
18913,5006.643134958072
18057,5035.319353062899
17201,5158.636086124121
16345,5303.080039568881
15489,5303.080039568881
14633,6425.586548639515
13777,5815.107568691892
12921,5659.880793295886
12065,5697.516611249279
11209,5697.516611249279
10353,5348.139106056889
9497,5348.139106056889
8641,5157.969795127378
7785,5069.701975415327
6929,5071.672659102547
6073,5071.672659102547
5217,5146.120908278525
4361,5303.080039568881
3505,5303.080039568881
2649,5997.49330242467
1793,5734.911163306389
937,5588.574064201219
81,5580.120581469174
40314,5123.669442776246
39458,5123.669442776246
38602,5714.505434481425
37746,5469.705832356016
36890,5298.223619865741
36034,5285.702162345283
35178,5285.702162345283
34322,5051.0741261291505
33466,5051.0741261291505
32610,4815.220542436587
31754,4745.833262718719
30898,4718.804961019539
30042,4718.804961019539
29186,4870.79791218559
28330,5008.575550617096
27474,5008.575550617096
26618,5531.178623107134
25762,5311.857482724999
24906,5176.293248224738
24050,5183.3371696912845
23194,5183.3371696912845
22338,5007.055648998289
21482,5007.055648998289
20626,4719.091270918062
19770,4705.2997551221715
18914,4731.053001697144
18058,4759.729219801971
17202,4883.0459528631945
16346,5029.4604566835815
15490,5029.4604566835815
14634,6006.074462549024
13778,5401.835572545889
12922,5257.381661754793
12066,5282.227817884821
11210,5282.227817884821
10354,5064.418842197011
9498,5064.418842197011
8642,4874.249531267499
7786,4784.011161179821
6930,4785.98184486704
6074,4785.98184486704
5218,4870.530775017599
4362,5029.4604566835815
3506,5029.4604566835815
2650,5538.5021409683795
1794,5331.7398481349655
938,5196.175613634705
82,5174.9324690792955
40315,7124.569107727733
39459,7124.569107727733
38603,8581.605586043244
37747,8139.256714647963
36891,7935.939865671055
36035,7917.62547731737
35179,7917.62547731737
34323,7075.6263173286125
33467,7075.6263173286125
32611,6770.8922118888295
31755,6722.611674044335
30899,6695.583372345157
30043,6695.583372345157
29187,6900.859846546243
28331,7027.958840184949
27475,7027.958840184949
26619,8367.467337043641
25763,7976.239463385337
24907,7808.840592398443
24051,7810.091583031763
23195,7810.091583031763
22339,7014.248152351911
21483,7014.248152351911
20627,6669.594038738696
19771,6682.078166447789
18915,6707.831413022762
18059,6736.507631127589
17203,6913.107887223848
16347,7036.652960037203
15491,7036.652960037203
14635,9236.1373625901
13779,8085.5760803188
12923,7909.287533041071
12067,7928.340758337872
11211,7928.340758337872
10355,7073.3740346842915
9499,7073.3740346842915
8643,6829.921200719743
7787,6765.958474137045
6931,6767.929157824266
6075,6767.929157824266
5219,6900.592709378252
4363,7033.246747539253
3507,7033.246747539253
2651,8374.790854904886
1795,7996.121828795304
939,7828.72295780841
83,7801.686882419774
40316,5209.995970281767
39460,5209.995970281767
38604,5967.781162117749
37748,5750.3023057277705
36892,5546.652171645552
36036,5565.417366508152
35180,5565.417366508152
34324,5161.053179882645
33468,5161.053179882645
32612,4930.1765843689745
31756,4864.973938392437
30900,4837.945636693258
30044,4837.945636693258
29188,4983.922206790979
28332,5108.453923396011
27476,5108.453923396011
26620,5787.879099514181
25764,5582.353275122174
24908,5414.621119029969
24052,5452.951692879574
23196,5452.951692879574
22340,5094.7432355629735
21484,5094.7432355629735
20628,4823.94663187587
19772,4824.44043079589
18916,4850.193677370863
18060,4878.86989547569
17204,4996.1702474685835
16348,5117.148043248266
15492,5117.148043248266
14636,6233.810136663457
13780,5696.621671398608
12924,5519.999839015568
12068,5561.94302204769
11212,5561.94302204769
10356,5158.800897238324
9500,5158.800897238324
8644,5006.1468777744385
7788,4930.19382240267
6932,4932.16450608989
6076,4932.16450608989
5220,4983.655069622988
4364,5113.741830750316
3508,5113.741830750316
2652,5795.202617375427
1796,5602.235640532141
940,5434.503484439936
84,5444.546992267585
40317,6380.48427088671
39461,6380.48427088671
38605,7455.018066031723
37749,7086.5961728869715
36893,6915.113960396696
36037,6902.592502876238
35181,6902.592502876238
34325,6310.77910254473
33469,6310.77910254473
32613,6036.199601639875
31757,5961.643420290398
30901,5934.6151185912195
30045,5934.6151185912195
29189,6139.891592792306
28333,6263.111625401068
27477,6263.111625401068
26621,7257.540709175425
25765,6923.578921624346
24909,6788.014687124084
24053,6795.058608590631
23197,6795.058608590631
22341,6261.591723782261
21485,6261.591723782261
20629,5934.901428489741
19773,5921.109912693852
18917,5946.863159268824
18061,5975.539377373651
17205,6152.139633469911
16349,6283.996531467554
15493,6283.996531467554
14637,7735.8840390784235
13781,7032.915538557809
12925,6888.461627766712
12069,6913.30778389674
11213,6913.30778389674
10357,6324.123818612591
9501,6324.123818612591
8645,6123.0896450454175
7789,6029.666308525156
6933,6031.636992212376
6077,6031.636992212376
5221,6148.522671389275
4365,6283.996531467554
3509,6283.996531467554
2653,7279.053852517635
1797,6943.461287034313
941,6807.897052534051
85,6786.653907978642
40318,7377.595615620274
39462,7377.595615620274
38606,8311.556785729626
37750,7980.346236434017
36894,7762.1521319621115
36038,7769.284774909981
35182,7769.284774909981
34326,7307.890447278294
33470,7307.890447278294
32614,6784.046408240319
31758,6693.188578437697
30902,6666.160276738518
30046,6666.160276738518
29190,7002.906051930348
28334,7245.671801513224
27478,7245.671801513224
26622,8100.430685983713
25766,7802.777816549983
24910,7620.501690068092
24054,7647.199712002966
23198,7647.199712002966
22342,7244.1518998944175
21486,7244.1518998944175
20630,6668.197066468777
19774,6652.6550708411505
18918,6678.408317416123
18062,6707.08453552095
17206,7015.154092607953
16350,7266.55670757971
15494,7266.55670757971
14638,8946.061426603643
13782,7926.665602104854
12926,7735.499799332128
12070,7780.0000559304835
11214,7780.0000559304835
10358,7321.235163346155
9502,7321.235163346155
8646,6870.936451645861
7790,6775.762635293862
6934,6777.733318981082
6078,6777.733318981082
5222,7011.5371305273175
4366,7266.55670757971
3510,7266.55670757971
2654,8121.943829325924
1798,7822.66018195995
942,7640.384055478059
86,7638.795011390977
40319,5253.352274721701
39463,5253.352274721701
38607,6141.93454528702
37751,5841.315096876744
36895,5650.245554921063
36039,5650.513759223969
35183,5650.513759223969
34327,5188.155722903894
33471,5188.155722903894
32615,4959.215329906584
31759,4881.697919589764
30903,4818.667455886638
30047,4818.667455886638
29191,4993.217982204935
28335,5135.55646641726
27479,5135.55646641726
26623,5934.317427457185
25767,5659.176440790183
24911,5504.024876824516
24055,5495.571394092471
23199,5495.571394092471
22343,5134.036564798454
21487,5134.036564798454
20631,4825.989035191181
19775,4817.353036203502
18919,4843.106282778474
18063,4887.859093105521
17207,5017.656809096771
16351,5156.441372483746
15495,5156.441372483746
14639,6389.248823275174
13783,5773.444837066617
12927,5609.403596810114
12071,5647.039414763507
11215,5647.039414763507
10359,5201.500438971754
9503,5201.500438971754
8647,5035.185623312048
7791,4946.917803599997
6935,4948.888487287217
6079,4948.888487287217
5223,5014.039847016135
4367,5156.441372483746
3511,5156.441372483746
2655,5955.830570799395
1799,5693.248431681114
943,5538.096867715447
87,5529.643384983402
40320,6234.289331717989
39464,6234.289331717989
38608,7330.227665940433
37752,6986.377190153714
36896,6804.122113058529
36040,6804.390317361435
35184,6804.390317361435
34328,6169.092779900181
33472,6169.092779900181
32616,5879.955673172581
31760,5802.4382628557605
30904,5775.409961156582
30048,5775.409961156582
29192,5980.686435357668
28336,6116.493523413547
27480,6116.493523413547
26624,7127.818529741165
25768,6818.428159548117
24912,6672.091060442946
24056,6691.9246437328575
23200,6691.9246437328575
22344,6114.973621794741
21488,6114.973621794741
20632,5773.725720679476
19776,5761.904755259214
18920,5787.6580018341865
18064,5816.334219939014
17208,5992.934476035273
16352,6137.378429480033
15496,6137.378429480033
14640,7616.9490227905135
13784,6918.506930343587
12928,6763.280154947581
12072,6800.915972900973
11216,6800.915972900973
10360,6182.437495968042
9504,6182.437495968042
8648,5938.984662003493
7792,5850.716842291442
6936,5852.687525978662
6080,5852.687525978662
5224,5980.419298189678
4368,6137.378429480033
3512,6137.378429480033
2656,7135.1420476024105
1800,6838.310524958084
944,6691.973425852913
88,6683.519943120868
40321,5433.769037248756
39465,5433.769037248756
38609,6221.189491377934
37753,5928.245002919656
36897,5745.989925824471
36041,5746.258130127378
35185,5746.258130127378
34329,5368.572485430948
33473,5368.572485430948
32617,5147.2765075611305
31761,5082.073861584593
30905,5055.045559885414
30049,5055.045559885414
29193,5207.0385110514635
28337,5315.9732289443145
27481,5315.9732289443145
26625,6027.761999029063
25769,5760.295972314059
24913,5613.958873208889
24057,5633.7924564988
23201,5633.7924564988
22345,5314.453327325508
21489,5314.453327325508
20633,5041.046555068026
19777,5041.540353988046
18921,5067.293600563019
18065,5095.969818667846
17209,5219.286551729068
16353,5336.858135010801
15497,5336.858135010801
14641,6444.852735642592
13785,5860.374743109529
12929,5705.147967713523
12073,5742.783785666916
11217,5742.783785666916
10361,5381.917201498809
9505,5381.917201498809
8649,5206.305496392043
7793,5130.3524410202745
6937,5132.323124707495
6081,5132.323124707495
5225,5206.771373883473
4369,5336.858135010801
3513,5336.858135010801
2657,6035.085516890309
1801,5780.178337724026
945,5633.841238618856
89,5625.387755886811
40322,6580.219611428164
39466,6580.219611428164
38610,8087.725934970265
37754,7612.358028012852
36898,7372.859276952714
36042,7367.3345504223935
35186,7367.3345504223935
34330,6528.386672723926
33474,6528.386672723926
32618,6230.565757979397
31762,6161.101988340892
30906,6134.073686641713
30050,6134.073686641713
29194,6346.994575970291
28338,6480.9563178689
27482,6480.9563178689
26626,7873.824808259298
25770,7449.5778990388635
24914,7245.99712596874
24058,7260.037778425424
23202,7260.037778425424
22346,6467.245630035863
21490,6467.245630035863
20634,6129.504707117901
19778,6120.568480744345
18922,6146.321727319318
18066,6174.997945424145
17210,6359.242616647896
16354,6489.650437721155
15498,6489.650437721155
14642,8766.447001878405
13786,7558.677393683689
12930,7346.20694432273
12074,7378.049831442896
11218,7378.049831442896
10362,6526.134390079605
9506,6526.134390079605
8650,6306.536051384861
7794,6221.152970719516
6938,6223.123654406736
6082,6223.123654406736
5226,6346.727438802301
4370,6486.244225223205
3514,6486.244225223205
2658,7881.148326120544
1802,7469.4602644488305
946,7265.879491378707
90,7251.633077813435
40323,5123.669442776246
39467,5123.669442776246
38611,5752.828492223291
37755,5508.028890097881
36899,5336.546677607606
36043,5324.025220087148
35187,5324.025220087148
34331,5051.0741261291505
33475,5051.0741261291505
32619,4815.220542436587
31763,4745.833262718719
30907,4718.804961019539
30051,4718.804961019539
29195,4870.79791218559
28339,5008.575550617096
27483,5008.575550617096
26627,5569.501680848999
25771,5350.180540466864
24915,5214.616305966603
24059,5221.66022743315
23203,5221.66022743315
22347,5007.055648998289
21491,5007.055648998289
20635,4719.091270918062
19779,4705.2997551221715
18923,4731.053001697144
18067,4759.729219801971
17211,4883.0459528631945
16355,5029.4604566835815
15499,5029.4604566835815
14643,6044.39752029089
13787,5440.158630287754
12931,5295.704719496658
12075,5320.550875626686
11219,5320.550875626686
10363,5064.418842197011
9507,5064.418842197011
8651,4874.249531267499
7795,4784.011161179821
6939,4785.98184486704
6083,4785.98184486704
5227,4870.530775017599
4371,5029.4604566835815
3515,5029.4604566835815
2659,5576.825198710245
1803,5370.062905876831
947,5234.49867137657
91,5213.255526821161
40324,5239.641467009367
39468,5239.641467009367
38612,5987.85060879813
37756,5770.371752408152
36900,5566.721618325933
36044,5585.486813188533
35188,5585.486813188533
34332,5169.936298667388
33476,5169.936298667388
32620,4954.656701865899
31764,4889.454055889361
30908,4826.4235921862355
30052,4826.4235921862355
29196,4987.313322308712
28340,5117.337042180754
27484,5117.337042180754
26628,5793.758920713598
25772,5588.233096321591
24916,5420.500940229386
24060,5430.544448057035
23204,5430.544448057035
22348,5115.817140561948
21492,5115.817140561948
20636,4821.430407150496
19780,4825.109172503099
18924,4850.862419078072
18068,4895.615229405119
17212,5011.752149200548
16356,5138.22194824724
15500,5138.22194824724
14644,6248.690316531587
13788,5702.501492598025
12932,5525.879660214985
12076,5582.012468728071
11220,5582.012468728071
10364,5183.281014735248
9508,5183.281014735248
8652,5030.626995271363
7796,4954.673939899594
6940,4956.644623586814
6084,4956.644623586814
5228,5008.135187119912
4372,5138.22194824724
3516,5138.22194824724
2660,5815.272064055808
1804,5622.305087212522
948,5454.572931120318
92,5464.616438947966
40325,6338.268081823135
39469,6338.268081823135
38613,7849.3752317834005
37757,7394.691027400607
36901,7155.192276340469
36045,7149.667549810149
35189,7149.667549810149
34333,6265.672765176038
33477,6265.672765176038
32621,5991.609261993362
31765,5923.115739069444
30909,5860.0852753663185
30053,5860.0852753663185
29197,6087.919324719653
28341,6218.242410321013
27485,6218.242410321013
26629,7638.847797466568
25773,7217.721272945654
24917,7014.140499875531
24061,6999.894086310259
23205,6999.894086310259
22349,6216.722508702207
21493,6216.722508702207
20637,5863.551868909568
19781,5858.770855683182
18925,5884.524102258155
18069,5929.276912585202
17213,6112.358151611489
16357,6239.127316387499
15501,6239.127316387499
14645,8322.632935852718
13789,7326.82076759048
12933,7114.350318229521
12077,7146.193205349687
11221,7146.193205349687
10365,6279.017481243899
9509,6279.017481243899
8653,6067.579555398826
7797,5983.1667214480685
6941,5985.137405135289
6085,5985.137405135289
5229,6108.741189530853
4373,6239.127316387499
3517,6239.127316387499
2661,7660.360940808779
1805,7251.7932638365855
949,7048.212490766462
93,7033.96607720119
40326,6268.930805813416
39470,6268.930805813416
38614,7820.394697271249
37758,7368.099403917166
36902,7128.600652857028
36046,7123.075926326707
35190,7123.075926326707
34334,6199.225637471436
33478,6199.225637471436
32622,5930.66251763491
31766,5856.029846364796
30910,5829.001544665617
30054,5829.001544665617
29198,6028.261637798375
28342,6146.626380984802
27486,6146.626380984802
26630,7601.324668928673
25774,7200.150373311569
24918,6996.569600241445
24062,7010.610252698129
23206,7010.610252698129
22350,6145.106479365996
21494,6145.106479365996
20638,5824.432565141805
19782,5815.496338768249
18926,5841.249585343222
18070,5869.925803448049
17214,6040.50967847598
16358,6167.5112870512885
15502,6167.5112870512885
14646,8499.944422859053
13790,7314.418769588003
12934,7101.948320227044
12078,7133.79120734721
11222,7133.79120734721
10366,6212.570353539297
9510,6212.570353539297
8654,6017.552561040452
7798,5928.984513942524
6942,5930.955197629744
6086,5930.955197629744
5230,6036.892716395344
4374,6167.5112870512885
3518,6167.5112870512885
2662,7622.837812270884
1806,7220.032738721536
950,7016.451965651412
94,7002.20555208614
40327,6523.637203099137
39471,6523.637203099137
38615,7793.305750694462
37759,7377.374935433054
36903,7160.266859839078
36047,7184.518197231765
35191,7184.518197231765
34335,6474.694412700015
33479,6474.694412700015
32623,6187.556761530977
31767,6122.35411555444
30911,6095.325813855261
30055,6095.325813855261
29199,6291.166246635275
28343,6422.095156213381
27487,6422.095156213381
26631,7590.896614495194
25775,7209.425904827457
24919,7028.235807223496
24063,7072.052523603187
23207,7072.052523603187
22351,6408.384468380344
21495,6408.384468380344
20639,6081.326809037872
19783,6081.820607957893
18927,6107.573854532866
18071,6136.250072637693
17215,6303.414287312879
16359,6430.789276065636
15503,6430.789276065636
14647,8470.577304561266
13791,7323.694301103891
12935,7133.614527209094
12079,7195.233478252268
11223,7195.233478252268
10367,6472.442130055694
9511,6472.442130055694
8655,6246.58575036189
7799,6170.632694990121
6943,6172.603378677341
6087,6172.603378677341
5231,6290.899109467284
4375,6427.383063567686
3519,6427.383063567686
2663,7598.2201323564395
1807,7229.308270237424
951,7048.118172633463
95,7063.647822991198
40328,5443.396981798013
39472,5443.396981798013
38616,6672.70304354437
37760,6261.249866538022
36904,6021.751115477884
36048,6016.2263889475635
35192,6016.2263889475635
34336,5373.691813456034
33480,5373.691813456034
32624,5152.911833308395
31768,5079.2494087528685
30912,5052.22110705369
30056,5052.22110705369
29200,5211.858473347231
28344,5321.0925569694
27488,5321.0925569694
26632,6480.177976927292
25776,6093.300835932425
24920,5889.720062862301
24064,5903.760715318986
23208,5903.760715318986
22352,5319.572655350594
21496,5319.572655350594
20640,5046.68188081529
19784,5038.715901156322
18928,5064.4691477312945
18072,5093.1453658361215
17216,5224.106514024836
16360,5341.977463035886
15504,5341.977463035886
14648,7325.084001884412
13792,6207.569232208859
12936,5995.0987828479
12080,6026.941669968066
11224,6026.941669968066
10368,5387.036529523894
9512,5387.036529523894
8656,5239.801876713937
7800,5152.204076330597
6944,5154.174760017817
6088,5154.174760017817
5232,5220.4895519442
4376,5341.977463035886
3520,5341.977463035886
2664,6501.691120269502
1808,6113.183201342392
952,5909.602428272268
96,5895.356014706997
40329,5126.656019434419
39473,5126.656019434419
38617,6432.35390274087
37761,6023.28963676323
36905,5783.7908857030925
36049,5778.266159172772
35193,5778.266159172772
34337,5077.713229035297
33481,5077.713229035297
32625,4833.477650495037
31769,4759.543985256955
30913,4732.515683557776
30057,4732.515683557776
29201,4913.056023862459
28345,5032.259932919706
27489,5032.259932919706
26633,6229.411478619734
25777,5862.486566528676
24921,5658.905793458553
24065,5672.946445915237
23209,5672.946445915237
22353,5018.549245086669
21497,5018.549245086669
20641,4734.393658372975
19785,4719.0104776604085
18929,4744.763724235381
18073,4773.439942340208
17217,4925.304064540064
16361,5040.954052771961
15505,5040.954052771961
14649,7085.206815328249
13793,5969.609002434067
12937,5757.138553073109
12081,5788.9814401932745
11225,5788.9814401932745
10369,5075.4609463909765
9513,5075.4609463909765
8657,4909.447943900501
7801,4824.064863235156
6945,4826.035546922376
6089,4826.035546922376
5233,4912.788886694469
4377,5037.547840274011
3521,5037.547840274011
2665,6236.73499648098
1809,5882.368931938643
953,5678.7881588685195
97,5664.541745303248
40330,5061.181947839378
39474,5061.181947839378
38618,5843.900483223757
37762,5626.421626833779
36906,5422.77149275156
36050,5441.53668761416
35194,5441.53668761416
34338,4988.586631192282
33482,4988.586631192282
32626,4745.190218522841
31770,4685.855480209944
30914,4629.271970845829
30058,4629.271970845829
29202,4818.278516836257
28346,4948.3022367082995
27490,4948.3022367082995
26634,5662.123657141876
25778,5456.597832749869
24922,5288.865676657664
24066,5298.909184485313
23210,5298.909184485313
22354,4946.782335089493
21498,4946.782335089493
20642,4624.278785810089
19786,4627.957551162693
18930,4653.710797737665
18074,4698.463608064712
17218,4842.7173437280935
16362,4969.187142774786
15506,4969.187142774786
14650,6131.630843919337
13794,5558.551367023651
12938,5381.929534640612
12082,5438.062343153698
11226,5438.062343153698
10370,5001.9313472601425
9514,5001.9313472601425
8658,4821.160511928305
7802,4745.207456556536
6946,4747.178140243756
6090,4747.178140243756
5234,4839.100381647458
4378,4969.187142774786
3522,4969.187142774786
2666,5683.636800484086
1810,5490.6698236408
954,5322.9376675485955
98,5332.981175376244
40331,6421.287618455599
39475,6421.287618455599
38619,7794.212384187947
37763,7428.284051835171
36907,7182.722510140536
36051,7194.07946668235
35195,7194.07946668235
34339,6351.582450113619
33483,6351.582450113619
32627,6093.702593852584
31771,6012.464153328399
30915,5985.43585162922
30059,5985.43585162922
29203,6167.615488213413
28347,6298.983193626986
27491,6298.983193626986
26635,7592.70567372047
25779,7260.3350212295745
24923,7050.691457524953
24067,7081.6137930537725
23211,7081.6137930537725
22355,6297.463292008179
21499,6297.463292008179
20643,5987.472641359479
19787,5971.930645731853
18931,5997.683892306825
18075,6026.360110411652
17219,6179.863528891018
16363,6319.868099693472
15507,6319.868099693472
14651,8486.000421389916
13795,7374.603417506009
12939,7156.070177510552
12083,7204.794747702853
11227,7204.794747702853
10371,6364.92716618148
9515,6364.92716618148
8659,6180.592637258126
7803,6085.418820906128
6947,6087.389504593348
6091,6087.389504593348
5235,6176.246566810382
4379,6319.868099693472
3523,6319.868099693472
2667,7614.2188170626805
1811,7280.2173866395415
955,7070.57382293492
99,7073.2090924417835
40332,6727.042391908626
39476,6727.042391908626
38620,8018.311863528016
37764,7647.85668058682
36908,7432.707004737257
36052,7444.1686803065795
35196,7444.1686803065795
34340,6678.099601509504
33484,6678.099601509504
32628,6397.87514103572
31772,6320.3577307189
30916,6293.329429019721
30060,6293.329429019721
29204,6496.814276927226
28348,6625.5003450228705
27492,6625.5003450228705
26636,7815.9027273287475
25780,7479.907649981224
24924,7300.6759521216745
24068,7331.703006678002
23212,7331.703006678002
22356,6611.789657189833
21500,6611.789657189833
20644,6291.645188542615
19788,6279.824223122353
18932,6305.577469697326
18076,6334.253687802153
17220,6509.062317604831
16364,6634.194464875125
15508,6634.194464875125
14652,8700.908423655754
13796,7594.176046257658
12940,7406.054672107273
12084,7454.883961327082
11228,7454.883961327082
10372,6675.847318865183
9516,6675.847318865183
8660,6473.845434441184
7804,6385.577614729133
6948,6387.548298416353
6092,6387.548298416353
5236,6496.5471397592355
4380,6630.788252377175
3524,6630.788252377175
2668,7823.226245189993
1812,7499.7900153911905
956,7320.5583175316415
100,7323.298306066013
40333,5776.656132877122
39477,5776.656132877122
38621,6865.532438030674
37765,6527.338535419672
36909,6281.776993725036
36053,6293.133950266851
35197,6293.133950266851
34341,5711.459581059315
33485,5711.459581059315
32629,5493.202451637496
31773,5419.540027081969
30917,5392.51172538279
30061,5392.51172538279
29205,5535.068635127766
28349,5658.860324572681
27493,5658.860324572681
26637,6673.007371413595
25781,6359.389504814075
24925,6149.745941109453
24069,6180.668276638273
23213,6180.668276638273
22357,5657.340422953875
21501,5657.340422953875
20645,5386.972499144391
19789,5379.006519485422
18933,5404.759766060395
18077,5433.435984165222
17221,5547.316675805371
16365,5679.745230639167
15509,5679.745230639167
14653,7293.168389300075
13797,6473.657901090509
12941,6255.124661095052
12085,6303.849231287353
11229,6303.849231287353
10373,5734.9914312615465
9517,5734.9914312615465
8661,5590.279629177409
7805,5502.681828794069
6949,5504.652512481289
6093,5504.652512481289
5237,5553.886847859107
4381,5689.932364773538
3525,5689.932364773538
2669,6694.520514755805
1813,6379.271870224042
957,6169.62830651942
101,6172.263576026284
40334,6097.198009323226
39478,6097.198009323226
38622,6883.374503467747
37766,6560.677198491416
36910,6306.301191936283
36054,6326.223496707517
35198,6326.223496707517
34342,6024.60269267613
33486,6024.60269267613
32630,5537.16463804121
31774,5451.4757098701975
30918,5424.447408171019
30062,5424.447408171019
29206,5694.088935537096
28350,5967.552948542668
27494,5967.552948542668
26638,6686.39894920384
25782,6388.277680238991
24926,6169.819651673873
24070,6209.307335432111
23214,6209.307335432111
22358,5966.033046923862
21502,5966.033046923862
20646,5426.484197901277
19790,5410.942202273651
18934,5436.6954488486235
18078,5465.371666953451
17222,5706.336976214701
16366,5988.437854609154
15510,5988.437854609154
14654,7525.575162392524
13798,6506.996564162253
12942,6279.6488593062995
12086,6336.93877772802
11230,6336.93877772802
10374,6037.94740874399
9518,6037.94740874399
8662,5624.0546814467525
7806,5528.880865094754
6950,5530.851548781974
6094,5530.851548781974
5238,5702.720014134065
4382,5988.437854609154
3526,5988.437854609154
2670,6707.91209254605
1814,6408.160045648958
958,6189.70201708384
102,6200.902634820122
40335,5388.383268535531
39479,5388.383268535531
38623,6607.568316077244
37767,6219.187752674225
36911,5979.689001614087
36055,5974.164275083766
35199,5974.164275083766
34343,5318.6781001935515
33487,5318.6781001935515
32631,5111.558916241734
31775,5037.896491686207
30919,5010.868189987028
30063,5010.868189987028
29207,5156.8447600847485
28351,5266.078843706918
27495,5266.078843706918
26639,6415.0432494601655
25783,6051.238722068628
24927,5847.657948998504
24071,5861.6986014551885
23215,5861.6986014551885
22359,5264.5589420881115
21503,5264.5589420881115
20647,5005.328963748629
19791,4997.36298408966
18935,5023.116230664633
18079,5051.79244876946
17223,5169.092800762353
16367,5286.963749773404
15511,5286.963749773404
14655,7259.949274417286
13799,6165.507118345062
12943,5953.036668984103
12087,5984.879556104269
11231,5984.879556104269
10375,5332.022816261412
9519,5332.022816261412
8663,5198.448959647276
7807,5110.851159263935
6951,5112.821842951155
6095,5112.821842951155
5239,5165.4758386817175
4383,5286.963749773404
3527,5286.963749773404
2671,6436.556392802376
1815,6071.121087478595
959,5867.540314408471
103,5853.2939008431995
40336,5189.816976890279
39480,5189.816976890279
38624,6051.388619593495
37768,5834.545727419729
36912,5617.437651825752
36056,5656.044741231896
35200,5656.044741231896
34344,5145.382803015329
33488,5145.382803015329
32632,4925.189471077149
31776,4859.986825100612
30920,4832.958523401433
30064,4832.958523401433
29208,4961.854636950588
28352,5092.783546528695
27496,5092.783546528695
26640,5871.486556989927
25784,5666.596696814132
24928,5485.40659921017
24072,5543.579067603318
23216,5543.579067603318
22360,5079.0728586956575
21504,5079.0728586956575
20648,4818.959518584044
19792,4819.453317504065
18936,4845.206564079038
18080,4873.882782183865
17224,4974.102677628193
16368,5101.47766638095
15512,5101.47766638095
14656,6697.453518082741
13800,5798.322672459174
12944,5608.242898564376
12088,5684.217601621007
11232,5684.217601621007
10376,5161.413785104181
9520,5161.413785104181
8664,5017.059330463981
7808,4941.106275092212
6952,4943.076958779432
6096,4943.076958779432
5240,4994.428370338516
4384,5116.354718616173
3528,5116.354718616173
2672,5896.2676542197805
1816,5703.936641592707
960,5522.746543988745
104,5552.6319463599375
40337,5449.6151264766095
39481,5449.6151264766095
38625,6523.861800901345
37769,6208.740511893672
36913,5963.1789701990365
36057,5974.535926740851
35201,5974.535926740851
34345,5379.90995813463
33489,5379.90995813463
32633,5175.313624908632
31777,5102.350206385137
30921,5075.3219046859585
30065,5075.3219046859585
29209,5210.6649725741245
28353,5334.456662019039
27497,5334.456662019039
26641,6338.482694655309
25785,6047.937441659118
24929,5838.293877954497
24073,5869.216213483316
23217,5869.216213483316
22361,5332.936760400233
21505,5332.936760400233
20649,5076.22963278657
19793,5061.816698788591
18937,5087.569945363563
18081,5116.2461634683905
17225,5222.913013251729
16369,5355.341568085525
15513,5355.341568085525
14657,6869.755878649073
13801,6155.059877564509
12945,5936.526637569053
12089,5985.251207761354
11233,5985.251207761354
10377,5393.254674202491
9521,5393.254674202491
8665,5262.203668314174
7809,5168.158913591823
6953,5170.129597279043
6097,5170.129597279043
5241,5219.2960511710935
4385,5355.341568085525
3529,5355.341568085525
2673,6345.806212516555
1817,6067.819807069085
961,5858.1762433644635
105,5860.811512871327
40338,5173.24164606564
39482,5173.24164606564
38626,5958.850329755136
37770,5741.371473365158
36914,5537.721339282939
36058,5556.486534145539
35202,5556.486534145539
34346,5103.536477723661
33490,5103.536477723661
32634,4888.256880922172
31778,4823.054234945635
30922,4760.023771242509
30066,4760.023771242509
29210,4920.913501364985
28354,5050.937221237027
27498,5050.937221237027
26642,5764.7586416706035
25786,5559.2328172785965
24930,5391.500661186392
24074,5401.544169014041
23218,5401.544169014041
22362,5049.417319618221
21506,5049.417319618221
20650,4755.030586206769
19794,4758.709351559372
18938,4784.462598134345
18082,4829.215408461392
17226,4945.352328256821
16370,5071.822127303513
15514,5071.822127303513
14658,6219.690037488593
13802,5673.5012135550305
12946,5496.879381171991
12090,5553.012189685077
11234,5553.012189685077
10378,5116.881193791522
9522,5116.881193791522
8666,4964.227174327636
7810,4888.274118955867
6954,4890.2448026430875
6098,4890.2448026430875
5242,4941.735366176185
4386,5071.822127303513
3530,5071.822127303513
2674,5786.271785012814
1818,5593.304808169528
962,5425.572652077323
106,5435.616159904972
40339,6084.075854386982
39483,6084.075854386982
38627,7387.708582587174
37771,6938.758661964306
36915,6747.689120008625
36059,6747.957324311531
35203,6747.957324311531
34347,6014.370686045003
33491,6014.370686045003
32635,5732.146770012656
31779,5666.944124036118
30923,5639.9158223369395
30067,5639.9158223369395
29211,5852.836711665518
28355,5961.771429558369
27499,5961.771429558369
26643,7185.299446387905
25787,6770.809631358709
24931,6615.658067393042
24075,6635.491650682953
23219,6635.491650682953
22363,5960.251527939563
21507,5960.251527939563
20651,5625.916817519551
19795,5626.410616439572
18939,5652.163863014544
18083,5680.8400811193715
17227,5865.084752343123
16371,5982.656335624855
15515,5982.656335624855
14659,7684.94421251044
13803,6885.078027635143
12947,6721.036787378641
12091,6758.6726053320335
11235,6758.6726053320335
10379,6027.715402112864
9523,6027.715402112864
8667,5808.11706341812
7811,5732.164008046351
6955,5734.134691733571
6099,5734.134691733571
5243,5852.569574497527
4387,5982.656335624855
3531,5982.656335624855
2675,7192.622964249151
1819,6790.691996768676
963,6635.540432803009
107,6627.086950070964
40340,5763.109186016048
39484,5763.109186016048
38628,6546.510935677383
37772,6221.320069909076
36916,6049.837857418801
36060,6037.316399898342
35204,6037.316399898342
34348,5693.404017674068
33492,5693.404017674068
32636,5457.550433981506
31780,5382.994252632029
30924,5355.965950932849
30068,5355.965950932849
29212,5507.9589020989
28356,5645.736540530405
27500,5645.736540530405
26644,6358.015222671482
25788,6058.302818646449
24932,5922.738584146189
24076,5929.782505612735
23220,5929.782505612735
22364,5644.2166389116
21508,5644.2166389116
20652,5356.252260831371
19796,5342.460745035482
18940,5368.213991610454
18084,5396.890209715281
17228,5520.206942776505
16372,5666.621446596892
15516,5666.621446596892
14660,6810.654890583126
13804,6167.639435579913
12948,6023.185524788816
12092,6048.031680918844
11236,6048.031680918844
10380,5706.748733741929
9524,5706.748733741929
8668,5544.440477387047
7812,5451.017140866786
6956,5452.987824554007
6100,5452.987824554007
5244,5516.589980695869
4388,5666.621446596892
3532,5666.621446596892
2676,6379.528366013692
1820,6078.185184056416
964,5942.620949556156
108,5921.377805000746
40341,5037.233471476579
39485,5037.233471476579
38629,6387.1464902677535
37773,5978.082224290114
36917,5738.583473229976
36061,5733.058746699656
35205,5733.058746699656
34349,4967.5283031346
33493,4967.5283031346
32637,4781.6711809099115
31781,4710.6554717204335
30925,4683.627170021255
30069,4683.627170021255
29213,4824.811680376005
28357,4914.929046647966
27501,4914.929046647966
26645,6177.058105775575
25789,5810.133193684517
24933,5606.552420614394
24077,5620.593073071078
23221,5620.593073071078
22365,4913.40914502916
21509,4913.40914502916
20653,4675.441228416807
19797,4666.505002043251
18941,4692.258248618224
18085,4720.934466723051
17229,4833.442758972974
16373,4935.813952714452
15517,4935.813952714452
14661,6808.463770196172
13805,5924.401589960951
12949,5711.931140599992
12093,5743.774027720158
11237,5743.774027720158
10381,4980.8730192024605
9525,4980.8730192024605
8669,4868.561224315454
7813,4779.993177217526
6957,4781.963860904746
6101,4781.963860904746
5245,4833.442758972974
4389,4935.813952714452
3533,4935.813952714452
2677,6198.571249117786
1821,5830.015559094484
965,5626.434786024361
109,5612.188372459089
40342,6831.797577536669
39486,6831.797577536669
38630,8135.543843666068
37774,7808.955172747691
36918,7590.761068275788
36062,7589.328362994238
35206,7589.328362994238
34350,6762.09240919469
33494,6762.09240919469
32638,6520.610788298656
31782,6452.542967575311
30926,6372.571199297634
30070,6372.571199297634
29214,6600.2660966769545
28358,6714.424932051027
27502,6714.424932051027
26646,7924.779287060598
25790,7631.748296004101
24934,7449.4721695222115
24078,7439.317777205711
23222,7439.317777205711
22366,6712.905030432221
21510,6712.905030432221
20654,6375.374968351673
19798,6367.639817533862
18942,6393.393064108835
18086,6438.1458744358815
17230,6621.087961488155
16374,6735.309838117513
15518,6735.309838117513
14662,8784.123643813216
13806,7741.084912937564
12950,7549.919110164839
12094,7585.854018533776
11238,7585.854018533776
10382,6775.437125262551
9526,6775.437125262551
8670,6579.639777129569
7814,6492.272805587386
6958,6494.243489274606
6102,6494.243489274606
5246,6621.087961488155
4390,6735.309838117513
3534,6735.309838117513
2678,7946.292430402808
1822,7665.820286895032
966,7483.544160413143
110,7473.389768096642
40343,6546.191874721095
39487,6546.191874721095
38631,7631.738489365044
37775,7263.316596220293
36919,7091.834383730017
36063,7079.312926209559
35207,7079.312926209559
34351,6476.486706379115
33495,6476.486706379115
32639,6187.349599651515
31783,6112.793418302038
30927,6032.821650024361
30071,6032.821650024361
29215,6269.9525888247545
28359,6428.819229235452
27503,6428.819229235452
26647,7420.071507027782
25791,7086.109719476703
24935,6950.545484976441
24079,6929.302340421032
23223,6929.302340421032
22367,6427.299327616646
21511,6427.299327616646
20655,6042.113779704531
19799,6031.507230341224
18943,6057.260476916197
18087,6102.013287243244
17231,6294.391415716591
16375,6449.704135301939
15519,6449.704135301939
14663,7924.762816423276
13807,7195.446336410166
12951,7050.992425619069
12095,7075.838581749097
11239,7075.838581749097
10383,6489.831422446976
9527,6489.831422446976
8671,6246.378588482427
7815,6156.140218394748
6959,6158.110902081969
6103,6158.110902081969
5247,6290.774453635955
4391,6449.704135301939
3535,6449.704135301939
2679,7441.584650369992
1823,7120.181710367634
967,6984.617475867372
111,6963.374331311963
40344,6454.746398261998
39488,6454.746398261998
38632,7945.331009415235
37776,7490.646805032441
36920,7251.148053972303
36064,7245.623327441983
35208,7245.623327441983
34352,6385.041229920019
33496,6385.041229920019
32640,6110.977726737343
31784,6037.315302181816
30928,6010.287000482637
30072,6010.287000482637
29216,6223.207889811216
28360,6332.441973433385
27504,6332.441973433385
26648,7743.8242989477585
25792,7322.697774426844
24936,7119.117001356721
24080,7133.157653813405
23224,7133.157653813405
22368,6330.922071814579
21512,6330.922071814579
20656,6004.747774244238
19800,5996.781794585269
18944,6022.535041160242
18088,6051.211259265069
17232,6235.455930488821
16376,6353.326879499871
15520,6353.326879499871
14664,8642.444052878138
13808,7436.966170703278
12952,7224.4957213423195
12096,7256.338608462485
11240,7256.338608462485
10384,6398.3859459878795
9528,6398.3859459878795
8672,6197.867770142885
7816,6110.269969759544
6960,6112.240653446765
6104,6112.240653446765
5248,6231.838968408185
4392,6353.326879499871
3536,6353.326879499871
2680,7765.337442289969
1824,7342.580139836811
968,7138.999366766688
112,7124.752953201416
40345,6062.959126700196
39489,6029.626621969981
38633,6787.371447853271
37777,6542.571845727862
36921,6371.089633237587
36065,6358.568175717129
35209,6358.568175717129
34353,5997.762574882388
33497,5964.430070152173
32641,5776.466597012571
31785,5702.609421695126
30929,5675.581119995947
30073,5675.581119995947
29217,5834.021025501007
28361,5957.241058109768
27505,5923.908553379553
26649,6606.021695218414
25793,6386.700554836279
24937,6251.136320336018
24081,6258.1802418025645
23225,6258.1802418025645
22369,5955.721156490962
21513,5922.388651760747
20657,5682.314384233479
19801,5662.075914098579
18945,5687.829160673552
18089,5716.505378778379
17233,5846.269066178612
16377,5978.1259641762545
15521,5944.793459446039
14665,7024.718026093785
13809,6474.7015859177345
12953,6330.247675126639
12097,6355.093831256667
11241,6355.093831256667
10385,6011.107290950249
9529,5977.774786220034
8673,5835.495585843483
7817,5745.257215755804
6961,5747.227899443024
6105,5747.227899443024
5249,5833.753888333016
4393,5978.1259641762545
3537,5944.793459446039
2681,6613.3452130796595
1825,6406.5829202462455
969,6271.018685745985
113,6249.7755411905755
40346,5292.514035223814
39490,5292.514035223814
38634,6040.723177012577
37778,5823.244320622599
36922,5619.59418654038
36066,5638.35938140298
35210,5638.35938140298
34354,5222.808866881835
33498,5222.808866881835
32642,5007.529270080346
31786,4942.326624103808
30930,4879.296160400682
30074,4879.296160400682
29218,5040.185890523158
28362,5170.209610395201
27506,5170.209610395201
26650,5846.631488928045
25794,5641.105664536038
24938,5473.373508443833
24082,5483.417016271482
23226,5483.417016271482
22370,5168.689708776395
21514,5168.689708776395
20658,4874.3029753649425
19802,4877.981740717546
18946,4903.734987292519
18090,4948.487797619566
17234,5064.624717414995
16378,5191.094516461687
15522,5191.094516461687
14666,6311.246924265375
13810,5755.374060812472
12954,5578.752228429432
12098,5634.885036942518
11242,5634.885036942518
10386,5236.153582949695
9530,5236.153582949695
8674,5083.49956348581
7818,5007.546508114041
6962,5009.517191801261
6106,5009.517191801261
5250,5061.007755334359
4394,5191.094516461687
3538,5191.094516461687
2682,5868.144632270255
1826,5675.177655426969
970,5507.4454993347645
114,5517.489007162413
40347,5938.766945322569
39491,5938.766945322569
38635,7094.2545559255395
37779,6745.700428754668
36923,6533.569114917262
36067,6515.254726563577
35211,6515.254726563577
34355,5869.0617769805895
33499,5869.0617769805895
32643,5648.281796832952
31787,5584.6598047953785
30931,5521.629341092253
30075,5521.629341092253
29219,5696.179867410549
28363,5821.394299836927
27507,5821.394299836927
26651,6892.471643170467
25795,6568.493552011078
24939,6392.280216163686
24083,6365.24414077505
23227,6365.24414077505
22371,5819.874398218121
21515,5819.874398218121
20659,5519.98728146052
19803,5520.314921409116
18947,5546.068167984088
18091,5590.820978311135
17235,5720.618694302385
16379,5842.279205903414
15523,5842.279205903414
14667,7444.418203411167
13811,6677.830168944542
12955,6492.727156806313
12099,6511.780382103116
11243,6511.780382103116
10387,5882.40649304845
9531,5882.40649304845
8675,5724.252090238416
7819,5644.9479094626395
6963,5646.9185931498605
6107,5646.9185931498605
5251,5717.001732221749
4395,5842.279205903414
3539,5842.279205903414
2683,6913.984786512678
1827,6602.56554290201
971,6426.352207054617
115,6399.316131665981
40348,6595.460035914234
39492,6595.460035914234
38636,7686.1720297888605
37780,7317.750136644108
36924,7146.2679241538335
36068,7133.746466633374
35212,7133.746466633374
34356,6546.517245515112
33500,6546.517245515112
32644,6241.78314007533
31788,6167.226958725853
30932,6140.198657026675
30076,6140.198657026675
29220,6345.475131227761
28364,6498.8497683714495
27508,6498.8497683714495
26652,7488.694672932563
25796,7154.732885381483
24940,7019.168650881222
24084,7026.2125723477675
23228,7026.2125723477675
22372,6485.139080538412
21516,6485.139080538412
20660,6140.484966925197
19804,6126.693451129307
18948,6152.44669770428
18092,6181.122915809107
17236,6357.723171905366
16380,6507.543888223704
15524,6507.543888223704
14668,7995.048069817463
13812,7264.069502314946
12956,7119.615591523849
12100,7144.461747653877
11244,7144.461747653877
10388,6544.264962870792
9532,6544.264962870792
8676,6300.812128906243
7820,6210.573758818565
6964,6212.544442505784
6108,6212.544442505784
5252,6345.207994059771
4396,6504.137675725754
3540,6504.137675725754
2684,7496.018190793808
1828,7174.61525079145
972,7039.051016291189
116,7017.8078717357785
40349,6446.806517442472
39493,6446.806517442472
38637,7985.583226683279
37781,7510.215319725865
36925,7270.716568665727
36069,7265.191842135407
35213,7265.191842135407
34357,6377.101349100492
33501,6377.101349100492
32645,6094.877433068145
31789,6020.2447617980315
30933,5993.216460098853
30077,5993.216460098853
29221,6206.137349427431
28365,6324.502092613859
27509,6324.502092613859
26653,7766.513198340703
25797,7342.266289120268
24941,7138.6855160501445
24085,7152.726168506829
23229,7152.726168506829
22373,6322.982190995052
21517,6322.982190995052
20661,5988.64748057504
19805,5979.711254201485
18949,6005.4645007764575
18093,6034.140718881285
17237,6218.385390105036
16381,6345.386998680345
15525,6345.386998680345
14669,8665.13295227108
13813,7456.534685396702
12957,7244.064236035743
12101,7275.907123155909
11245,7275.907123155909
10389,6390.446065168353
9533,6390.446065168353
8677,6181.767476473688
7821,6093.19942937576
6965,6095.17011306298
6109,6095.17011306298
5253,6214.7684280244
4397,6345.386998680345
3541,6345.386998680345
2685,7788.026341682913
1829,7362.148654530235
973,7158.5678814601115
117,7144.32146789484
40350,5480.625142633199
39494,5480.625142633199
38638,6376.31138502635
37782,5970.5924917799275
36926,5788.337414684743
36070,5788.605618987649
35214,5788.605618987649
34358,5410.91997429122
33502,5410.91997429122
32646,5189.623996421402
31790,5124.421350444864
30934,5044.449582167187
30078,5044.449582167187
29222,5228.2969979325435
28366,5358.320717804586
27510,5358.320717804586
26654,6168.694267196514
25798,5788.453835693366
24942,5642.116736588196
24086,5633.663253856151
23230,5633.663253856151
22374,5356.80081618578
21518,5356.80081618578
20662,5039.456397131447
19806,5043.135162484051
18950,5068.888409059024
18094,5113.641219386071
17238,5252.73582482438
16382,5379.205623871072
15526,5379.205623871072
14670,6599.974629291008
13814,5902.7222319698
12958,5747.495456573794
12102,5785.131274527187
11246,5785.131274527187
10390,5424.26469035908
9534,5424.26469035908
8678,5248.6529852523145
7822,5172.699929880546
6966,5174.670613567766
6110,5174.670613567766
5254,5249.118862743744
4398,5379.205623871072
3542,5379.205623871072
2686,6190.207410538725
1830,5822.525826584298
974,5676.188727479127
118,5667.735244747082
40351,7354.863312426363
39495,7354.863312426363
38639,8806.734411511205
37783,8364.872314913671
36927,8161.555465936758
36071,8143.241077583073
35215,8143.241077583073
34359,7285.158144084384
33503,7285.158144084384
32647,6996.021037356785
31791,6948.22727431004
30935,6921.19897261086
30079,6921.19897261086
29223,7126.475446811946
28367,7237.490666940722
27511,7237.490666940722
26655,8592.596162511598
25799,8201.855063651043
24943,8034.456192664146
24087,8035.707183297466
23231,8035.707183297466
22375,7235.970765321915
21519,7235.970765321915
20663,6894.72286420665
19807,6907.693766713493
18951,6933.447013288465
18095,6962.123231393292
17239,7138.723487489551
16383,7258.375573007207
15527,7258.375573007207
14671,9231.544148613068
13815,8311.191680584503
12959,8134.903133306774
12103,8153.956358603576
11247,8153.956358603576
10391,7298.502860152245
9535,7298.502860152245
8679,7055.050026187697
7823,6991.574074402751
6967,6993.54475808997
6111,6993.54475808997
5255,7126.2083096439555
4399,7258.375573007207
3543,7258.375573007207
2687,8599.919680372843
1831,8221.73742906101
975,8054.338558074113
119,8027.302482685477
40352,6492.710741572545
39496,6492.710741572545
38640,7560.658040471861
37784,7272.627410970007
36928,7092.330733619235
36072,7079.8092760987765
35216,7079.8092760987765
34360,6420.115424925449
33504,6420.115424925449
32648,6137.891508893102
31792,6068.504229175233
30936,6041.4759274760545
30080,6041.4759274760545
29224,6254.396816804633
28368,6377.616849413394
27512,6377.616849413394
26656,7368.3495852471715
25800,7114.77906133899
24944,6970.400361978232
24088,6977.444283444778
23232,6977.444283444778
22376,6376.096947794588
21520,6376.096947794588
20664,6041.762237374576
19808,6027.970721578687
18952,6053.723968153659
18096,6082.400186258486
17240,6266.644857482238
16384,6398.501755479881
15528,6398.501755479881
14672,7857.24157163684
13816,7218.946776640844
12960,7065.678400989251
12104,7090.524557119279
11248,7090.524557119279
10392,6433.460140993309
9536,6433.460140993309
8680,6224.781552298644
7824,6131.358215778382
6968,6133.328899465602
6112,6133.328899465602
5256,6263.027895401602
4400,6398.501755479881
3544,6398.501755479881
2688,7389.862728589382
1832,7134.661426748957
976,6990.2827273881985
120,6969.039582832789
40353,6467.428513574309
39497,6467.428513574309
38641,7547.127687949998
37785,7178.705794805247
36929,7007.223582314971
36073,6994.702124794513
35217,6994.702124794513
34361,6418.485723175188
33505,6418.485723175188
32649,6128.309223558151
31793,6053.753042208674
30937,6026.724740509495
30081,6026.724740509495
29225,6232.001214710582
28369,6370.818246031525
27513,6370.818246031525
26657,7349.6503310937005
25801,7015.688543542621
24945,6880.1243090423595
24089,6887.168230508906
23233,6887.168230508906
22377,6357.107558198487
21521,6357.107558198487
20665,6027.011050408017
19809,6013.219534612127
18953,6038.9727811871
18097,6067.648999291927
17241,6244.249255388187
16385,6379.512365883779
15529,6379.512365883779
14673,7827.993660996699
13817,7125.025160476084
12961,6980.571249684987
12105,7005.417405815016
11249,7005.417405815016
10393,6416.233440530867
9537,6416.233440530867
8681,6187.338212389063
7825,6097.099842301384
6969,6099.0705259886045
6113,6099.0705259886045
5257,6231.734077542591
4401,6376.106153385829
3545,6376.106153385829
2689,7356.973848954946
1833,7035.570908952588
977,6900.0066744523265
121,6878.763529896917
40354,5484.10203676822
39498,5484.10203676822
38642,6342.76533362784
37786,5961.754621574666
36930,5779.499544479481
36074,5779.767748782388
35218,5779.767748782388
34362,5414.396868426241
33506,5414.396868426241
32650,5193.100890556423
31794,5115.583480239603
30938,5035.611711961926
30082,5035.611711961926
29226,5219.459127727282
28370,5361.797611939607
27514,5361.797611939607
26658,6135.1482157980045
25802,5779.615965488105
24946,5633.278866382934
24090,5624.825383650889
23234,5624.825383650889
22378,5360.277710320801
21522,5360.277710320801
20666,5042.933291266469
19810,5034.297292278789
18954,5060.050538853762
18098,5104.803349180809
17242,5243.8979546191185
16386,5382.682518006093
15530,5382.682518006093
14674,6566.428577892498
13818,5893.884361764539
12962,5738.657586368533
12106,5776.293404321926
11250,5776.293404321926
10394,5427.7415844941015
9538,5427.7415844941015
8682,5252.129879387336
7826,5163.862059675284
6970,5165.8327433625045
6114,5165.8327433625045
5258,5240.280992538483
4402,5382.682518006093
3546,5382.682518006093
2690,6156.661359140215
1834,5813.687956379036
978,5667.350857273866
122,5658.897374541821
40355,6960.960613763681
39499,6960.960613763681
38643,8422.505708603363
37787,7975.53495883085
36931,7772.2181098539395
36075,7753.9037215002545
35219,7753.9037215002545
34363,6916.52643988873
33507,6916.52643988873
32651,6611.792334448949
31795,6553.958138884251
30939,6526.929837185071
30083,6526.929837185071
29227,6732.206311386159
28371,6863.927183402097
27515,6863.927183402097
26659,8203.435680260794
25803,7807.585928225253
24947,7640.187057238357
24091,7641.438047871677
23235,7641.438047871677
22379,6850.21649556906
21523,6850.21649556906
20667,6505.562381955843
19811,6513.424631287703
18955,6539.177877862676
18099,6567.854095967503
17243,6744.4543520637635
16387,6872.621303254352
15531,6872.621303254352
14675,9096.730427930228
13819,7921.854324501687
12963,7745.565777223956
12107,7764.619002520757
11251,7764.619002520757
10395,6914.274157244409
9539,6914.274157244409
8683,6670.821323279861
7827,6602.236718319932
6971,6604.207402007151
6115,6604.207402007151
5259,6731.939174218168
4403,6869.215090756402
3547,6869.215090756402
2691,8210.759198122038
1835,7827.46829363522
979,7660.069422648324
123,7633.033347259688
40356,5218.559109865309
39500,5218.559109865309
38644,6508.744451916265
37788,6099.680185938625
36932,5860.181434878487
36076,5854.656708348167
35220,5854.656708348167
34364,5148.85394152333
33508,5148.85394152333
32652,4933.574344721841
31796,4858.941673451727
30940,4831.913371752548
30084,4831.913371752548
29228,4977.889941850269
28372,5096.254685036696
27516,5096.254685036696
26660,6298.656067424086
25804,5931.731155333028
24948,5728.150382262905
24092,5742.191034719589
23236,5742.191034719589
22380,5094.73478341789
21524,5094.73478341789
20668,4827.344392228736
19812,4818.40816585518
18956,4844.161412430153
18100,4872.83763053498
17244,4990.137982527874
16388,5117.139591103182
15532,5117.139591103182
14676,7143.562092381207
13820,6045.999551609462
12964,5833.5291022485035
12108,5865.371989368669
11252,5865.371989368669
10396,5162.198657591191
9540,5162.198657591191
8684,5020.464388127383
7828,4931.8963410294555
6972,4933.867024716676
6116,4933.867024716676
5260,4986.521020447238
4404,5117.139591103182
3548,5117.139591103182
2692,6320.169210766297
1836,5951.613520742995
980,5748.032747672872
124,5733.7863341076
40357,5428.096685767375
39501,5428.096685767375
38645,6686.592829305699
37789,6254.45594972473
36933,6014.957198664592
36077,6009.432472134272
35221,6009.432472134272
34365,5358.391517425395
33509,5358.391517425395
32653,5129.451124428086
31797,5054.818453157972
30941,5027.790151458793
30085,5027.790151458793
29229,5187.427517752334
28373,5305.7922609387615
27517,5305.7922609387615
26661,6476.50444481352
25805,6086.506919119133
24949,5882.92614604901
24093,5896.966798505694
23237,5896.966798505694
22381,5304.272359319955
21525,5304.272359319955
20669,5023.221171934981
19813,5014.284945561425
18957,5040.038192136398
18101,5068.714410241225
17245,5199.675558429939
16389,5326.677167005248
15533,5326.677167005248
14677,7321.410469770641
13821,6200.775315395567
12965,5988.3048660346085
12109,6020.147753154774
11253,6020.147753154774
10397,5371.736233493256
9541,5371.736233493256
8685,5216.341167833628
7829,5127.7731207357
6973,5129.74380442292
6117,5129.74380442292
5261,5196.058596349303
4405,5326.677167005248
3549,5326.677167005248
2693,6498.017588155731
1837,6106.3892845291
981,5902.808511458977
125,5888.562097893705
40358,4736.173171406544
39502,4736.173171406544
38646,5914.079712357975
37790,5591.382407381644
36934,5345.820865687008
36078,5365.743170458242
35222,5365.743170458242
34366,4663.577854759447
33510,4663.577854759447
32654,4502.450003832788
31798,4426.380464940212
30942,4346.408696662535
30086,4346.408696662535
29230,4502.367215068027
28374,4616.147499904422
27518,4616.147499904422
26662,5712.533921891541
25806,5414.412652926691
24950,5204.76908922207
24094,5215.969706958353
23238,5215.969706958353
22382,4614.627598285616
21526,4614.627598285616
20670,4357.451306174442
19814,4345.094276979398
18958,4370.847523554371
18102,4415.600333881418
17246,4526.806041959863
16390,4637.032405970908
15534,4637.032405970908
14678,6566.976998382094
13822,5523.512147571517
12966,5304.97890757606
12110,5362.26882599778
11254,5362.26882599778
10398,4676.922570827308
9542,4676.922570827308
8686,4561.4789926637
7830,4469.490142744285
6974,4471.460826431505
6118,4471.460826431505
5262,4523.189079879227
4406,4637.032405970908
3550,4637.032405970908
2694,5734.047065233751
1838,5448.484643817623
982,5238.841080113001
126,5250.041697849284
40359,5773.863795512967
39503,5773.863795512967
38647,6622.947641377682
37791,6297.756775609374
36935,6117.4600982586035
36079,6104.938640738145
35223,6104.938640738145
34367,5704.1586271709875
33511,5704.1586271709875
32655,5475.218234173677
31799,5400.6620528242
30943,5373.633751125021
30087,5373.633751125021
29231,5533.271117418563
28375,5656.491150027325
27519,5656.491150027325
26663,6434.451928371782
25807,6134.739524346748
24951,5990.360824985992
24095,5997.404746452538
23239,5997.404746452538
22383,5654.9712484085185
21527,5654.9712484085185
20671,5373.920061023543
19815,5360.128545227653
18959,5385.881791802626
18103,5414.558009907453
17247,5545.519158096168
16391,5677.376056093811
15535,5677.376056093811
14679,6873.794225019205
13823,6244.076141280211
12967,6090.80776562862
12111,6115.653921758648
11255,6115.653921758648
10399,5717.503343238848
9543,5717.503343238848
8687,5562.108277579219
7831,5468.6849410589575
6975,5470.655624746178
6119,5470.655624746178
5263,5541.902196015532
4407,5677.376056093811
3551,5677.376056093811
2695,6441.775446233028
1839,6154.621889756715
983,6010.243190395959
127,5989.000045840549
40360,6503.182498433558
39504,6503.182498433558
38648,7757.4414817956695
37792,7399.089165411552
36936,7144.71315885642
36080,7164.635463627654
35224,7164.635463627654
34368,6430.587181786462
33512,6430.587181786462
32656,6023.429164673386
31800,5945.3162524710315
30944,5882.285788767906
30088,5882.285788767906
29232,6152.503792819269
28376,6373.537437653
27520,6373.537437653
26664,7537.294658200401
25808,7212.500021678163
24952,6994.041993113045
24096,7005.242610849327
23240,7005.242610849327
22384,6372.017536034194
21528,6372.017536034194
20672,5885.752382311155
19816,5880.971369084769
18960,5906.724615659742
18104,5951.477425986789
17248,6176.942619711105
16392,6394.422343719486
15536,6394.422343719486
14680,8201.793868362276
13824,7331.218905601425
12968,7103.8712007454715
12112,7161.161119167192
11256,7161.161119167192
10400,6443.931897854322
9544,6443.931897854322
8688,6099.39945807885
7832,6014.986624128092
6976,6016.957307815313
6120,6016.957307815313
5264,6173.325657630469
4408,6394.422343719486
3552,6394.422343719486
2696,7558.807801542611
1840,7246.572012569094
984,7028.113984003976
128,7039.314601740259
40361,5213.653772532256
39505,5213.653772532256
38649,6467.348213669585
37793,6078.967650266565
36937,5839.4688992064275
36081,5833.944172676107
35225,5833.944172676107
34369,5141.05845588516
33513,5141.05845588516
32657,4933.939271933342
31801,4865.445749009424
30945,4802.415285306298
30089,4802.415285306298
29233,4963.305015428774
28377,5093.6281010301345
27521,5093.6281010301345
26665,6265.80242320315
25809,5901.997895811613
24953,5698.417122741489
24097,5684.170709176217
23241,5684.170709176217
22385,5092.108199411328
21529,5092.108199411328
20673,4805.881878849547
19817,4801.100865623162
18961,4826.854112198134
18105,4871.606922525181
17249,4987.74384232061
16393,5114.513007096621
15537,5114.513007096621
14681,7113.71124651772
13825,6011.097390456438
12969,5798.626941095479
12113,5830.469828215645
11257,5830.469828215645
10401,5154.40317195302
9545,5154.40317195302
8689,5009.909565338806
7833,4925.496731388048
6977,4927.467415075268
6121,4927.467415075268
5265,4984.1268802399745
4409,5114.513007096621
3553,5114.513007096621
2697,6287.3155665453605
1841,5936.069886702544
985,5732.48911363242
129,5718.242700067149
40362,5403.529151618214
39506,5403.529151618214
38650,6400.606344019247
37794,5994.887450772825
36938,5803.817908817144
36082,5804.08611312005
35226,5804.08611312005
34370,5333.823983276235
33514,5333.823983276235
32658,5104.883590278925
31802,5039.680944302388
30946,4976.650480599262
30090,4976.650480599262
29234,5151.2010069175585
28378,5281.224726789601
27522,5281.224726789601
26666,6192.989226189412
25810,5812.748794686264
24954,5657.597230720597
24098,5649.143747988552
23242,5649.143747988552
22386,5279.704825170795
21530,5279.704825170795
20674,4971.657295563522
19818,4975.3360609161255
18962,5001.089307491098
18106,5045.842117818145
17250,5175.639833809395
16394,5302.109632856087
15538,5302.109632856087
14682,6657.604661526742
13826,5927.017190962698
12970,5762.975950706195
12114,5800.611768659588
11258,5800.611768659588
10402,5347.168699344095
9546,5347.168699344095
8690,5180.853883684389
7834,5104.90082831262
6978,5106.871511999841
6122,5106.871511999841
5266,5172.022871728759
4410,5302.109632856087
3554,5302.109632856087
2698,6214.502369531622
1842,5846.820785577195
986,5691.669221611528
130,5683.215738879483
40363,5329.044712875492
39507,5329.044712875492
38651,6321.865244267762
37795,5999.167939291431
36939,5744.791932736299
36083,5764.714237507533
35227,5764.714237507533
34371,5259.339544533513
33515,5259.339544533513
32659,4881.776264168816
31803,4790.918434366195
30947,4763.890132667016
30091,4763.890132667016
29235,5028.739600290123
28379,5197.120898768442
27523,5197.120898768442
26667,6119.720788372247
25811,5821.599519407398
24955,5603.141490842279
24099,5642.629174600518
23243,5642.629174600518
22387,5195.600997149636
21531,5195.600997149636
20675,4765.926922397274
19819,4750.384926769648
18963,4776.138173344621
18107,4804.814391449448
17251,5040.987640967728
16395,5218.005804834928
15539,5218.005804834928
14683,6960.762150782707
13827,5945.487304962268
12971,5718.139600106315
12115,5775.429518528035
11259,5775.429518528035
10403,5272.684260601373
9547,5272.684260601373
8691,4968.666307574358
7835,4873.49249122236
6979,4875.46317490958
6123,4875.46317490958
5267,5037.370678887092
4411,5218.005804834928
3555,5218.005804834928
2699,6141.233931714457
1843,5841.4818848173645
987,5623.023856252246
131,5634.224473988529
40364,6127.142948161053
39508,6127.142948161053
38652,7197.514971901073
37796,6922.220119125547
36940,6695.211549793147
36084,6693.7788445115975
35228,6693.7788445115975
34372,6057.4377798190735
33516,6057.4377798190735
32660,5846.093841092509
31804,5782.471849054936
30948,5755.443547355757
30092,5755.443547355757
29236,5905.644872228224
28380,6009.770302675411
27524,6009.770302675411
26668,7009.9216846269655
25812,6759.202867862921
24956,6568.1122765205355
24100,6586.244950225991
23244,6586.244950225991
22388,6008.2504010566045
21532,6008.2504010566045
20676,5744.795667942375
19820,5741.938341458389
18964,5767.691588033362
18108,5796.367806138189
17252,5917.892912905829
16396,6030.655208741897
15540,6030.655208741897
14684,7841.796568445107
13828,6868.539484796384
12972,6668.559217163163
12116,6704.4941255321
11260,6704.4941255321
10404,6070.782495886934
9548,6070.782495886934
8692,5932.983884498051
7836,5850.494737289693
6980,5852.465420976913
6124,5852.465420976913
5268,5914.275950825193
4412,6030.655208741897
3556,6030.655208741897
2700,7031.434827969176
1844,6779.085233272888
988,6587.994641930502
132,6577.840249614002
40365,5192.286476693927
39509,5192.286476693927
38653,6221.244482567422
37797,5898.024167174743
36941,5668.529206515093
36085,5656.007748994635
35229,5656.007748994635
34373,5122.581308351948
33517,5122.581308351948
32661,4883.966652327489
31805,4807.148248042701
30949,4780.119946343522
30093,4780.119946343522
29237,4955.878530003223
28381,5077.128012236357
27525,5077.128012236357
26669,6034.962950589594
25813,5737.2210969401885
24957,5543.6441142705535
24101,5550.6880357371
23245,5550.6880357371
22389,5075.608110617551
21533,5075.608110617551
20677,4784.882660205427
19821,4766.614740446154
18965,4792.367987021127
18109,4819.756375897469
17253,4959.228354915868
16397,5098.012918302843
15541,5098.012918302843
14685,6496.278072197354
13829,5830.153907364615
12973,5627.687248404145
12117,5652.533404534173
11261,5652.533404534173
10405,5135.9260244198085
9549,5135.9260244198085
8693,4959.936945732953
7837,4871.669126020902
6981,4873.639809708122
6125,4873.639809708122
5269,4955.611392835232
4413,5098.012918302843
3557,5098.012918302843
2701,6042.2864684508395
1845,5757.1034623501555
989,5563.52647968052
133,5542.283335125111
40366,5299.58303170946
39510,5299.58303170946
38654,6259.637278576962
37798,5878.626566523788
36942,5687.5570245681065
36086,5687.825228871013
35230,5687.825228871013
34374,5229.87786336748
33518,5229.87786336748
32662,5000.937470370171
31806,4923.42006005335
30950,4860.389596350225
30094,4860.389596350225
29238,5034.940122668521
28382,5177.278606880846
27526,5177.278606880846
26670,6052.020160747126
25814,5696.487910437227
24958,5541.336346471559
24102,5532.8828637395145
23246,5532.8828637395145
22390,5175.75870526204
21534,5175.75870526204
20678,4867.711175654767
19822,4859.075176667088
18966,4884.828423242061
18110,4929.581233569108
17254,5059.378949560358
16398,5198.1635129473325
15542,5198.1635129473325
14686,6516.635596084457
13830,5810.756306713661
12974,5646.715066457158
12118,5684.350884410551
11262,5684.350884410551
10406,5243.222579435341
9550,5243.222579435341
8694,5076.9077637756345
7838,4988.639944063583
6982,4990.610627750803
6126,4990.610627750803
5270,5055.761987479722
4414,5198.1635129473325
3558,5198.1635129473325
2702,6073.5333040893365
1846,5730.559901328158
990,5575.408337362491
134,5566.954854630446
40367,4780.156559717347
39511,4780.156559717347
38655,5567.60337478421
37799,5297.471662061148
36943,5102.635992839426
36087,5121.401187702026
35231,5121.401187702026
34375,4710.451391375367
33519,4710.451391375367
32663,4531.727086177963
31807,4413.871583868342
30951,4333.899815590665
30095,4333.899815590665
29239,4499.29437541723
28383,4657.852134888733
27527,4657.852134888733
26671,5373.511686699678
25815,5115.333005974587
24959,4956.415314742879
24103,4966.458822570527
23247,4966.458822570527
22391,4656.332233269927
21535,4656.332233269927
20679,4381.559486888009
19823,4332.585395907528
18967,4358.338642482501
18111,4403.091452809548
17255,4523.733202309067
16399,4678.7370409552195
15543,4678.7370409552195
14687,5838.721756049256
13831,5229.601402251021
12975,5061.7940347284775
12119,5117.926843241564
11263,5117.926843241564
10407,4723.796107443228
9551,4723.796107443228
8695,4590.756075008876
7839,4462.150163304023
6983,4464.1208469912435
6127,4464.1208469912435
5271,4520.116240228431
4415,4678.7370409552195
3559,4678.7370409552195
2703,5395.024830041888
1847,5149.404996865518
991,4990.48730563381
135,5000.530813461459
40368,6288.320327421557
39512,6288.320327421557
38656,7368.077061966704
37800,7041.6788908476765
36944,6861.382213496904
36088,6848.860755976446
35232,6848.860755976446
34376,6223.123775603749
33520,6223.123775603749
32664,5940.899859571402
31808,5823.0443572617805
30952,5796.016055562602
30096,5796.016055562602
29240,6008.93694489118
28384,6170.524519117115
27528,6170.524519117115
26672,7165.667925767435
25816,6873.72986024208
24960,6729.351160881321
24104,6736.395082347868
23248,6736.395082347868
22392,6169.004617498309
21536,6169.004617498309
20680,5834.669907078297
19824,5782.510849665234
18968,5808.2640962402065
18112,5829.205530777538
17256,6012.286769803825
16400,6191.409425183601
15544,6191.409425183601
14688,7660.123425077718
13832,6973.808631037549
12976,6820.540255385956
12120,6845.386411515984
11264,6845.386411515984
10408,6236.46849167161
9552,6236.46849167161
8696,6016.870152976866
7840,5888.264241272013
6984,5890.2349249592335
6128,5890.2349249592335
5272,6008.6698077231895
4416,6191.409425183601
3560,6191.409425183601
2704,7172.991443628681
1848,6893.612225652047
992,6749.233526291288
136,6727.990381735879
40369,5863.532097153931
39513,5863.532097153931
38657,7011.7188886352415
37801,6663.164761464371
36945,6451.033447626964
36089,6432.719059273279
35233,6432.719059273279
34377,5790.936780506835
33521,5790.936780506835
32665,5570.156800359196
31809,5511.703709953231
30953,5484.675408254052
30097,5484.675408254052
29241,5644.312774547594
28385,5748.438204994781
27529,5748.438204994781
26673,6829.294502992742
25817,6505.316411833353
24961,6329.1030759859605
24105,6330.35406661928
23249,6330.35406661928
22393,5746.918303375975
21537,5746.918303375975
20681,5474.02752884067
19825,5471.170202356684
18969,5496.923448931657
18113,5525.599667036484
17257,5656.560815225199
16401,5769.323111061267
15545,5769.323111061267
14689,7655.487816849963
13833,6609.484127135208
12977,6424.38111499698
12121,6443.434340293781
11265,6443.434340293781
10409,5804.281496574696
9553,5804.281496574696
8697,5657.046843764738
7841,5574.55769655638
6985,5576.5283802436
6129,5576.5283802436
5273,5652.943853144563
4417,5769.323111061267
3561,5769.323111061267
2705,6850.807646334953
1849,6525.19877724332
993,6348.985441395927
137,6321.949366007291
40370,6514.535614561226
39514,6514.535614561226
38658,7969.199511916671
37802,7491.3962059561945
36946,7277.306492374375
36090,7271.7817658440545
35234,7271.7817658440545
34378,6465.592824162105
33522,6465.592824162105
32666,6182.679927767815
31810,6109.017503212287
30954,6081.989201513109
30098,6081.989201513109
29242,6273.604879518375
28386,6412.99356767547
27530,6412.99356767547
26674,7767.692801449195
25818,7323.447175350598
24962,7145.275439758792
24106,7159.316092215477
23250,7159.316092215477
22394,6399.2828798424325
21538,6399.2828798424325
20682,6076.449975274709
19826,6068.483995615741
18970,6094.237242190714
18114,6122.913460295541
17258,6285.85292019598
16402,6421.687687527725
15546,6421.687687527725
14690,8330.79504518332
13834,7437.715571627032
12978,7250.654159744391
12122,7282.497046864557
11266,7282.497046864557
10410,6463.340541517784
9554,6463.340541517784
8698,6241.708916598726
7842,6157.296082647968
6986,6159.2667663351895
6130,6159.2667663351895
5274,6273.337742350384
4418,6418.281475029775
3562,6418.281475029775
2706,7775.016319310441
1850,7343.329540760565
994,7165.157805168759
138,7150.911391603488
40371,5577.971274795436
39515,5577.971274795436
38659,6427.055120660151
37803,6061.526162899043
36947,5881.229485548271
36091,5868.708028027813
35235,5868.708028027813
34379,5508.266106453457
33523,5508.266106453457
32667,5279.325713456147
31811,5164.431440113869
30955,5137.40313841469
30099,5137.40313841469
29243,5297.040504708231
28387,5460.598629309794
27531,5460.598629309794
26675,6238.559407654251
25819,5898.508911636417
24963,5754.13021227566
24107,5761.174133742206
23251,5761.174133742206
22395,5459.078727690988
21539,5459.078727690988
20683,5178.027540306013
19827,5123.897932517322
18971,5149.651179092295
18115,5178.327397197122
17259,5309.288545385836
16403,5481.48353537628
15547,5481.48353537628
14691,6685.861635668708
13835,6007.84552856988
12979,5854.5771529182875
12123,5879.423309048316
11267,5879.423309048316
10411,5521.6108225213175
9555,5521.6108225213175
8699,5366.215756861689
7843,5232.454328348626
6987,5234.4250120358465
6131,5234.4250120358465
5275,5305.6715833052
4419,5481.48353537628
3563,5481.48353537628
2707,6260.072550996461
1851,5918.391277046384
995,5774.012577685627
139,5752.769433130217
40372,6249.345840403971
39516,6249.345840403971
38660,7421.1668217451415
37804,6995.88617302188
36948,6813.631095926695
36092,6813.899300229601
35236,6813.899300229601
34380,6179.640672061992
33524,6179.640672061992
32668,5890.503565334391
31812,5811.947245723926
30956,5731.975477446249
30100,5731.975477446249
29244,5969.106416246643
28388,6127.041415575358
27532,6127.041415575358
26676,7204.568060064908
25820,6813.747516935318
24964,6667.410417830148
24108,6658.956935098103
23252,6658.956935098103
22396,6125.521513956552
21540,6125.521513956552
20684,5740.335966044437
19828,5730.661057763113
18972,5756.4143043380855
18116,5801.167114665132
17260,5993.545243138479
16404,6147.926321641844
15548,6147.926321641844
14692,7717.572218114563
13836,6928.015913211752
12980,6772.7891378157465
12124,6810.424955769139
11268,6810.424955769139
10412,6192.985388129852
9556,6192.985388129852
8700,5949.532554165304
7844,5860.225825159608
6988,5862.196508846828
6132,5862.196508846828
5276,5989.928281057843
4420,6147.926321641844
3564,6147.926321641844
2708,7226.081203407119
1852,6847.81950782625
996,6701.482408721079
140,6693.028925989034
40373,5317.806767411334
39517,5317.806767411334
38661,6319.546586144318
37805,5996.849281167987
36949,5742.473274612855
36093,5762.395579384089
35237,5762.395579384089
34381,5252.610215593526
33525,5252.610215593526
32669,4875.046935228829
31813,4784.189105426208
30957,4757.160803727029
30101,4757.160803727029
29245,5022.0102713501365
28389,5190.391569828455
27533,5190.391569828455
26677,6117.402130248803
25821,5819.2808612839535
24965,5600.822832718835
24109,5640.310516477074
23253,5640.310516477074
22397,5188.871668209649
21541,5188.871668209649
20685,4759.197593457287
19829,4743.655597829661
18973,4769.408844404634
18117,4798.085062509461
17261,5034.258312027741
16405,5211.2764758949415
15549,5211.2764758949415
14693,6958.443492659263
13837,5943.168646838824
12981,5715.820941982871
12125,5773.110860404591
11269,5773.110860404591
10413,5265.954931661387
9557,5265.954931661387
8701,4961.936978634371
7845,4866.763162282373
6989,4868.733845969593
6133,4868.733845969593
5277,5030.6413499471055
4421,5211.2764758949415
3565,5211.2764758949415
2709,6138.915273591013
1853,5839.1632266939205
997,5620.705198128802
141,5631.905815865085
40374,5402.777328910099
39518,5402.777328910099
38662,6186.179078571433
37806,5859.949303509481
36950,5688.467091019206
36094,5675.945633498748
35238,5675.945633498748
34382,5333.072160568119
33526,5333.072160568119
32670,5097.218576875556
31814,5021.6234862324345
30958,4994.595184533256
30102,4994.595184533256
29246,5146.588135699305
28390,5285.404683424456
27534,5285.404683424456
26678,5997.683365565533
25822,5696.932052246855
24966,5561.3678177465945
24110,5568.411739213141
23254,5568.411739213141
22398,5283.88478180565
21542,5283.88478180565
20686,4995.920403725422
19830,4981.089978635888
18974,5006.8432252108605
18118,5035.519443315688
17262,5158.83617637691
16406,5306.2895894909425
15550,5306.2895894909425
14694,6445.133766664924
13838,5792.079043699354
12982,5647.625132908258
12126,5672.471289038286
11270,5672.471289038286
10414,5346.41687663598
9558,5346.41687663598
8702,5156.247565706469
7846,5064.970286325145
6990,5066.940970012365
6134,5066.940970012365
5278,5146.320998531314
4422,5306.2895894909425
3566,5306.2895894909425
2710,6005.006883426779
1854,5716.814417656822
998,5581.250183156561
142,5560.007038601152
40375,6347.4341122283895
39519,6347.4341122283895
38663,7899.05710021468
37807,7467.445509435216
36951,7227.946758375078
36095,7222.422031844758
35239,7222.422031844758
34383,6277.72894388641
33527,6277.72894388641
32671,6013.641516900114
31815,5939.979092344587
30959,5912.950790645408
30103,5912.950790645408
29247,6130.653436618969
28391,6225.129687399776
27535,6225.129687399776
26679,7697.550389747204
25823,7299.496478829619
24967,7095.915705759496
24111,7109.95635821618
23255,7109.95635821618
22399,6223.60978578097
21543,6223.60978578097
20687,5907.411564407009
19831,5899.44558474804
18975,5925.198831323013
18119,5953.87504942784
17263,6142.901477296574
16407,6246.014593466262
15551,6246.014593466262
14695,8378.332729775908
13839,7413.764875106053
12983,7201.2944257450945
12127,7233.13731286526
11271,7233.13731286526
10415,6291.073659954271
9559,6291.073659954271
8703,6089.611810305578
7847,6005.19897635482
6991,6007.16966004204
6135,6007.16966004204
5279,6130.386299450978
4423,6246.014593466262
3567,6246.014593466262
2711,7704.873907608449
1855,7319.378844239586
999,7115.798071169463
143,7101.551657604191
40376,6360.000117926934
39520,6360.000117926934
38664,7427.9474168262495
37808,7140.848428406379
36952,6960.5517510556065
36096,6948.030293535148
35240,6948.030293535148
34384,6287.404801279838
33528,6287.404801279838
32672,6005.180885247491
31816,5931.793467268634
30960,5904.765165569455
30104,5904.765165569455
29248,6117.686054898034
28392,6239.974446424812
27536,6239.974446424812
26680,7230.7071822585895
25824,6978.068299432391
24968,6833.689600071632
24112,6840.733521538179
23256,6840.733521538179
22400,6238.454544806006
21544,6238.454544806006
20688,5904.119834385994
19832,5891.2599596720875
18976,5917.01320624706
18120,5945.689424351887
17264,6129.934095575639
16408,6260.8593524912985
15552,6260.8593524912985
14696,7724.354388069861
13840,7087.167794077216
12984,6933.899418425623
12128,6958.745574555651
11272,6958.745574555651
10416,6300.749517347698
9560,6300.749517347698
8704,6081.1511786529545
7848,5991.844449647258
6992,5993.815133334479
6136,5993.815133334479
5280,6117.418917730043
4424,6260.8593524912985
3568,6260.8593524912985
2712,7238.030700119835
1856,6997.950664842358
1000,6853.571965481599
144,6832.32882092619
40377,6008.2806089410105
39521,6008.2806089410105
38665,6801.757922207191
37809,6479.06061723086
36953,6224.6846106757275
36097,6244.6069154469615
35241,6244.6069154469615
34385,5938.575440599031
33529,5938.575440599031
32673,5451.137385964112
31817,5360.27955616149
30961,5333.251254462311
30105,5333.251254462311
29249,5602.892781828389
28393,5876.3567948339605
27537,5876.3567948339605
26681,6599.613466311675
25825,6301.492197346826
24969,6083.034168781708
24113,6122.521852539947
23257,6122.521852539947
22401,5874.836893215154
21545,5874.836893215154
20689,5335.28804419257
19833,5319.7460485649435
18977,5345.499295139916
18121,5374.175513244743
17265,5615.140822505994
16409,5897.241700900447
15553,5897.241700900447
14697,7434.7351884489535
13841,6425.379982901697
12985,6198.032278045744
12129,6255.322196467464
11273,6255.322196467464
10417,5951.920156666892
9561,5951.920156666892
8705,5538.027429369654
7849,5442.853613017655
6993,5444.824296704875
6137,5444.824296704875
5281,5611.523860425358
4425,5897.241700900447
3569,5897.241700900447
2713,6621.126609653886
1857,6321.374562756793
1001,6102.916534191675
145,6114.117151927958
40378,5965.594429502649
39522,5965.594429502649
38666,6789.1704655479025
37810,6466.4731605715715
36954,6212.097154016439
36098,6232.019458787673
35242,6232.019458787673
34386,5892.999112855553
33530,5892.999112855553
32674,5405.561058220634
31818,5319.872130049621
30962,5292.843828350442
30106,5292.843828350442
29250,5562.48535571652
28394,5835.949368722091
27538,5835.949368722091
26682,6592.194911283996
25826,6294.0736423191465
24970,6075.615613754028
24114,6115.103297512267
23258,6115.103297512267
22402,5834.429467103285
21546,5834.429467103285
20690,5294.8806180807005
19834,5279.338622453074
18978,5305.091869028047
18122,5333.768087132874
17266,5574.733396394125
16410,5856.834274788577
15554,5856.834274788577
14698,7431.37112447268
13842,6412.792526242409
12986,6185.444821386455
12130,6242.734739808176
11274,6242.734739808176
10418,5906.343828923414
9562,5906.343828923414
8706,5492.451101626176
7850,5397.277285274177
6994,5399.247968961397
6138,5399.247968961397
5282,5571.116434313489
4426,5856.834274788577
3570,5856.834274788577
2714,6613.708054626206
1858,6313.9560077291135
1002,6095.497979163995
146,6106.698596900278
40379,7415.12516841041
39523,7415.12516841041
38667,8352.966891606224
37811,7963.965945650121
36955,7718.404403955486
36099,7738.3267087267195
35243,7738.3267087267195
34387,7345.42000006843
33531,7345.42000006843
32675,6790.877697607759
31819,6700.019867805137
30963,6672.991566105959
30107,6672.991566105959
29251,7009.737341297789
28395,7283.20135430336
27539,7283.20135430336
26683,8141.840791860313
25827,7786.397525766088
24971,7576.753962061466
24115,7616.241645819705
23259,7616.241645819705
22403,7281.681452684554
21547,7281.681452684554
20691,6675.028355836217
19835,6659.486360208591
18979,6685.239606783563
18123,6713.9158248883905
17267,7021.9853819753935
16411,7304.086260369846
15555,7304.086260369846
14699,8987.471532480246
13843,7910.2853113209585
12987,7691.752071325502
12131,7749.041989747222
11275,7749.041989747222
10419,7358.764716136291
9563,7358.764716136291
8707,6877.767741013301
7851,6782.5939246613025
6995,6784.564608348523
6139,6784.564608348523
5283,7018.368419894758
4427,7304.086260369846
3571,7304.086260369846
2715,8163.353935202524
1859,7806.279891176055
1003,7596.636327471433
147,7607.836945207716
40380,4784.28069265318
39524,4784.28069265318
38668,5595.191708302271
37812,5364.359178278365
36956,5160.709044196146
36100,5179.474239058746
35244,5179.474239058746
34388,4714.575524311201
33532,4714.575524311201
32676,4501.39177784198
31820,4422.835458231515
30964,4395.807156532336
30108,4395.807156532336
29252,4560.2262794708595
28396,4661.976267824567
27540,4661.976267824567
26684,5415.289645698703
25828,5196.410147672768
24972,5028.677991580564
24116,5067.008565430168
23260,5067.008565430168
22404,4660.456366205761
21548,4660.456366205761
20692,4395.161825348875
19836,4382.301950634968
18980,4408.055197209941
18124,4436.731415314768
17268,4572.474320148464
16412,4682.861173891053
15556,4682.861173891053
14700,5876.824362640503
13844,5310.678543949202
12988,5134.056711566162
12132,5190.189520079249
11276,5190.189520079249
10420,4727.920240379061
9564,4727.920240379061
8708,4588.281821247522
7852,4495.790125809243
6996,4497.7608094964635
6140,4497.7608094964635
5284,4568.8573580678285
4428,4682.861173891053
3572,4682.861173891053
2716,5422.613163559949
1860,5216.292513082735
1004,5048.560356990531
148,5058.603864818179
40381,6787.643461980336
39525,6787.643461980336
38669,8037.6888071113935
37813,7719.162926959423
36957,7500.968822487519
36101,7508.101465435388
35245,7508.101465435388
34389,6717.938293638356
33533,6717.938293638356
32677,6446.397641181499
31821,6382.775649143926
30965,6355.747347444748
30109,6355.747347444748
29253,6551.5877802247605
28397,6670.2708164946935
27541,6670.2708164946935
26685,7841.113875986888
25829,7556.145675696798
24973,7373.869549214907
24117,7400.567571149781
23261,7400.567571149781
22405,6668.750914875886
21549,6668.750914875886
20693,6345.099468031366
19837,6342.242141547379
18981,6367.995388122353
18125,6396.67160622718
17269,6563.835820902365
16413,6691.155722561179
15557,6691.155722561179
14701,8505.306749655247
13845,7665.48229263026
12989,7474.316489857534
12133,7518.81674645589
11277,7518.81674645589
10421,6731.283009706217
9565,6731.283009706217
8709,6533.287684587042
7853,6450.798537378684
6997,6452.769221065903
6141,6452.769221065903
5285,6560.21885882173
4429,6691.155722561179
3573,6691.155722561179
2717,7848.437393848133
1861,7576.028041106765
1005,7393.751914624874
149,7392.162870537792
40382,4650.474877384581
39526,4650.474877384581
38670,5437.921692451445
37814,5207.089162427539
36958,5012.253493205817
36102,5031.018688068417
35246,5031.018688068417
34390,4580.769709042602
33534,4580.769709042602
32678,4402.045403845198
31822,4323.489084234733
30966,4243.517315957056
30110,4243.517315957056
29254,4408.911875783621
28398,4528.170452555968
27542,4528.170452555968
26686,5243.830004366912
25830,5024.950506340978
24974,4866.03281510927
24118,4876.076322936919
23262,4876.076322936919
22406,4526.650550937162
21550,4526.650550937162
20694,4251.8778045552435
19838,4242.20289627392
18982,4267.956142848892
18126,4312.708953175939
17270,4433.350702675458
16414,4549.055358622454
15558,4549.055358622454
14702,5709.040073716491
13846,5139.218902617412
12990,4971.411535094869
12134,5027.544343607955
11278,5027.544343607955
10422,4594.114425110462
9566,4594.114425110462
8710,4461.074392676111
7854,4371.767663670415
6998,4373.738347357635
6142,4373.738347357635
5286,4429.733740594822
4430,4549.055358622454
3574,4549.055358622454
2718,5265.343147709123
1862,5059.022497231909
1006,4900.104806000201
150,4910.14831382785
40383,5144.497946187339
39527,5144.497946187339
38671,6090.174540112819
37815,5846.306579069393
36959,5666.009901718621
36103,5653.488444198163
35247,5653.488444198163
34391,5071.902629540243
33535,5071.902629540243
32679,4833.287973515784
31823,4760.59956156896
30967,4733.571259869781
30111,4733.571259869781
29255,4909.329843529482
28399,5031.61823505626
27543,5031.61823505626
26687,5909.0619097665995
25831,5690.672410466447
24975,5546.29371110569
24119,5553.3376325722365
23263,5553.3376325722365
22407,5030.098333437454
21551,5030.098333437454
20695,4739.37288302533
19839,4720.066053972413
18983,4745.819300547386
18127,4773.207689423728
17271,4912.679668442127
16415,5052.5031411227465
15559,5052.5031411227465
14703,6354.695431543755
13847,5778.4363192592655
12991,5625.167943607673
12135,5650.014099737701
11279,5650.014099737701
10423,5085.247345608103
9567,5085.247345608103
8711,4909.258266921248
7855,4819.951537915552
6999,4821.922221602772
6143,4821.922221602772
5287,4909.062706361491
4431,5052.5031411227465
3575,5052.5031411227465
2719,5916.385427627845
1863,5710.554775876414
1007,5566.176076515657
151,5544.9329319602475
40384,6751.5500836551155
39528,6751.5500836551155
38672,8029.169834265579
37816,7705.535300938627
36960,7487.341196466722
36104,7485.908491185172
35248,7485.908491185172
34392,6686.353531837308
33536,6686.353531837308
32680,6414.812879380452
31824,6341.150454824925
30968,6314.122153125746
30112,6314.122153125746
29256,6509.96258590576
28400,6633.754275350674
27544,6633.754275350674
26688,7827.663123798103
25832,7537.58627033303
24976,7355.310143851139
24120,7373.4428175565945
23264,7373.4428175565945
22408,6632.234373731868
21552,6632.234373731868
20696,6308.582926887347
19840,6300.616947228378
18984,6326.370193803351
18128,6355.046411908178
17272,6522.2106265833645
16416,6654.63918141716
15560,6654.63918141716
14704,8390.765367532225
13848,7651.854666609464
12992,7460.688863836738
12136,7496.623772205675
11280,7496.623772205675
10424,6709.88538203954
9568,6709.88538203954
8712,6484.0290023457355
7856,6399.616168394978
7000,6401.586852082198
6144,6401.586852082198
5288,6519.88258287214
4432,6664.8263155515315
3576,6664.8263155515315
2720,7834.986641659349
1864,7557.468635742997
1008,7375.192509261106
152,7365.0381169446055
40385,5184.671728218791
39529,5184.671728218791
38673,5937.291540824097
37817,5706.459010800191
36961,5502.808876717972
36105,5521.574071580572
35249,5521.574071580572
34393,5114.9665598768115
33537,5114.9665598768115
32681,4899.686963075323
31825,4821.130643464858
30969,4758.100179761732
30113,4758.100179761732
29257,4918.989909884208
28401,5062.367303390178
27545,5062.367303390178
26689,5743.199852739564
25833,5524.32035471363
24977,5356.588198621425
24121,5366.631706449074
23265,5366.631706449074
22409,5060.847401771372
21553,5060.847401771372
20697,4766.4606683599195
19841,4756.785760078596
18985,4782.539006653568
18129,4827.291816980615
17273,4943.428736776044
16417,5083.252209456664
15561,5083.252209456664
14705,6198.131248557554
13849,5638.588750990064
12993,5461.966918607024
12137,5518.09972712011
11281,5518.09972712011
10425,5128.311275944672
9569,5128.311275944672
8713,4975.657256480787
7857,4886.3505274750905
7001,4888.321211162311
6145,4888.321211162311
5289,4939.8117746954085
4433,5083.252209456664
3577,5083.252209456664
2721,5764.712996081775
1865,5558.392345604561
1009,5390.660189512357
153,5400.703697340005
40386,6849.675187406623
39530,6849.675187406623
38674,8013.012916544926
37818,7694.487036392957
36962,7467.478467060555
36106,7474.6111100084245
35250,7474.6111100084245
34394,6779.970019064644
33538,6779.970019064644
32682,6408.292022019246
31826,6335.050640703236
30970,6272.02017700011
30114,6272.02017700011
29258,6537.456424406491
28402,6722.683152642544
27546,6722.683152642544
26690,7792.62897066102
25834,7507.66077037093
24978,7316.570179028542
24122,7314.98113494146
23266,7314.98113494146
22410,6721.163251023738
21554,6721.163251023738
20698,6270.378117368377
19842,6270.705757316974
18986,6296.459003891947
18130,6341.211814218994
17274,6561.895251298328
16418,6743.56805870903
15562,6743.56805870903
14706,8358.792119225382
13850,7626.6167765828295
12994,7426.636508949607
12138,7471.136765547963
11282,7471.136765547963
10426,6793.314735132504
9570,6793.314735132504
8714,6484.26231542471
7858,6404.958134648935
7002,6406.928818336155
6146,6406.928818336155
5290,6558.278289217692
4434,6743.56805870903
3578,6743.56805870903
2722,7814.14211400323
1866,7541.732761261861
1010,7350.642169919473
154,7349.053125832392
40387,6431.647088239122
39531,6431.647088239122
38675,7435.463615496085
37819,7148.364627076215
36963,6976.882414585939
36107,6964.360957065481
35251,6964.360957065481
34395,6387.212914364172
33539,6387.212914364172
32683,6097.0364147471355
31827,6018.480095136671
30971,5991.451793437492
30115,5991.451793437492
29259,6196.7282676385785
28403,6334.613657877539
27547,6334.613657877539
26691,7233.054479296817
25835,6980.415596470618
24979,6844.851361970356
24123,6851.895283436903
23267,6851.895283436903
22411,6320.902970044501
21555,6320.902970044501
20699,5990.8064622540305
19843,5977.946587540124
18987,6003.699834115097
18131,6032.376052219924
17275,6208.976308316183
16419,6343.307777729793
15563,6343.307777729793
14707,7709.048211695856
13851,7094.683992747052
12995,6950.230081955955
12139,6975.076238085983
11283,6975.076238085983
10427,6384.960631719851
9571,6384.960631719851
8715,6156.065403578048
7859,6066.758674572352
7003,6068.729358259572
6147,6068.729358259572
5291,6196.461130470588
4435,6339.901565231843
3579,6339.901565231843
2723,7240.3779971580625
1867,7000.297961880585
1011,6864.733727380323
155,6843.490582824914
40388,6416.689931847889
39532,6416.689931847889
38676,7191.711671926684
37820,6903.732150007519
36964,6676.723580675118
36108,6683.856223622987
35252,6683.856223622987
34396,6346.9847635059095
33540,6346.9847635059095
32684,5876.584176097866
31828,5785.726346295244
30972,5758.698044596065
30116,5758.698044596065
29260,6042.000368157964
28404,6284.766117740839
27548,6284.766117740839
26692,6989.567216031169
25836,6726.163730123485
24980,6535.073138781098
24124,6561.771160715973
23268,6561.771160715973
22412,6283.246216122033
21556,6283.246216122033
20700,5760.734834326324
19844,5745.192838698697
18988,5770.94608527367
18132,5799.622303378497
17276,6054.248408835569
16420,6305.651023807325
15564,6305.651023807325
14708,7824.688938168447
13852,6850.051515678356
12996,6650.071248045134
12140,6694.57150464349
11284,6694.57150464349
10428,6360.32947957377
9572,6360.32947957377
8716,5963.474219503408
7860,5868.300403151409
7004,5870.271086838629
6148,5870.271086838629
5292,6050.631446754933
4436,6305.651023807325
3580,6305.651023807325
2724,7011.080359373379
1868,6746.046095533452
1012,6554.955504191065
156,6553.366460103984
40389,4865.904199749972
39533,4865.904199749972
38677,6050.7646616661505
37821,5735.643372658477
36965,5490.081830963842
36109,5501.438787505656
35253,5501.438787505656
34397,4796.199031407992
33541,4796.199031407992
32685,4635.071180481333
31829,4561.408755925806
30973,4481.436987648129
30117,4481.436987648129
29261,4637.395506053621
28405,4743.599774921358
27549,4743.599774921358
26693,5844.049969568107
25837,5553.504716571916
24981,5343.861152867295
24125,5346.496422374158
23269,5346.496422374158
22413,4742.079873302552
21557,4742.079873302552
20701,4484.903581191378
19845,4480.122567964992
18989,4505.875814539965
18133,4550.628624867012
17277,4661.834332945457
16421,4764.4846809878445
15565,4764.4846809878445
14709,6698.550987206188
13853,5667.77311284835
12997,5449.239872852893
12141,5497.9644430451945
11285,5497.9644430451945
10429,4809.543747475853
9573,4809.543747475853
8717,4694.100169312245
7861,4609.687335361487
7005,4611.6580190487075
6149,4611.6580190487075
5293,4658.2173708648215
4437,4764.4846809878445
3581,4764.4846809878445
2725,5865.563112910318
1869,5587.5767074628475
1013,5377.933143758226
157,5380.5684132650895
40390,5400.957529764683
39534,5400.957529764683
38678,6250.041375629398
37822,5911.014169001259
36966,5730.717491650487
36110,5718.196034130029
35254,5718.196034130029
34398,5331.252361422704
33542,5331.252361422704
32686,5102.311968425394
31830,5008.987666873114
30974,4981.959365173935
30118,4981.959365173935
29262,5141.596731467476
28406,5278.65310493607
27550,5278.65310493607
26694,6056.613883280527
25838,5743.065138395662
24982,5598.686439034905
24126,5605.730360501451
23270,5605.730360501451
22414,5277.133203317264
21558,5277.133203317264
20702,4996.082015932289
19846,4968.454159276567
18990,4994.20740585154
18134,5022.883623956367
17278,5153.844772145081
16422,5299.538011002556
15566,5299.538011002556
14710,6545.32911022461
13854,5843.143909191132
12998,5689.875533539539
12142,5714.721689669567
11286,5714.721689669567
10430,5344.5970774905645
9574,5344.5970774905645
8718,5178.282261830858
7862,5074.207550883347
7006,5076.178234570567
6150,5076.178234570567
5294,5141.3295942994855
4438,5299.538011002556
3582,5299.538011002556
2726,6063.937401141773
1870,5762.947503805629
1014,5618.568804444872
158,5597.325659889462
40391,6148.844744894193
39535,6148.844744894193
38679,7142.1201571425445
37823,6859.2492883983605
36967,6641.055183926457
36111,6648.187826874327
35255,6648.187826874327
34399,6083.648193076386
33543,6083.648193076386
32687,5865.391063654568
31831,5794.193055648337
30975,5767.164753949158
30119,5767.164753949158
29263,5909.721663694133
28407,6035.980715932723
27551,6035.980715932723
26695,6954.526869868437
25839,6696.232037135735
24983,6513.955910653845
24127,6540.65393258872
23271,6540.65393258872
22415,6034.460814313917
21559,6034.460814313917
20703,5764.092890504434
19847,5753.65954805179
18991,5779.412794626763
18135,5808.08901273159
17279,5921.969704371738
16423,6056.865621999209
15567,6056.865621999209
14711,7786.545392261946
13855,6791.379028588233
12999,6600.213225815509
12143,6644.713482413865
11287,6644.713482413865
10431,6096.992909144246
9575,6096.992909144246
8719,5924.4200524854805
7863,5837.539855741047
7007,5839.510539428267
6151,5839.510539428267
5295,5909.454526526142
4439,6056.865621999209
3583,6056.865621999209
2727,6961.850387729683
1871,6716.1144025457015
1015,6533.838276063812
159,6532.249231976731
40392,6137.328363845016
39536,6137.328363845016
38680,7539.2368958914185
37824,7180.884579507301
36968,6943.10314556999
36112,6963.025450341224
35256,6963.025450341224
34400,6067.623195503036
33544,6067.623195503036
32688,5798.213977096451
31832,5724.551552540925
30976,5697.523250841746
30120,5697.523250841746
29264,5905.789855394233
28408,6015.023939016402
27552,6015.023939016402
26696,7337.730185423942
25840,7012.935548901704
24984,6811.072092954408
24128,6850.559776712646
23272,6850.559776712646
22416,6013.504037397596
21560,6013.504037397596
20704,5691.984024603346
19848,5684.018044944378
18992,5709.771291519351
18136,5738.447509624178
17280,5918.037896071838
16424,6035.908845082889
15568,6035.908845082889
14712,7920.009047769889
13856,7127.203945178138
13000,6916.4508129400065
12144,6973.740731361727
11288,6973.740731361727
10432,6080.967911570897
9576,6080.967911570897
8720,5874.184270501915
7864,5789.771436551157
7008,5791.7421202383775
6152,5791.7421202383775
5296,5905.522718226242
4440,6035.908845082889
3584,6035.908845082889
2728,7345.053703285188
1872,7032.817914311671
1016,6830.954458364375
160,6842.155076100657
40393,5580.941042566494
39537,5580.941042566494
38681,6353.329972728891
37825,6027.1001976669395
36969,5855.617985176665
36113,5843.0965276562065
35257,5843.0965276562065
34401,5511.235874224514
33545,5511.235874224514
32689,5289.939896354696
31833,5214.344805711575
30977,5187.316504012396
30121,5187.316504012396
29265,5339.309455178445
28409,5463.568397080851
27553,5463.568397080851
26697,6164.834259722991
25841,5864.082946404314
24985,5728.518711904053
24129,5735.5626333705995
23273,5735.5626333705995
22417,5462.048495462045
21561,5462.048495462045
20705,5188.641723204562
19849,5173.811298115028
18993,5199.564544690001
18137,5228.240762794828
17281,5351.55749585605
16425,5484.4533031473375
15569,5484.4533031473375
14713,6584.27459384048
13857,5959.229937856812
13001,5814.776027065716
12145,5839.622183195745
11289,5839.622183195745
10433,5524.580590292375
9577,5524.580590292375
8721,5348.968885185609
7865,5257.691605804285
7009,5259.662289491505
6153,5259.662289491505
5297,5339.042318010454
4441,5484.4533031473375
3585,5484.4533031473375
2729,6172.157777584237
1873,5883.9653118142805
1017,5748.40107731402
161,5727.1579327586105
40394,6855.760031454458
39538,6855.760031454458
38682,7935.131626273341
37826,7644.028797681398
36970,7388.495303383453
36114,7399.956978952775
35258,7399.956978952775
34402,6783.164714807362
33546,6783.164714807362
32690,6396.769183344325
31834,6313.762376087032
30978,6233.790607809355
30122,6233.790607809355
29266,6516.328088385181
28410,6726.1149706739
27554,6726.1149706739
26698,7714.0823769462795
25842,7457.4396539480085
24986,7237.824137640077
24130,7240.564126174449
23274,7240.564126174449
22418,6724.5950690550935
21562,6724.5950690550935
20706,6242.151096407542
19850,6232.476188126218
18994,6258.229434701191
18138,6302.982245028238
17282,6540.766915277018
16426,6746.999876740386
15570,6746.999876740386
14714,8591.093994748895
13858,7576.158537871271
13002,7347.653345272504
12146,7396.482634492313
11290,7396.482634492313
10434,6796.509430875222
9578,6796.509430875222
8722,6455.798172175238
7866,6366.4914431695415
7010,6368.462126856762
6154,6368.462126856762
5298,6537.149953196382
4442,6746.999876740386
3586,6746.999876740386
2730,7735.59552028849
1874,7491.51164483894
1018,7271.896128531009
162,7274.63611706538
40395,7005.385794467739
39539,7005.385794467739
38683,8165.833375300926
37827,7847.307495148956
36971,7620.298925816554
36115,7627.431568764424
35259,7627.431568764424
34403,6932.790477820643
33547,6932.790477820643
32691,6561.112480775246
31835,6493.040001090844
30979,6430.009537387718
30123,6430.009537387718
29267,6695.445784794099
28411,6880.672513030152
27555,6880.672513030152
26699,7950.618331048628
25843,7665.650130758538
24987,7474.55953941615
24131,7472.970495329068
23275,7472.970495329068
22419,6879.152611411346
21563,6879.152611411346
20707,6428.367477755985
19851,6428.695117704582
18995,6454.448364279555
18139,6499.201174606602
17283,6719.884611685936
16427,6901.557419096638
15571,6901.557419096638
14715,8833.871606311479
13859,7779.437235338829
13003,7579.456967705606
12147,7623.957224303962
11291,7623.957224303962
10435,6946.135193888504
9579,6946.135193888504
8723,6637.08277418071
7867,6557.778593404934
7011,6559.749277092154
6155,6559.749277092154
5299,6716.2676496053
4443,6901.557419096638
3587,6901.557419096638
2731,7972.131474390838
1875,7699.722121649469
1019,7508.631530307081
163,7507.04248622
40396,6367.240916276492
39540,6367.240916276492
38684,7978.432484474545
37828,7526.1371911204615
36972,7286.638440060324
36116,7281.113713530003
35260,7281.113713530003
34404,6297.535747934512
33548,6297.535747934512
32692,6058.395102674786
31836,5987.379393485308
30980,5960.3510917861295
30124,5960.3510917861295
29268,6154.819125175917
28412,6244.936491447878
27556,6244.936491447878
26700,7759.362456131969
25844,7358.188160514865
24988,7154.607387444741
24132,7168.648039901425
23276,7168.648039901425
22420,6243.416589829072
21564,6243.416589829072
20708,5952.165150181681
19852,5943.228923808126
18996,5968.9821703830985
18140,5997.658388487926
17284,6163.450203772886
16428,6265.821397514364
15572,6265.821397514364
14716,8446.064436433859
13860,7472.456556791299
13004,7259.98610743034
12148,7291.828994550506
11292,7291.828994550506
10436,6310.880464002373
9580,6310.880464002373
8724,6145.285146080329
7868,6056.717098982401
7012,6058.687782669621
6156,6058.687782669621
5300,6163.450203772886
4444,6265.821397514364
3588,6265.821397514364
2732,7780.87559947418
1876,7378.070525924832
1020,7174.489752854708
164,7160.243339289436
40397,4955.69197686142
39541,4955.69197686142
38685,6305.604995652594
37829,5896.5407296749545
36973,5657.041978614817
36117,5651.517252084496
35261,5651.517252084496
34405,4885.98680851944
33549,4885.98680851944
32693,4690.455423267603
31837,4620.138720110157
30981,4563.555210746042
30125,4563.555210746042
29269,4729.327144152697
28413,4840.533512403849
27557,4840.533512403849
26701,6088.472946050494
25845,5721.548033959436
24989,5517.9672608893125
24133,5503.720847324041
23277,5503.720847324041
22421,4839.013610785043
21565,4839.013610785043
20709,4564.375088923242
19853,4558.6238289822695
18997,4584.377075557242
18141,4629.129885884289
17285,4750.149008963897
16429,4861.418418470335
15573,4861.418418470335
14717,6739.768280891198
13861,5828.670469864827
13005,5616.2000205038685
12149,5648.042907624034
11293,5648.042907624034
10437,4899.331524587301
9581,4899.331524587301
8725,4766.425716673067
7869,4681.042636007722
7013,4683.013319694942
6157,4683.013319694942
5301,4750.149008963897
4445,4861.418418470335
3589,4861.418418470335
2733,6109.986089392704
1877,5755.620024850367
1021,5552.039251780244
165,5537.792838214972
40398,5147.473014853147
39542,5147.473014853147
38686,6107.527261720649
37830,5725.477640373831
36974,5534.408098418149
36118,5534.676302721055
35262,5534.676302721055
34406,5077.767846511168
33550,5077.767846511168
32694,4839.153190486709
31838,4761.295876908276
30982,4734.267575209097
30126,4734.267575209097
29270,4910.026158868798
28414,5032.314550395577
27558,5032.314550395577
26702,5921.245729742821
25846,5564.6745701392765
24990,5409.523006173609
24134,5429.35658946352
23278,5429.35658946352
22422,5030.79464877677
21566,5030.79464877677
20710,4740.069198364647
19854,4720.762369311729
18998,4746.515615886702
18142,4773.904004763044
17286,4913.375983781443
16430,5053.199456462063
15574,5053.199456462063
14718,6382.560851350581
13862,5657.607380563703
13006,5493.566140307201
12150,5531.2019582605935
11294,5531.2019582605935
10438,5091.112562579028
9582,5091.112562579028
8726,4915.123483892173
7870,4825.816754886477
7014,4827.787438573697
6158,4827.787438573697
5302,4909.759021700807
4446,5053.199456462063
3590,5053.199456462063
2734,5928.569247604067
1878,5584.5569355492435
1022,5429.405371583576
166,5420.951888851531
40399,5046.70436282269
39543,5046.70436282269
38687,6287.081706282674
37831,5852.509427698641
36975,5638.4197141168215
36119,5632.894987586501
35263,5632.894987586501
34407,4976.999194480711
33551,4976.999194480711
32695,4759.282099834198
31839,4685.619675278672
30983,4658.591373579492
30127,4658.591373579492
29271,4815.3660813905235
28415,4924.399937994076
27559,4924.399937994076
26703,6094.556639665595
25847,5684.560397093044
24991,5506.388661501239
24135,5520.429313957923
23279,5520.429313957923
22423,4922.880036375271
21567,4922.880036375271
20711,4653.052147341094
19855,4645.086167682124
18999,4670.839414257097
18143,4699.515632361924
17287,4827.614122068128
16431,4945.284844060563
15575,4945.284844060563
14719,6603.945154426459
13863,5798.828793369478
13007,5611.767381486838
12151,5643.6102686070035
11295,5643.6102686070035
10439,4990.34391054857
9583,4990.34391054857
8727,4846.172143239741
7871,4758.574342856399
7015,4760.54502654362
6159,4760.54502654362
5303,4823.9971599874925
4447,4945.284844060563
3591,4945.284844060563
2735,6116.069783007805
1879,5704.442762503011
1023,5526.271026911206
167,5512.024613345934
40400,5176.511109139416
39544,5176.511109139416
38688,5921.830102623062
37832,5690.997572599156
36976,5487.3474385169375
36120,5506.112633379537
35264,5506.112633379537
34408,5103.915792492319
33552,5103.915792492319
32696,4888.63619569083
31840,4815.248777711974
30984,4752.218314008848
30128,4752.218314008848
29272,4913.108044131324
28416,5056.485437637294
27560,5056.485437637294
26704,5732.907316170138
25848,5514.027818144204
24992,5346.295662051999
24136,5356.339169879648
23280,5356.339169879648
22424,5054.965536018488
21568,5054.965536018488
20712,4760.578802607036
19856,4750.903894325712
19000,4776.657140900685
18144,4821.409951227732
17288,4937.546871023161
16432,5077.37034370378
15576,5077.37034370378
14720,6181.841151676864
13864,5623.127312789029
13008,5446.505480405989
12152,5502.638288919075
11296,5502.638288919075
10440,5117.26050856018
9584,5117.26050856018
8728,4964.606489096294
7872,4875.299760090598
7016,4877.270443777818
6160,4877.270443777818
5304,4933.929908942525
4448,5077.37034370378
3592,5077.37034370378
2736,5754.420459512348
1880,5548.099809035135
1024,5380.36765294293
168,5390.411160770579
40401,5039.672210869147
39545,5039.672210869147
38689,5829.691565375186
37833,5598.85903535128
36977,5395.208901269061
36121,5413.974096131661
35265,5413.974096131661
34409,4969.967042527168
33553,4969.967042527168
32697,4736.244892884876
31841,4657.688573274411
30985,4594.658109571285
30129,4594.658109571285
29273,4773.990392534564
28417,4917.367786040534
27561,4917.367786040534
26705,5635.599877290653
25849,5416.720379264719
24993,5248.988223172514
24137,5259.031731000163
23281,5259.031731000163
22425,4915.847884421728
21569,4915.847884421728
20713,4603.018598169473
19857,4593.343689888149
19001,4619.096936463122
18145,4663.849746790169
17289,4798.429219426401
16433,4938.25269210702
15577,4938.25269210702
14721,6090.531273108642
13865,5530.988775541153
13009,5354.366943158113
12153,5410.499751671199
11297,5410.499751671199
10441,4983.311758595029
9585,4983.311758595029
8729,4812.21518629034
7873,4722.908457284644
7017,4724.879140971864
6161,4724.879140971864
5305,4794.812257345765
4449,4938.25269210702
3593,4938.25269210702
2737,5657.1130206328635
1881,5450.79237015565
1025,5283.0602140634455
169,5293.103721891094
40402,6355.147481245504
39546,6355.147481245504
38690,7357.412683941439
37834,7068.343145145941
36978,6896.860932655665
36122,6884.339475135207
35266,6884.339475135207
34410,6282.552164598408
33554,6282.552164598408
32698,5993.415057870808
31842,5922.988868859295
30986,5895.960567160116
30130,5895.960567160116
29274,6101.2370413612025
28418,6240.053589086354
27562,6240.053589086354
26706,7165.10422871675
25850,6910.494795514924
24994,6774.930561014662
24138,6781.974482481209
23282,6781.974482481209
22426,6238.533687467548
21570,6238.533687467548
20714,5897.285786352282
19858,5882.455361262748
19002,5908.208607837721
18146,5936.884825942548
17290,6113.485082038807
16434,6260.93849515284
15578,6260.93849515284
14722,7654.144388191353
13866,7000.472885335814
13010,6856.018974544717
12154,6880.865130674745
11298,6880.865130674745
10442,6295.896880666269
9586,6295.896880666269
8730,6052.44404670172
7874,5961.1667673203965
7018,5963.137451007617
6162,5963.137451007617
5306,6100.969904193212
4450,6260.93849515284
3594,6260.93849515284
2738,7172.427746577996
1882,6930.377160924891
1026,6794.812926424629
170,6773.56978186922
40403,6868.177485829218
39547,6868.177485829218
38691,8095.742139157325
37835,7728.869925299718
36979,7522.534714310651
36123,7533.996389879973
35267,7533.996389879973
34411,6798.472317487239
33555,6798.472317487239
32699,6526.931665030383
31843,6457.9290031401215
30987,6430.900701440943
30131,6430.900701440943
29275,6626.741134220956
28419,6750.804840343576
27563,6750.804840343576
26707,7898.2647823010275
25851,7565.852674037092
24995,7395.435441038039
24139,7426.462495594366
23283,7426.462495594366
22427,6749.28493872477
21571,6749.28493872477
20715,6425.633491880249
19859,6417.395495543575
19003,6443.1487421185475
18147,6471.824960223375
17291,6638.989174898561
16435,6771.689746410062
15579,6771.689746410062
14723,8753.32075024412
13867,7675.189290970555
13011,7495.882381680667
12155,7544.711670900476
11299,7544.711670900476
10443,6811.817033555099
9587,6811.817033555099
8731,6613.821708435925
7875,6525.951891374879
7019,6527.922575062099
6163,6527.922575062099
5307,6635.372212817925
4451,6771.689746410062
3595,6771.689746410062
2739,7905.588300162273
1883,7585.735039447059
1027,7415.317806448006
171,7418.057794982377
40404,4692.815439985223
39548,4692.815439985223
38692,5575.8057647917085
37836,5344.973234767803
36980,5141.323100685584
36124,5160.088295548184
35268,5160.088295548184
34412,4643.872649586101
33556,4643.872649586101
32700,4456.464536371769
31844,4377.908216761304
30988,4350.879915062125
30132,4350.879915062125
29276,4492.064425416876
28420,4591.273393099467
27564,4591.273393099467
26708,5395.90370218814
25852,5177.024204162206
24996,5009.292048070001
24140,5047.622621919606
23284,5047.622621919606
22428,4577.5627052664295
21572,4577.5627052664295
20716,4350.234583878664
19860,4337.374709164757
19004,4363.12795573973
18148,4391.804173844557
17292,4504.31246609448
16436,4599.967512951722
15580,4599.967512951722
14724,5857.4384191299405
13868,5291.29260043864
13012,5114.6707680556
12156,5170.803576568686
11300,5170.803576568686
10444,4641.62036694178
9588,4641.62036694178
8732,4532.434829777233
7876,4443.128100771537
7020,4445.098784458757
6164,4445.098784458757
5308,4491.797288248885
4452,4596.561300453772
3596,4596.561300453772
2740,5403.227220049386
1884,5196.906569572173
1028,5029.174413479968
172,5039.217921307617
40405,5328.303215175888
39549,5328.303215175888
38693,6292.997266431675
37837,5906.3078406965715
36981,5715.23829874089
36125,5715.506503043796
35269,5715.506503043796
34413,5258.5980468339085
33557,5258.5980468339085
32701,5029.657653836599
31845,4951.101334226134
30989,4888.070870523008
30133,4888.070870523008
29277,5062.621396841305
28421,5205.998790347275
27565,5205.998790347275
26709,6085.380148601839
25853,5724.16918461001
24997,5569.017620644343
24141,5560.564137912298
23285,5560.564137912298
22429,5204.4788887284685
21573,5204.4788887284685
20717,4896.431359121196
19861,4886.756450839872
19005,4912.509697414845
18149,4957.262507741892
17293,5087.060223733141
16437,5226.883696413761
15581,5226.883696413761
14725,6549.99558393917
13869,5838.437580886444
13013,5674.396340629942
12157,5712.032158583334
11301,5712.032158583334
10445,5271.942762901769
9589,5271.942762901769
8733,5105.627947242063
7877,5016.321218236367
7021,5018.291901923587
6165,5018.291901923587
5309,5083.4432616525055
4453,5226.883696413761
3597,5226.883696413761
2741,6106.893291944049
1885,5758.241175500942
1029,5603.089611535274
173,5594.636128803229
40406,7083.700333748022
39550,7083.700333748022
38694,8506.381351040898
37838,8068.404481312563
36982,7865.087632335652
36126,7846.773243981967
35270,7846.773243981967
34414,7013.995165406042
33558,7013.995165406042
32702,6733.018471528113
31846,6669.396479490539
30990,6589.424711212862
30134,6589.424711212862
29278,6826.555650013256
28422,6966.32768826238
27566,6966.32768826238
26710,8295.616794435422
25854,7891.197604568973
24998,7723.798733582076
24142,7696.76265819344
23286,7696.76265819344
22430,6964.807786643573
21574,6964.807786643573
20718,6587.782651581128
19862,6588.110291529725
19006,6613.863538104698
18150,6658.616348431745
17294,6850.9944769050935
16438,6987.212594328866
15582,6987.212594328866
14726,8971.76163821775
13870,8000.534221502436
13014,7824.245674224704
12158,7843.2988995215055
11302,7843.2988995215055
10446,7027.339881473904
9590,7027.339881473904
8734,6792.047460359025
7878,6712.743279583249
7022,6714.71396327047
6166,6714.71396327047
5310,6847.377514824458
4454,6987.212594328866
3598,6987.212594328866
2742,8317.12993777763
1886,7925.269595459904
1030,7757.870724473008
174,7730.834649084371
40407,6856.468270004403
39551,6856.468270004403
38695,8268.136467798342
37839,7830.1595980700085
36983,7626.842749093098
36127,7608.528360739413
35271,7608.528360739413
34415,6786.763101662424
33559,6786.763101662424
32703,6520.3440136072395
31847,6456.722021569667
30991,6429.693719870487
30135,6429.693719870487
29279,6634.970194071575
28423,6739.095624518762
27567,6739.095624518762
26711,8071.561536673832
25855,7667.142346807383
24999,7499.743475820486
24143,7500.994466453806
23287,7500.994466453806
22431,6737.575722899955
21575,6737.575722899955
20719,6419.045840457106
19863,6416.188513973119
19007,6441.941760548092
18151,6470.617978652919
17295,6647.21823474918
16439,6759.980530585247
15583,6759.980530585247
14727,8948.879854384675
13871,7776.478963740846
13015,7600.190416463114
12159,7619.243641759916
11303,7619.243641759916
10447,6800.107817730285
9591,6800.107817730285
8735,6579.373002438153
7879,6500.068821662378
7023,6502.039505349597
6167,6502.039505349597
5311,6634.703056903584
4455,6759.980530585247
3599,6759.980530585247
2743,8078.885054535078
1887,7687.02471221735
1031,7519.625841230453
175,7492.589765841817
40408,5948.745614898051
39552,5948.745614898051
38696,6951.010817593986
37840,6613.881242977626
36984,6442.3990304873505
36128,6429.877572966892
35272,6429.877572966892
34416,5876.150298250955
33560,5876.150298250955
32704,5587.013191523354
31848,5463.595187348009
30992,5436.56688564883
30136,5436.56688564883
29280,5641.843359849917
28424,5828.7199433959295
27568,5828.7199433959295
26712,6753.770583026326
25856,6451.101114003638
25000,6315.536879503376
24144,6322.580800969923
23288,6322.580800969923
22432,5827.200041777123
21576,5827.200041777123
20720,5485.952140661858
19864,5423.061679751462
19008,5448.814926326435
18152,5477.491144431262
17296,5654.091400527522
16440,5849.604849462416
15584,5849.604849462416
14728,7275.192932852128
13872,6546.010983167499
13016,6401.557072376402
12160,6426.40322850643
11304,6426.40322850643
10448,5889.495014318815
9592,5889.495014318815
8736,5646.042180354267
7880,5506.704865152082
7024,5508.675548839302
6168,5508.675548839302
5312,5641.576222681926
4456,5849.604849462416
3600,5849.604849462416
2744,6761.094100887572
1888,6470.983479413605
1032,6335.419244913343
176,6314.176100357934
40409,6866.96711123265
39553,6866.96711123265
38697,8342.404207327712
37841,7837.643060894699
36985,7606.958774695058
36129,7601.434048164738
35273,7601.434048164738
34417,6797.26194289067
33561,6797.26194289067
32705,6522.682441985815
31849,6464.8482464211165
30993,6437.819944721939
30137,6437.819944721939
29281,6643.096418923024
28425,6744.662686404037
27569,6744.662686404037
26713,8123.334178985135
25857,7669.694030289103
25001,7474.927722079476
24145,7488.96837453616
23289,7488.96837453616
22433,6743.14278478523
21577,6743.14278478523
20721,6416.452489492711
19865,6424.314738824571
19009,6450.067985399543
18153,6478.7442035043705
17297,6655.344459600629
16441,6765.547592470522
15585,6765.547592470522
14729,8695.576065210958
13873,7783.962426565537
13017,7580.306442065074
12161,7612.14932918524
11305,7612.14932918524
10449,6810.606658958532
9593,6810.606658958532
8737,6609.572485391358
7881,6537.802913998846
7025,6539.773597686065
6169,6539.773597686065
5313,6651.727497519993
4457,6765.547592470522
3601,6765.547592470522
2745,8144.847322327345
1889,7689.5763956990695
1033,7494.810087489443
177,7480.563673924171
40410,5393.615465101078
39554,5393.615465101078
38698,6363.474895587541
37842,5976.785469852438
36986,5785.7159278967565
36130,5785.984132199663
35274,5785.984132199663
34418,5344.672674701957
33562,5344.672674701957
32706,5100.135282992465
31850,5021.578963382
30994,4994.550661682822
30138,4994.550661682822
29282,5154.188027976363
28426,5292.073418215323
27570,5292.073418215323
26714,6170.04740323867
25858,5808.836439246841
25002,5653.684875281174
24146,5673.518458571085
23290,5673.518458571085
22434,5278.362730382285
21578,5278.362730382285
20722,4993.90533049936
19866,4981.045455785454
19010,5006.798702360426
18154,5035.4749204652535
17298,5166.436068653968
16442,5300.767538067577
15586,5300.767538067577
14730,6625.662479907288
13874,5923.104835523275
13018,5759.063595266773
12162,5796.699413220165
11306,5796.699413220165
10450,5342.420392057636
9594,5342.420392057636
8738,5176.105576397929
7882,5086.798847392233
7026,5088.769531079453
6170,5088.769531079453
5314,5153.920890808372
4458,5297.361325569627
3602,5297.361325569627
2746,6177.370921099916
1890,5828.718804656808
1034,5673.567240691141
178,5665.113757959096
40411,6310.391921926494
39555,6310.391921926494
38699,7473.007077317333
37843,7105.5168252545645
36987,6925.220147903794
36131,6912.698690383336
35275,6912.698690383336
34419,6240.686753584515
33563,6240.686753584515
32707,5958.462837552168
31851,5879.906517941703
30995,5816.876054238577
30139,5816.876054238577
29283,6044.710103591911
28427,6188.087497097881
27571,6188.087497097881
26715,7256.4083156371
25859,6923.378169168003
25003,6778.999469807247
24147,6757.756325251838
23291,6757.756325251838
22435,6186.567595479075
21579,6186.567595479075
20723,5825.236542836765
19867,5815.561634555441
19011,5841.314881130414
18155,5886.067691457461
17299,6069.148930483748
16443,6208.972403164367
15587,6208.972403164367
14731,7774.737479947688
13875,7037.646565444437
13019,6884.378189792846
12163,6909.224345922874
11307,6909.224345922874
10451,6254.031469652376
9595,6254.031469652376
8739,6034.433130957632
7883,5945.126401951936
7027,5947.097085639156
6171,5947.097085639156
5315,6065.531968403112
4459,6208.972403164367
3603,6208.972403164367
2747,7277.92145897931
1891,6957.450160058935
1035,6813.071460698178
179,6791.828316142769
40412,6168.806467317462
39556,6168.806467317462
38700,7358.747484650705
37844,6984.401001730231
36988,6772.269687892825
36132,6753.95529953914
35276,6753.95529953914
34420,6124.372293442512
33564,6124.372293442512
32708,5879.834901733021
31852,5805.202230462907
30996,5778.173928763728
30140,5778.173928763728
29284,5937.8112950572695
28428,6071.7730369558785
27572,6071.7730369558785
26716,7148.659100158527
25860,6816.451971124634
25004,6640.238635277242
24148,6641.489625910562
23292,6641.489625910562
22436,6058.062349122841
21580,6058.062349122841
20724,5773.604949239916
19868,5764.66872286636
19012,5790.421969441333
18156,5819.09818754616
17300,5950.059335734874
16444,6080.467156808133
15588,6080.467156808133
14732,8013.118801882755
13876,6930.720367401068
13020,6745.617355262841
12164,6764.670580559642
11308,6764.670580559642
10452,6122.120010798191
9596,6122.120010798191
8740,5955.805195138485
7884,5870.42211447314
7028,5872.39279816036
6172,5872.39279816036
5316,5937.544157889279
4460,6077.060944310183
3604,6077.060944310183
2748,7155.982618019772
1892,6836.334336534601
1036,6660.121000687209
180,6633.084925298573
40413,5038.724056544079
39557,5038.724056544079
38701,6388.637075335253
37845,5979.572809357614
36989,5740.074058297476
36133,5734.549331767155
35277,5734.549331767155
34421,4969.018888202099
33565,4969.018888202099
32709,4783.161765977411
31853,4712.146056787933
30997,4649.115593084807
30141,4649.115593084807
29285,4805.213263464313
28429,4916.419631715466
27573,4916.419631715466
26717,6164.35906536211
25861,5797.434153271052
25005,5593.853380200929
24149,5579.606966635657
23293,5579.606966635657
22437,4914.899730096659
21581,4914.899730096659
20725,4649.935471262008
19869,4644.184211321035
19013,4669.937457896008
18157,4714.690268223055
17301,4826.035128275514
16445,4937.304537781952
15589,4937.304537781952
14733,6804.76508845142
13877,5911.702549547486
13021,5699.2321001865275
12165,5731.074987306693
11309,5731.074987306693
10453,4982.36360426996
9597,4982.36360426996
8741,4859.132059382875
7885,4773.74897871753
7029,4775.71966240475
6173,4775.71966240475
5317,4826.035128275514
4461,4937.304537781952
3605,4937.304537781952
2749,6185.872208704321
1893,5831.506144161984
1037,5627.92537109186
181,5613.678957526588
40414,6071.656169185674
39558,6071.656169185674
38702,7083.789420190201
37846,6809.725862789851
36990,6614.890193568129
36134,6633.655388430729
35278,6633.655388430729
34422,6001.951000843695
33566,6001.951000843695
32710,5722.789970312474
31854,5644.233650702009
30998,5564.261882424332
30142,5564.261882424332
29286,5806.174577869708
28430,5949.351744357061
27574,5949.351744357061
26718,6880.716088255271
25862,6627.58720670329
25006,6468.669515471582
24150,6478.71302329923
23294,6478.71302329923
22438,5947.831842738255
21582,5947.831842738255
20726,5572.6223710225195
19870,5562.9474627411955
19014,5588.700709316168
18158,5633.453519643215
17302,5830.613404761544
16446,5970.236650423547
15590,5970.236650423547
14734,7393.720246304925
13878,6741.855602979724
13022,6574.04823545718
12166,6630.181043970267
11310,6630.181043970267
10454,6015.295716911555
9598,6015.295716911555
8742,5781.818959143387
7886,5692.5122301376905
7030,5694.482913824911
6174,5694.482913824911
5318,5826.996442680908
4462,5970.236650423547
3606,5970.236650423547
2750,6902.229231597481
1894,6661.659197594221
1038,6502.741506362513
182,6512.785014190162
40415,6084.130251802992
39559,6084.130251802992
38703,7096.263502807518
37847,6822.199945407168
36991,6627.364276185446
36135,6646.129471048046
35279,6646.129471048046
34423,6014.425083461012
33567,6014.425083461012
32711,5735.264052929791
31855,5656.7077333193265
30999,5576.735965041649
30143,5576.735965041649
29287,5818.648660487025
28431,5961.825826974378
27575,5961.825826974378
26719,6893.190170872588
25863,6640.061289320607
25007,6481.143598088899
24151,6491.187105916548
23295,6491.187105916548
22439,5960.305925355572
21583,5960.305925355572
20727,5585.096453639837
19871,5575.421545358513
19015,5601.174791933486
18159,5645.927602260533
17303,5843.087487378862
16447,5982.710733040864
15591,5982.710733040864
14735,7406.194328922243
13879,6754.329685597041
13023,6586.522318074498
12167,6642.655126587584
11311,6642.655126587584
10455,6027.769799528873
9599,6027.769799528873
8743,5794.293041760704
7887,5704.986312755008
7031,5706.956996442228
6175,5706.956996442228
5319,5839.470525298226
4463,5982.710733040864
3607,5982.710733040864
2751,6914.703314214798
1895,6674.1332802115385
1039,6515.2155889798305
183,6525.259096807479
40416,6636.367519794556
39560,6636.367519794556
38704,8058.299059035082
37848,7646.637269370968
36992,7434.505955533561
36136,7416.191567179876
35280,7416.191567179876
34424,6587.424729395434
33568,6587.424729395434
32712,6297.764227500576
31856,6209.333821003234
31000,6182.305519304055
30144,6182.305519304055
29288,6395.226408632634
28432,6534.8254729088
27576,6534.8254729088
26720,7856.792348567606
25864,7478.688238765371
25008,7302.474902917978
24152,7303.725893551298
23296,7303.725893551298
22440,6521.1147850757625
21584,6521.1147850757625
20728,6191.5342750074715
19872,6168.800313406688
19016,6194.55355998166
18160,6223.229778086487
17304,6407.474449310239
16448,6543.519592761055
15592,6543.519592761055
14736,8793.7015195857
13880,7592.956635041805
13024,7407.853622903577
12168,7426.906848200379
11312,7426.906848200379
10456,6585.172446751113
9600,6585.172446751113
8744,6373.73452090604
7888,6274.553705013467
7032,6276.524388700687
6176,6276.524388700687
5320,6394.959271464643
4464,6540.113380263105
3608,6540.113380263105
2752,7864.115866428851
1896,7498.570604175338
1040,7322.357268327945
184,7295.321192939309
40417,4555.553295114845
39561,4555.553295114845
38705,5783.988868824141
37849,5468.867579816468
36993,5231.086145879157
36137,5251.008450650391
35281,5251.008450650391
34425,4485.848126772866
33569,4485.848126772866
32713,4331.63346654146
31857,4257.971041985933
31001,4230.942740286754
30145,4230.942740286754
29289,4362.691209220431
28433,4433.248870286232
27577,4433.248870286232
26721,5591.463802207062
25865,5300.918549210871
25009,5099.055093263574
24153,5138.542777021813
23297,5138.542777021813
22441,4431.728968667426
21585,4431.728968667426
20729,4225.403514048355
19873,4217.437534389386
19017,4243.190780964359
18161,4271.866999069186
17305,4374.939249898036
16449,4454.133776352718
15593,4454.133776352718
14737,6189.701732257178
13881,5415.186945487305
13025,5204.433813249173
12169,5261.723731670893
11313,5261.723731670893
10457,4499.192842840726
9601,4499.192842840726
8745,4418.523509947002
7889,4330.925709563661
7033,4332.896393250881
6177,4332.896393250881
5321,4371.3222878174
4465,4454.133776352718
3609,4454.133776352718
2753,5612.976945549272
1897,5320.800914620838
1041,5118.937458673541
185,5130.138076409824
40418,6143.724824345946
39562,6143.724824345946
38706,7392.655866522505
37850,7119.228273338367
36994,6893.305732883893
36138,6923.347474060618
35282,6923.347474060618
34426,6078.528272528139
33570,6078.528272528139
32714,5823.876886962916
31858,5745.320567352451
31002,5682.290103649325
30146,5682.290103649325
29290,5905.469868226568
28434,6025.929016041505
27578,6025.929016041505
26722,7189.582534587575
25866,6937.089617251806
25010,6747.085054787346
24154,6768.40510892912
23298,6768.40510892912
22442,6024.409114422699
21586,6024.409114422699
20730,5690.650592247513
19874,5680.975683966189
19018,5706.728930541161
18162,5751.481740868208
17306,5929.9086951184045
16450,6046.813922107991
15594,6046.813922107991
14738,8097.202647186666
13882,7051.35801352824
13026,6852.463774772945
12170,6919.873129600156
11314,6919.873129600156
10458,6091.872988595999
9602,6091.872988595999
8746,5899.84718036838
7890,5810.540451362684
7034,5812.511135049904
6178,5812.511135049904
5322,5926.291733037769
4466,6046.813922107991
3610,6046.813922107991
2754,7211.095677929785
1898,6971.161608142737
1042,6781.157045678277
186,6802.477099820051
40419,5246.596594437068
39563,5246.596594437068
38707,5946.992526848294
37851,5716.159996824388
36995,5521.324327602666
36139,5540.089522465266
35283,5540.089522465266
34427,5197.653804037946
33571,5197.653804037946
32715,4959.8640178290225
31859,4881.307698218558
31003,4854.279396519379
30147,4854.279396519379
29291,4992.611551489607
28435,5145.054547551313
27579,5145.054547551313
26723,5767.090464244726
25867,5548.210966218791
25011,5389.293274987083
24155,5427.623848836688
23299,5427.623848836688
22443,5131.343859718275
21587,5131.343859718275
20731,4853.6340653359175
19875,4840.774190622011
19019,4866.527437196984
18163,4895.203655301811
17307,5004.859592167212
16451,5153.748667403567
15595,5153.748667403567
14739,6217.38053465241
13883,5662.479362495225
13027,5494.671994972682
12171,5550.804803485768
11315,5550.804803485768
10459,5195.401521393625
9603,5195.401521393625
8747,5018.893006659935
7891,4929.586277654239
7035,4931.556961341459
6179,4931.556961341459
5323,4992.344414321617
4467,5150.342454905617
3611,5150.342454905617
2755,5774.413982105972
1899,5568.093331628758
1043,5409.17564039705
187,5419.219148224699
40420,5329.795382311435
39564,5329.795382311435
38708,6095.597816228135
37852,5851.729855184709
36996,5671.433177833937
36140,5658.911720313479
35284,5658.911720313479
34428,5257.200065664339
33572,5257.200065664339
32716,5018.58540963988
31860,4945.896997693056
31004,4918.868695993877
30148,4918.868695993877
29292,5094.627279653578
28436,5216.915671180356
27580,5216.915671180356
26724,5914.485185881916
25868,5696.095686581763
25012,5551.716987221006
24156,5558.760908687553
23300,5558.760908687553
22444,5215.39576956155
21588,5215.39576956155
20732,4924.670319149426
19876,4905.363490096509
19020,4931.116736671482
18164,4958.505125547824
17308,5097.977104566223
16452,5237.800577246842
15596,5237.800577246842
14740,6360.118707659071
13884,5783.859595374582
13028,5630.591219722989
12172,5655.437375853017
11316,5655.437375853017
10460,5270.544781732199
9604,5270.544781732199
8748,5094.555703045344
7892,5005.248974039648
7036,5007.219657726868
6180,5007.219657726868
5324,5094.360142485587
4468,5237.800577246842
3612,5237.800577246842
2756,5921.8087037431615
1900,5715.97805199173
1044,5571.599352630973
188,5550.356208075564
40421,6397.88482546532
39565,6397.88482546532
38709,7803.850336835799
37853,7445.498020451681
36997,7216.531051374867
36141,7236.453356146101
35285,7236.453356146101
34429,6353.45065159037
33573,6353.45065159037
32717,6123.442278916492
31861,6049.779854360965
31005,6022.751552661786
30149,6022.751552661786
29293,6200.139129503009
28437,6300.851395103737
27581,6300.851395103737
26725,7602.3436263683225
25869,7277.548989846085
25013,7084.499998759285
24157,7123.987682517523
23301,7123.987682517523
22445,6287.140707270699
21589,6287.140707270699
20733,6017.212326423387
19877,6009.246346764418
19021,6034.999593339391
18165,6063.675811444218
17309,6212.387170180614
16453,6309.545514955991
15597,6309.545514955991
14741,8270.106542805903
13885,7391.817386122519
13029,7189.878718744883
12173,7247.168637166604
11317,7247.168637166604
10461,6351.198368946049
9605,6351.198368946049
8749,6182.471267747404
7893,6098.058433796647
7037,6100.029117483867
6181,6100.029117483867
5325,6199.871992335018
4469,6306.139302458041
3613,6306.139302458041
2757,7609.667144229568
1901,7297.431355256052
1045,7104.382364169252
189,7115.582981905534
40422,5237.656932470951
39566,5237.656932470951
38710,6398.948096581749
37854,6076.250791605418
36998,5830.689249910783
36142,5842.046206452597
35286,5842.046206452597
34430,5172.460380653143
33574,5172.460380653143
32718,5002.208886542136
31862,4920.970446017951
31006,4893.942144318772
30150,4893.942144318772
29294,5018.046198124957
28438,5119.861124166509
27582,5119.861124166509
26726,6206.423029964671
25870,5908.301760999821
25014,5698.6581972952
24158,5729.580532824019
23302,5729.580532824019
22446,5118.341222547703
21590,5118.341222547703
20734,4895.978934049031
19878,4880.436938421404
19022,4906.190184996377
18166,4934.866403101204
17310,5030.294238802562
16454,5140.7460302329955
15598,5140.7460302329955
14742,7066.288098888896
13886,6008.380531795291
13030,5789.847291799834
12174,5838.571861992135
11318,5838.571861992135
10462,5185.805096721004
9606,5185.805096721004
8750,5061.237875373048
7894,4969.249025453632
7038,4971.2197091408525
6182,4971.2197091408525
5326,5017.7790609569665
4470,5140.7460302329955
3614,5140.7460302329955
2758,6213.746547825916
1902,5928.184126409788
1046,5718.540562705167
190,5721.17583221203
40423,6279.748030914109
39567,6279.748030914109
38711,7282.013233610044
37855,6992.943694814546
36999,6821.46148232427
36143,6808.940024803812
35287,6808.940024803812
34431,6207.152714267013
33575,6207.152714267013
32719,5918.0156075394125
31863,5847.589418527899
31007,5820.5611168287205
30151,5820.5611168287205
29295,6025.837591029807
28439,6164.654138754959
27583,6164.654138754959
26727,7089.704778385355
25871,6835.0953451835285
25015,6699.531110683267
24159,6706.5750321498135
23303,6706.5750321498135
22447,6163.1342371361525
21591,6163.1342371361525
20735,5821.886336020887
19879,5807.055910931353
19023,5832.809157506325
18167,5861.485375611152
17311,6038.085631707412
16455,6185.539044821445
15599,6185.539044821445
14743,7578.744937859958
13887,6925.073435004419
13031,6780.619524213322
12175,6805.46568034335
11319,6805.46568034335
10463,6220.497430334874
9607,6220.497430334874
8751,5977.044596370325
7895,5885.767316989001
7039,5887.738000676221
6183,5887.738000676221
5327,6025.5704538618165
4471,6185.539044821445
3615,6185.539044821445
2759,7097.028296246601
1903,6854.977710593495
1047,6719.413476093234
191,6698.1703315378245
40424,6405.653628879692
39568,6405.653628879692
38712,7839.7007195128
37856,7458.275789525353
37000,7203.89978297022
36144,7215.256739512035
35288,7215.256739512035
34432,6356.710838480571
33576,6356.710838480571
32720,6076.486378006786
31864,6002.8239534512595
31008,5975.795651752081
30152,5975.795651752081
29296,6179.280499659586
28440,6304.111581993937
27584,6304.111581993937
26728,7638.194009045324
25872,7290.326758919756
25016,7071.868730354638
24160,7102.791065883457
23304,7102.791065883457
22448,6290.400894160899
21592,6290.400894160899
20736,5970.256425513681
19880,5962.290445854713
19024,5988.0436924296855
18168,6016.719910534513
17312,6191.528540337191
16456,6312.805701846191
15600,6312.805701846191
14744,8318.976349074026
13888,7404.59515519619
13032,7177.247450340236
12176,7225.9720205325375
11320,7225.9720205325375
10464,6354.45855583625
9608,6354.45855583625
8752,6152.45667141225
7896,6068.043837461492
7040,6070.014521148712
6184,6070.014521148712
5328,6179.013362491595
4472,6309.399489348241
3616,6309.399489348241
2760,7645.517526906569
1904,7310.209124329723
1048,7091.7510957646045
192,7094.386365271468
40425,4680.110123833382
39569,4680.110123833382
38713,5467.556938900246
37857,5236.72440887634
37001,5041.888739654618
36145,5060.653934517218
35289,5060.653934517218
34433,4610.404955491403
33577,4610.404955491403
32721,4431.680650293999
31865,4353.124330683534
31009,4273.152562405857
30153,4273.152562405857
29297,4438.547122232422
28441,4557.805699004769
27585,4557.805699004769
26729,5273.465250815713
25873,5054.585752789779
25017,4895.668061558071
24161,4905.7115693857195
23305,4905.7115693857195
22449,4556.285797385963
21593,4556.285797385963
20737,4281.513051004044
19881,4271.8381427227205
19025,4297.591389297693
18169,4342.34419962474
17313,4462.985949124259
16457,4578.690605071255
15601,4578.690605071255
14745,5738.675320165292
13889,5168.854149066213
13033,5001.04678154367
12177,5057.179590056756
11321,5057.179590056756
10465,4623.749671559263
9609,4623.749671559263
8753,4490.7096391249115
7897,4401.402910119215
7041,4403.373593806436
6185,4403.373593806436
5329,4459.368987043623
4473,4578.690605071255
3617,4578.690605071255
2761,5294.9783941579235
1905,5088.65774368071
1049,4929.740052449002
193,4939.783560276651
40426,7028.12952486341
39570,7028.12952486341
38714,8543.494323744455
37858,8038.138527350714
37002,7834.8216783738035
36146,7816.5072900201185
35290,7816.5072900201185
34434,6958.42435652143
33578,6958.42435652143
32722,6669.28724979383
31866,6621.493486747085
31010,6541.521718469408
30154,6541.521718469408
29298,6778.652657269802
28442,6910.756879377768
27586,6910.756879377768
26730,8315.16644926388
25874,7860.931650607124
25018,7693.532779620227
24162,7666.496704231591
23306,7666.496704231591
22450,6909.236977758961
21594,6909.236977758961
20738,6524.051429846847
19882,6540.207298786271
19026,6565.960545361244
18170,6610.713355688291
17314,6803.091484161638
16458,6931.641785444253
15602,6931.641785444253
14746,9001.97373920432
13890,7970.268267540587
13034,7793.979720262855
12178,7813.032945559657
11322,7813.032945559657
10466,6971.769072589292
9610,6971.769072589292
8754,6728.316238624743
7898,6664.840286839795
7042,6666.810970527016
6186,6666.810970527016
5330,6799.474522081002
4474,6931.641785444253
3618,6931.641785444253
2762,8336.679592606088
1906,7895.003641498055
1050,7727.604770511159
194,7700.5686951225225
40427,4674.164998211026
39571,4674.164998211026
38715,5819.365098554149
37859,5504.243809546476
37003,5275.276840469662
36147,5295.199145240896
35291,5295.199145240896
34435,4604.459829869046
33579,4604.459829869046
32723,4443.331978942387
31867,4369.66955438686
31011,4289.697786109183
30155,4289.697786109183
29299,4445.656304514675
28443,4551.860573382412
27587,4551.860573382412
26731,5612.650406456106
25875,5322.105153459915
25019,5129.056162373115
24163,5140.256780109397
23307,5140.256780109397
22451,4550.340671763606
21595,4550.340671763606
20739,4293.164379652432
19883,4288.383366426046
19027,4314.136613001019
18171,4358.889423328066
17315,4470.095131406511
16459,4572.745479448899
15603,4572.745479448899
14747,6214.5636889140005
13891,5436.373549736349
13035,5234.434882358713
12179,5291.724800780434
11323,5291.724800780434
10467,4617.804545936907
9611,4617.804545936907
8755,4502.360967773299
7899,4417.948133822541
7043,4419.9188175097615
6187,4419.9188175097615
5331,4466.478169325876
4475,4572.745479448899
3619,4572.745479448899
2763,5634.163549798316
1907,5356.177144350846
1051,5163.128153264046
195,5174.328771000329
40428,6084.646250810977
39572,6084.646250810977
38716,7406.527105508316
37860,7133.099512324178
37004,6907.176971869704
36148,6937.218713046428
35292,6937.218713046428
34436,6014.941082468998
33580,6014.941082468998
32724,5807.442899202553
31868,5728.886579592089
31012,5701.858277892909
30156,5701.858277892909
29300,5886.890269861625
28444,5962.341825982363
27588,5962.341825982363
26732,7217.64339905435
25876,6965.150481718581
25020,6775.145919254121
24164,6824.75303941785
23308,6824.75303941785
22452,5960.821924363558
21596,5960.821924363558
20740,5701.212946709449
19884,5688.3530719955415
19028,5714.106318570514
18172,5742.782536675341
17316,5899.13831053923
16460,5983.22673204885
15604,5983.22673204885
14748,7791.990289322588
13892,7079.418877995015
13036,6880.52463923972
12180,6947.933994066931
11324,6947.933994066931
10468,6028.285798536857
9612,6028.285798536857
8756,5883.413192608018
7900,5794.106463602322
7044,5796.077147289541
6188,5796.077147289541
5332,5886.623132693634
4476,5983.22673204885
3620,5983.22673204885
2764,7224.966916915595
1908,6985.0328471285475
1052,6795.0282846640885
196,6816.348338805862
40429,5784.639498021927
39573,5784.639498021927
38717,6933.4098598137125
37861,6525.9793483181875
37005,6322.662499341278
36149,6304.348110987593
35293,6304.348110987593
34437,5719.442946204119
33581,5719.442946204119
32725,5491.749775361227
31869,5411.210340869075
31013,5337.685526930408
30157,5337.685526930408
29301,5521.532942695764
28445,5673.989650088527
27589,5673.989650088527
26733,6733.841128086712
25877,6350.986652602669
25021,6183.587781615774
24165,6156.551706227137
23309,6156.551706227137
22453,5672.469748469722
21597,5672.469748469722
20741,5348.728136442314
19885,5336.371107247271
19029,5362.124353822243
18173,5406.87716414929
17317,5545.9717695876
16461,5694.874556155014
15605,5694.874556155014
14749,7365.333497107696
13893,6458.10908850806
13037,6281.82054123033
12181,6300.873766527131
11325,6300.873766527131
10469,5732.787662271979
9613,5732.787662271979
8757,5550.778764192139
7901,5458.789914272723
7045,5460.760597959944
6189,5460.760597959944
5333,5542.354807506964
4477,5694.874556155014
3621,5694.874556155014
2765,6755.354271428922
1909,6385.0586434936
1053,6217.659772506705
197,6190.623697118069
40430,4840.450188855204
39574,4840.450188855204
38718,5894.693695420057
37862,5579.572406412384
37006,5350.60543733557
36150,5370.527742106804
35294,5370.527742106804
34438,4770.7450205132245
33582,4770.7450205132245
32726,4554.151568135666
31870,4470.869754301702
31014,4390.897986024025
30158,4390.897986024025
29302,4601.699087626023
28446,4708.526374748154
27590,4708.526374748154
26734,5678.3596140435775
25878,5387.814361047386
25022,5194.765369960586
24166,5205.965987696869
23310,5205.965987696869
22454,4707.006473129348
21598,4707.006473129348
20742,4394.364579567275
19886,4389.583566340889
19030,4415.336812915862
18174,4460.089623242909
17318,4626.13791451786
16462,4729.41128081464
15606,4729.41128081464
14750,6155.004120696824
13894,5511.702146602257
13038,5309.763479224622
12182,5367.053397646342
11326,5367.053397646342
10470,4784.089736581085
9614,4784.089736581085
8758,4613.1805569665785
7902,4528.767723015821
7046,4530.738406703041
6190,4530.738406703041
5334,4622.520952437224
4478,4729.41128081464
3622,4729.41128081464
2766,5699.872757385788
1910,5421.886351938318
1054,5228.837360851518
198,5240.0379785878
40431,6291.796799909089
39575,6291.796799909089
38719,7476.572438011655
37863,7107.334608266164
37007,6895.2032944287575
36151,6876.888906075073
35295,6876.888906075073
34439,6226.600248091281
33583,6226.600248091281
32727,5997.659855093972
31871,5933.067616341811
31015,5906.039314642632
30159,5906.039314642632
29303,6065.676680936173
28447,6178.932770947618
27591,6178.932770947618
26735,7271.415832862448
25879,6944.317357003538
25023,6768.104021156146
24167,6769.355011789466
23311,6769.355011789466
22455,6177.412869328812
21599,6177.412869328812
20743,5896.3616819438375
19887,5892.534108745264
19031,5918.287355320237
18175,5946.963573425064
17319,6077.924721613778
16463,6199.817677014104
15607,6199.817677014104
14751,8114.687032108424
13895,7053.653973937001
13039,6868.550961798774
12183,6887.604187095575
11327,6887.604187095575
10471,6239.944964159142
9615,6239.944964159142
8759,6084.549898499514
7903,6001.0905045765685
7047,6003.061188263789
6191,6003.061188263789
5335,6074.307759533142
4479,6199.817677014104
3623,6199.817677014104
2767,7292.928976204658
1911,6964.199722413505
1055,6787.986386566113
199,6760.950311177477
40432,4425.384110942287
39576,4238.309052799155
38720,4543.428042636757
37864,4403.801068506861
37008,4596.8652223957615
36152,4595.86508058342
35296,4595.86508058342
34440,4376.441320543165
33584,4189.366262400031
32728,3794.4989162545344
31872,3715.9425966440676
31016,3688.9142949448888
30160,3688.9142949448888
29304,3812.109878389647
28448,3959.8227628809236
27592,4156.721427885234
26736,3964.75458396735
25880,3837.080641835426
25024,4066.0627737143413
24168,4084.6280108890055
23312,4084.6280108890055
22456,3946.1120750478867
21600,4143.010740052197
20744,3688.2689637614308
19888,3675.4090890475222
19032,3701.1623356224945
18176,3719.0200098519467
17320,3824.3579190672526
16464,3968.516882733178
15608,4165.415547737489
14752,4517.243131030864
13896,3951.349038111859
13040,4171.441493699938
12184,4207.808965538084
11328,4207.808965538084
10472,4010.1697367232387
9616,4207.06840172755
8760,3864.921450510698
7904,3775.614721505
7048,3777.5854051922206
6192,3777.5854051922206
5336,3811.8427412216565
4480,3965.1106702352286
3624,4205.7211171236395
2768,3972.0781018285948
1912,3856.9630072453915
1056,4085.945139124309
200,4076.223310277015
40433,4746.415245495105
39577,4766.769926398579
38721,5441.127670474276
37865,5210.29514045037
37009,5006.645006368151
36153,5025.410201230751
35297,5025.410201230751
34441,4673.819928848009
33585,4694.174609751482
32729,4360.1709344607025
31873,4286.783516481846
31017,4259.755214782667
30161,4259.755214782667
29305,4400.970797782459
28449,4523.259189309238
27593,4666.6986768682955
26737,5163.26412481857
25881,4944.384626792636
25025,4776.652470700431
24169,4814.983044550036
23313,4814.983044550036
22457,4521.739287690431
21601,4665.178775249489
20745,4259.109883599206
19889,4246.250008885299
19033,4272.003255460272
18177,4292.944689997604
17321,4404.320622695104
16465,4544.144095375724
15609,4687.583582934782
14753,5615.040362232799
13897,5039.294495956497
13041,4862.672663573457
12185,4918.805472086543
11329,4918.805472086543
10473,4584.034260232123
9617,4727.473747791181
8761,4436.141227866166
7905,4346.83449886047
7049,4348.8051825476905
6193,4348.8051825476905
5337,4400.703660614468
4481,4544.144095375724
3625,4687.583582934782
2769,5170.587642679816
1913,4964.2669922026025
1057,4796.534836110398
201,4806.578343938047
40434,6108.552456964986
39578,6108.552456964986
38722,6841.074832572344
37866,6518.377527596013
37010,6272.815985901378
36154,6292.738290672612
35298,6292.738290672612
34442,6035.95714031789
33586,6035.95714031789
32730,5533.801551265331
31874,5448.112623094318
31018,5421.084321395139
30162,5421.084321395139
29306,5690.885777356111
28450,5978.907396184428
27594,5978.907396184428
26738,6644.0992783084375
25882,6345.978009343588
25026,6136.334445638967
24170,6175.822129397206
23314,6175.822129397206
22458,5977.387494565622
21602,5977.387494565622
20746,5423.121111125398
19890,5407.579115497771
19034,5433.332362072744
18178,5462.008580177571
17322,5703.133818033716
16466,5999.792302250914
15610,5999.792302250914
14754,7477.950485236188
13898,6464.696893266851
13042,6246.163653271394
12186,6303.453571693114
11330,6303.453571693114
10474,6049.30185638575
9618,6049.30185638575
8762,5620.691594670873
7906,5525.517778318875
7050,5527.488462006095
6194,5527.488462006095
5338,5699.51685595308
4482,5999.792302250914
3626,5999.792302250914
2770,6665.612421650648
1914,6365.860374753555
1058,6156.216811048934
202,6167.4174287852165
40435,5856.884078965946
39579,5856.884078965946
38723,6762.360539007506
37867,6481.957033056999
37011,6254.948463724598
36155,6262.081106672467
35299,6262.081106672467
34443,5787.178910623967
33587,5787.178910623967
32731,5468.784436613607
31875,5385.502622779643
31019,5358.4743210804645
30163,5358.4743210804645
29307,5555.713885427052
28451,5724.960264858896
27595,5724.960264858896
26739,6560.216083111991
25883,6304.388613172965
25027,6113.298021830578
24171,6139.996043765453
23315,6139.996043765453
22459,5723.44036324009
21603,5723.44036324009
20747,5352.935094842065
19891,5344.969115183097
19035,5370.722361758069
18179,5399.398579862896
17323,5567.961926104657
16467,5745.845170925382
15611,5745.845170925382
14755,7375.784128482161
13899,6428.276398727836
13043,6228.296131094614
12187,6272.79638769297
11331,6272.79638769297
10475,5800.523626691827
9619,5800.523626691827
8763,5544.754730019071
7907,5460.341896068313
7051,5462.312579755533
6195,5462.312579755533
5339,5555.446748259062
4483,5745.845170925382
3627,5745.845170925382
2771,6567.539600973237
1915,6324.270978582932
1059,6133.180387240545
203,6131.591343153464
40436,5105.112418657744
39580,5105.112418657744
38724,5993.923822794804
37868,5687.625660702599
37012,5496.5561187469175
36156,5496.824323049824
35300,5496.824323049824
34444,5039.915866839936
33588,5039.915866839936
32732,4801.301210815477
31876,4723.443897237044
31020,4696.415595537866
30164,4696.415595537866
29308,4872.174179197566
28452,4994.462570724345
27596,4994.462570724345
26740,5807.642290816976
25884,5526.822590468045
25028,5371.671026502378
24172,5391.504609792289
23316,5391.504609792289
22460,4992.942669105539
21604,4992.942669105539
20748,4702.217218693415
19892,4682.910389640498
19036,4708.66363621547
18180,4737.3398543202975
17324,4884.422219875171
16468,5015.347476790831
15612,5015.347476790831
14756,6259.273372905395
13900,5619.755400892472
13044,5455.714160635969
12188,5493.349978589362
11332,5493.349978589362
10476,5053.260582907797
9620,5053.260582907797
8764,4877.271504220941
7908,4787.964775215245
7052,4789.935458902465
6196,4789.935458902465
5340,4871.907042029576
4484,5015.347476790831
3628,5015.347476790831
2772,5814.965808678222
1916,5546.704955878012
1060,5391.5533919123445
204,5383.0999091803
40437,5473.257955385635
39581,5473.257955385635
38725,6244.225768533011
37869,6000.357807489585
37013,5820.0611301388135
36157,5807.539672618355
35301,5807.539672618355
34445,5421.425016681396
33589,5421.425016681396
32733,5176.887624971905
31877,5103.500206993049
31021,5076.47190529387
30165,5076.47190529387
29309,5236.109271587411
28453,5373.994661826371
27597,5373.994661826371
26741,6055.967177815749
25885,5837.577678515597
25029,5693.198979154839
24173,5700.242900621386
23317,5700.242900621386
22461,5360.283973993333
21605,5360.283973993333
20749,5075.826574110409
19893,5062.966699396502
19037,5088.719945971475
18181,5117.396164076302
17325,5248.357312265016
16469,5382.688781678626
15613,5382.688781678626
14757,6495.900654653762
13901,5946.677173160422
13045,5793.40879750883
12189,5804.065328157893
11333,5804.065328157893
10477,5419.172734037075
9621,5419.172734037075
8765,5252.857918377369
7909,5163.551189371673
7053,5165.521873058893
6197,5165.521873058893
5341,5235.84213441942
4485,5379.282569180676
3629,5379.282569180676
2773,6063.290695676995
1917,5857.460043925564
1061,5713.081344564806
205,5691.838200009397
40438,4639.1012497572665
39582,4639.1012497572665
38726,5423.657916519013
37870,5192.8253864951075
37014,4997.989717273385
36158,5016.754912135985
35302,5016.754912135985
34446,4566.50593311017
33590,4566.50593311017
32734,4387.781627912766
31878,4314.39420993391
31022,4234.422441656233
30166,4234.422441656233
29310,4399.817001482798
28454,4519.075578255145
27598,4519.075578255145
26742,5234.735130066089
25886,5015.855632040155
25030,4856.937940808447
24174,4866.981448636096
23318,4866.981448636096
22462,4517.555676636339
21606,4517.555676636339
20750,4242.7829302544205
19894,4233.108021973097
19038,4258.861268548069
18182,4303.614078875116
17326,4424.255828374635
16470,4539.960484321631
15614,4539.960484321631
14758,5693.9476391044045
13902,5124.95512668498
13046,4957.147759162437
12190,5013.280567675523
11334,5013.280567675523
10478,4579.850649178031
9622,4579.850649178031
8766,4446.810616743679
7910,4357.503887737983
7054,4359.474571425203
6198,4359.474571425203
5342,4420.638866293999
4486,4539.960484321631
3630,4539.960484321631
2774,5256.2482734083
1918,5049.927622931086
1062,4891.009931699378
206,4901.053439527027
40439,5780.421827927643
39583,5780.421827927643
38727,6936.664146944747
37871,6588.110019773875
37015,6375.978705936469
36159,6357.664317582784
35303,6357.664317582784
34447,5731.479037528521
33591,5731.479037528521
32735,5495.102058668701
31879,5431.480066631128
31023,5404.451764931949
30167,5404.451764931949
29311,5564.08913122549
28455,5683.811560384858
27599,5683.811560384858
26743,6749.070859670639
25887,6425.092768511249
25031,6248.879432663857
24175,6250.130423297177
23319,6250.130423297177
22463,5670.10087255182
21607,5670.10087255182
20751,5393.803885518567
19895,5390.946559034581
19039,5416.699805609554
18183,5445.376023714381
17327,5576.337171903095
16471,5692.505680237113
15615,5692.505680237113
14759,7596.326482131719
13903,6534.429385444712
13047,6349.326373306485
12191,6368.3795986032865
11335,6368.3795986032865
10479,5729.2267548842
9623,5729.2267548842
8767,5571.072352074165
7911,5491.7681712983895
7055,5493.73885498561
6199,5493.73885498561
5343,5563.821994057499
4487,5689.099467739163
3631,5689.099467739163
2775,6756.394377531885
1919,6444.975133921216
1063,6268.761798073824
207,6241.725722685188
40440,5647.043380997902
39584,5647.043380997902
38728,6430.445130659236
37872,6104.2153555972845
37016,5932.73314310701
36160,5920.2116855865515
35304,5920.2116855865515
34448,5577.338212655923
33592,5577.338212655923
32736,5341.48462896336
31880,5265.889538320238
31024,5185.917770042561
30168,5185.917770042561
29312,5369.765185807917
28456,5529.67073551226
27600,5529.67073551226
26744,6227.759792172372
25888,5927.008478853694
25032,5791.4442443534335
24176,5770.201099798024
23320,5770.201099798024
22464,5528.150833893454
21608,5528.150833893454
20752,5196.248809016376
19896,5184.603350359424
19040,5210.356596934397
18184,5255.109407261444
17328,5394.204012699754
16472,5550.555641578746
15616,5550.555641578746
14760,6678.737372594607
13904,6036.345095787157
13048,5891.891184996061
12192,5916.73734112609
11336,5916.73734112609
10480,5590.682928723783
9624,5590.682928723783
8768,5400.513617794272
7912,5309.2363384129485
7056,5311.207022100169
6200,5311.207022100169
5344,5390.587050619118
4488,5550.555641578746
3632,5550.555641578746
2776,6249.272935514582
1920,5961.080469744626
1064,5825.516235244365
208,5804.273090688956
40441,3988.490510799311
39585,3880.212101922178
38729,4365.385552793565
37873,4189.840477941993
37017,4340.592390576721
36161,4350.714725908136
35305,4350.714725908136
34449,3939.5477204001872
33593,3831.269311523057
32737,3393.8464660648892
31881,3320.1840415093607
31025,3293.155739810182
30169,3293.155739810182
29313,3425.3681377726566
28457,3572.511488474188
27601,3798.6244770082585
26745,3814.8105958115293
25889,3663.84155697144
25033,3850.5114475961814
24177,3880.1991619146
23321,3880.1991619146
22465,3558.800800641151
21609,3784.9137891752216
20753,3287.6165135717856
19897,3279.6505339128153
19041,3305.4037804877876
18185,3323.2614547172398
17329,3437.6161784502624
16473,3581.2056083264424
15617,3807.318596860513
14761,4742.976033560171
13905,3778.109953247873
13049,3955.8901675817774
12193,4003.3801165636787
11337,4003.3801165636787
10481,3622.8584623165025
9625,3848.971450850574
8769,3464.2690003210523
7913,3379.8561663702926
7057,3381.826850057513
6201,3381.826850057513
5345,3425.1010006046663
4489,3577.799395828493
3633,3803.9123843625634
2777,3822.134113672774
1921,3683.7239223814054
1065,3870.3938130061474
209,3871.7944613026116
40442,6418.129726782532
39586,6418.129726782532
38730,7648.780656348053
37874,7282.852323995277
37018,7028.476317440145
36162,7048.398622211379
35306,7048.398622211379
34450,6345.534410135437
33594,6345.534410135437
32738,5914.687606735702
31882,5828.998678564689
31026,5801.970376865511
30170,5801.970376865511
29314,6120.103367523656
28458,6288.484666001975
27602,6288.484666001975
26746,7442.823458233747
25890,7110.4528057428515
25034,6891.994777177734
24178,6931.482460935972
23322,6931.482460935972
22466,6286.964764383168
21610,6286.964764383168
20754,5804.0071665957685
19898,5788.465170968143
19042,5814.218417543116
18186,5842.894635647943
17330,6132.351408201261
16474,6309.36957206846
15618,6309.36957206846
14762,8322.079363901765
13906,7229.171689666114
13050,7001.823984810161
12194,7059.1139032318815
11338,7059.1139032318815
10482,6358.879126203296
9626,6358.879126203296
8770,6001.577650141245
7914,5906.403833789245
7058,5908.374517476466
6202,5908.374517476466
5346,6128.734446120625
4490,6309.36957206846
3634,6309.36957206846
2778,7464.336601575958
1922,7130.335171152819
1066,6911.8771425877
210,6923.077760323984
40443,7173.043599984683
39587,7173.043599984683
38731,8624.914699069519
37875,8182.565827674236
37019,7979.248978697327
36163,7960.934590343642
35307,7960.934590343642
34451,7103.338431642704
33595,7103.338431642704
32739,6814.201324915103
31883,6765.920787070609
31027,6738.892485371429
30171,6738.892485371429
29315,6944.1689595725165
28459,7055.67095449904
27603,7055.67095449904
26747,8410.776450069918
25891,8019.54857641161
25035,7852.149705424716
24179,7853.4006960580355
23323,7853.4006960580355
22467,7054.151052880235
21611,7054.151052880235
20755,6712.903151764968
19899,6725.387279474061
19043,6751.140526049034
18187,6779.816744153861
17331,6956.417000250121
16475,7076.555860565527
15619,7076.555860565527
14763,9061.609061714706
13907,8128.885193345073
13051,7952.5966460673435
12195,7971.649871364145
11339,7971.649871364145
10483,7116.683147710563
9627,7116.683147710563
8771,6901.0913683206445
7915,6833.943675305365
7059,6835.914358992586
6203,6835.914358992586
5347,6952.800038169486
4491,7076.555860565527
3635,7076.555860565527
2779,8432.289593412128
1923,8039.430941821577
1067,7872.032070834683
211,7844.995995446046
40444,5567.919730956158
39588,5567.919730956158
38732,6264.42601399983
37876,6018.587502580775
37020,5847.105290090501
36164,5834.583832570042
35308,5834.583832570042
34452,5502.72317913835
33596,5502.72317913835
32740,5281.427201268532
31884,5205.832110625411
31028,5178.803808926232
30172,5178.803808926232
29316,5330.796760092281
28460,5455.055701994687
27604,5455.055701994687
26748,6075.930300993929
25892,5855.5702513181495
25036,5720.006016817889
24180,5727.0499382844355
23324,5727.0499382844355
22468,5453.535800375881
21612,5453.535800375881
20756,5180.129028118398
19900,5165.298603028864
19044,5191.051849603837
18188,5219.728067708664
17332,5343.044800769886
16476,5475.940608061173
15620,5475.940608061173
14764,6484.708188953297
13908,5950.717242770648
13052,5806.263331979552
12196,5831.1094881095805
11340,5831.1094881095805
10484,5516.067895206211
9628,5516.067895206211
8772,5340.456190099445
7916,5249.178910718121
7060,5251.149594405341
6204,5251.149594405341
5348,5330.52962292429
4492,5475.940608061173
3636,5475.940608061173
2780,6083.253818855175
1924,5875.4526167281165
1068,5739.888382227856
212,5718.6452376724465
40445,6666.495304301431
39589,6666.495304301431
38733,7974.185254896883
37877,7585.184308940778
37021,7339.622767246142
36165,7350.979723787957
35309,7350.979723787957
34453,6596.790135959452
33597,6596.790135959452
32741,6325.2494835025955
31885,6244.011042978411
31029,6216.982741279232
30173,6216.982741279232
29317,6412.8231740592455
28461,6544.190879472818
27605,6544.190879472818
26749,7772.678544429406
25893,7417.235278335181
25037,7207.591714630559
24181,7238.514050159379
23325,7238.514050159379
22469,6542.670977854012
21613,6542.670977854012
20757,6219.0195310094905
19901,6203.477535381864
19045,6229.230781956837
18189,6257.907000061664
17333,6425.07121473685
16477,6565.075785539304
15621,6565.075785539304
14765,8665.973292098855
13909,7531.503674611615
13053,7312.970434616158
12197,7361.695004808459
11341,7361.695004808459
10485,6610.134852027312
9629,6610.134852027312
8773,6412.139526908138
7917,6316.965710556139
7061,6318.936394243359
6205,6318.936394243359
5349,6421.4542526562145
4493,6565.075785539304
3637,6565.075785539304
2781,7794.191687771617
1925,7437.117643745148
1069,7227.474080040526
213,7230.10934954739
40446,6830.33236795689
39590,6830.33236795689
38734,7924.422322657747
37878,7605.8964425057775
37022,7387.702338033872
36166,7394.834980981742
35310,7394.834980981742
34454,6757.737051309794
33598,6757.737051309794
32742,6371.341519846757
31886,6303.269040162356
31030,6276.240738463177
30174,6276.240738463177
29318,6526.9237544396965
28462,6705.619086519303
27606,6705.619086519303
26750,7723.396903886413
25894,7438.428703596323
25038,7256.1525771144325
24182,7282.850599049307
23326,7282.850599049307
22470,6704.099184900497
21614,6704.099184900497
20758,6265.592859049795
19902,6262.735532565809
19046,6288.488779140782
18190,6317.164997245609
17334,6539.171795117301
16478,6726.503992585789
15622,6726.503992585789
14766,8272.794756442423
13910,7552.215808176615
13054,7361.0500054038885
12198,7405.550262002244
11342,7405.550262002244
10486,6771.081767377655
9630,6771.081767377655
8774,6458.2315632523
7918,6375.742416043941
7062,6377.7130997311615
6206,6377.7130997311615
5350,6535.5548330366655
4494,6726.503992585789
3638,6726.503992585789
2782,7730.720421747659
1926,7458.31106900629
1070,7276.034942524399
214,7274.445898437318
40447,6491.927976571529
39591,6491.927976571529
38735,7501.591944096753
37879,7219.114834054115
37023,7047.632621563839
36167,7035.111164043381
35311,7035.111164043381
34455,6426.7314247537215
33599,6426.7314247537215
32743,6137.594318026121
31887,6068.59165613586
31031,6041.563354436681
30175,6041.563354436681
29319,6246.839828637768
28463,6379.063947610059
27607,6379.063947610059
26751,7304.114587240455
25895,7056.097582791489
25039,6920.533348291227
24183,6927.577269757774
23327,6927.577269757774
22471,6377.5440459912525
21615,6377.5440459912525
20759,6036.296144875987
19903,6028.058148539313
19047,6053.811395114286
18191,6082.487613219113
17335,6259.087869315373
16479,6399.948853676545
15623,6399.948853676545
14767,7768.620358166824
13911,7151.244574243988
13055,7006.790663452891
12199,7031.636819582919
11343,7031.636819582919
10487,6440.076140821582
9631,6440.076140821582
8775,6196.623306857034
7919,6111.93845622857
7063,6113.909139915791
6207,6113.909139915791
5351,6246.572691469777
4495,6399.948853676545
3639,6399.948853676545
2783,7311.438105101701
1927,7075.979948201456
1071,6940.415713701194
215,6919.172569145785
40448,6158.396047866116
39592,6158.396047866116
38736,6957.583704520397
37880,6611.813785940737
37024,6357.437779385605
36168,6377.360084156839
35312,6377.360084156839
34456,6088.690879524136
33600,6088.690879524136
32744,5587.592028693396
31888,5496.734198890775
31032,5469.705897191596
30176,5469.705897191596
29320,5753.008220753494
28464,6026.472233759066
27608,6026.472233759066
26752,6755.439248624882
25896,6434.2453660567035
25040,6215.787337491585
24184,6255.275021249824
23328,6255.275021249824
22472,6024.952332140259
21616,6024.952332140259
20760,5471.742686921854
19904,5456.200691294228
19048,5481.953937869201
18192,5510.630155974028
17336,5765.256261431099
16480,6047.357139825552
15624,6047.357139825552
14768,7590.56097076216
13912,6558.133151611574
13056,6330.785446755621
12200,6388.075365177341
11344,6388.075365177341
10488,6102.035595591997
9632,6102.035595591997
8776,5674.482072098938
7920,5579.30825574694
7064,5581.27893943416
6208,5581.27893943416
5352,5761.639299350463
4496,6047.357139825552
3640,6047.357139825552
2784,6776.952391967092
1928,6454.12773146667
1072,6235.669702901552
216,6246.870320637835
40449,6824.560032745261
39593,6824.560032745261
38737,7891.746763573998
37881,7525.818431221222
37025,7271.44242466609
36169,7291.364729437324
35313,7291.364729437324
34457,6754.854864403282
33601,6754.854864403282
32745,6214.133286733325
31889,6123.2754569307035
31033,6096.247155231525
30177,6096.247155231525
29321,6419.17220563264
28465,6692.636218638211
27609,6692.636218638211
26753,7680.620663828085
25897,7348.250011337189
25041,7129.791982772071
24185,7169.279666530309
23329,7169.279666530309
22473,6691.116317019405
21617,6691.116317019405
20761,6098.283944961783
19905,6082.741949334157
19049,6108.4951959091295
18193,6137.171414013957
17337,6431.420246310245
16481,6713.521124704697
15625,6713.521124704697
14769,8549.902438171515
13913,7472.13779689206
13057,7244.790092036106
12201,7302.080010457827
11345,7302.080010457827
10489,6768.199580471142
9633,6768.199580471142
8777,6301.023330138867
7921,6205.849513786869
7065,6207.820197474089
6209,6207.820197474089
5353,6427.803284229609
4497,6713.521124704697
3641,6713.521124704697
2785,7702.133807170295
1929,7368.132376747156
1073,7149.674348182038
217,7160.87496591832
40450,5359.155229292756
39594,5359.155229292756
38738,6329.014659779219
37882,5942.325234044116
37026,5751.255692088434
36170,5751.523896391341
35314,5751.523896391341
34458,5310.2124388936345
33602,5310.2124388936345
32746,5065.675047184143
31890,4987.118727573678
31034,4960.0904258744995
30178,4960.0904258744995
29322,5119.727792168041
28466,5257.613182407001
27610,5257.613182407001
26754,6135.587167430348
25898,5774.376203438519
25042,5619.224639472852
24186,5639.058222762763
23330,5639.058222762763
22474,5243.902494573963
21618,5243.902494573963
20762,4959.445094691038
19906,4946.585219977132
19050,4972.338466552104
18194,5001.014684656931
17338,5131.9758328456455
16482,5266.307302259255
15626,5266.307302259255
14770,6591.202244098966
13914,5888.644599714953
13058,5724.6033594584505
12202,5762.239177411843
11346,5762.239177411843
10490,5307.9601562493135
9634,5307.9601562493135
8778,5141.645340589607
7922,5052.338611583911
7066,5054.309295271131
6210,5054.309295271131
5354,5119.46065500005
4498,5262.901089761305
3642,5262.901089761305
2786,6142.910685291594
1930,5794.258568848486
1074,5639.107004882819
218,5630.653522150774
40451,6025.265207487234
39595,6025.265207487234
38739,6824.452864141515
37883,6478.682945561855
37027,6224.306939006723
36171,6244.229243777957
35315,6244.229243777957
34459,5955.560039145254
33603,5955.560039145254
32747,5444.786925287365
31891,5354.628101516776
31035,5327.599799817597
30179,5327.599799817597
29323,5627.023340745655
28467,5900.487353751227
27611,5900.487353751227
26755,6629.454368617043
25899,6308.260486048865
25043,6089.802457483746
24187,6129.290141241985
23331,6129.290141241985
22475,5898.9674521324205
21619,5898.9674521324205
20763,5336.083543886866
19907,5314.094593920229
19051,5339.847840495202
18195,5368.524058600029
17339,5639.27138142326
16483,5921.372259817713
15627,5921.372259817713
14771,7493.47287805352
13915,6425.002311232693
13059,6197.654606376739
12203,6254.9445247984595
11347,6254.9445247984595
10491,5968.904755213115
9635,5968.904755213115
8779,5531.676968692907
7923,5430.056198001898
7067,5432.026881689118
6211,5432.026881689118
5355,5635.654419342624
4499,5921.372259817713
3643,5921.372259817713
2787,6650.967511959253
1931,6328.1428514588315
1075,6109.684822893713
219,6120.885440629996
40452,6299.725709938864
39596,6299.725709938864
38740,7832.346681629551
37884,7400.7350908500875
37028,7161.23633978995
36172,7155.711613259629
35316,7155.711613259629
34460,6230.020541596885
33604,6230.020541596885
32748,5965.933114610589
31892,5892.270690055062
31036,5865.242388355883
30180,5865.242388355883
29324,6082.945034329444
28468,6177.421285110251
27612,6177.421285110251
26756,7630.839971162075
25900,7232.786060244491
25044,7029.205287174367
24188,7043.245939631051
23332,7043.245939631051
22476,6175.901383491445
21620,6175.901383491445
20764,5859.703162117484
19908,5851.737182458515
19052,5877.490429033488
18196,5906.166647138315
17340,6095.193075007049
16484,6198.306191176737
15628,6198.306191176737
14772,8199.267221157135
13916,7347.054456520925
13060,7134.584007159966
12204,7166.426894280132
11348,7166.426894280132
10492,6243.3652576647455
9636,6243.3652576647455
8780,6052.823158016131
7924,5965.22535763279
7068,5967.19604132001
6212,5967.19604132001
5356,6091.576112926413
4500,6198.306191176737
3644,6198.306191176737
2788,7652.353114504285
1932,7252.668425654458
1076,7049.087652584334
220,7034.841239019062
40453,6294.744810465109
39597,6294.744810465109
38741,7455.549571359658
37885,7088.05931929689
37029,6907.762641946118
36173,6895.241184425659
35317,6895.241184425659
34461,6245.802020065988
33605,6245.802020065988
32749,5947.981105321459
31893,5869.424785710994
31037,5842.396484011815
30181,5842.396484011815
29325,6055.317373340394
28469,6193.202763579354
27613,6193.202763579354
26757,7253.14043516039
25901,6920.110288691293
25045,6775.731589330535
24189,6782.775510797082
23333,6782.775510797082
22477,6179.492075746316
21621,6179.492075746316
20765,5841.751152828354
19909,5828.891278114447
19053,5854.64452468942
18197,5883.320742794247
17341,6067.565414017999
16485,6201.896883431608
15629,6201.896883431608
14773,7768.77785177023
13917,7034.378684967727
13061,6881.110309316134
12205,6905.956465446162
11349,6905.956465446162
10493,6243.549737421667
9637,6243.549737421667
8781,6023.951398726923
7925,5934.644669721227
7069,5936.615353408447
6213,5936.615353408447
5357,6055.050236172403
4501,6198.490670933658
3645,6198.490670933658
2789,7260.4639530216355
1933,6939.99265410126
1077,6795.613954740502
221,6774.3708101850925
40454,5348.876455106464
39598,5348.876455106464
38742,6377.834460979959
37886,6053.575236293635
37030,5873.278558942863
36174,5860.757101422405
35318,5860.757101422405
34462,5279.171286764485
33606,5279.171286764485
32750,5050.230893767175
31894,4971.67457415671
31038,4908.644110453584
30182,4908.644110453584
29326,5083.194636771881
28470,5226.572030277851
27614,5226.572030277851
26758,6170.217343150123
25902,5871.436580207073
25046,5727.057880846316
24190,5705.814736290907
23334,5705.814736290907
22478,5225.052128659045
21622,5225.052128659045
20766,4917.004599051772
19910,4907.329690770448
19054,4933.082937345421
18198,4977.835747672468
17342,5107.6334636637175
16486,5247.456936344337
15630,5247.456936344337
14774,6625.148738968112
13918,5985.704976483507
13062,5832.436600831915
12206,5857.282756961943
11350,5857.282756961943
10494,5292.516002832345
9638,5292.516002832345
8782,5126.201187172639
7926,5036.894458166943
7070,5038.865141854163
6214,5038.865141854163
5358,5104.016501583082
4502,5247.456936344337
3646,5247.456936344337
2790,6191.7304864923335
1934,5905.508571098005
1078,5761.129871737247
222,5739.886727181838
40455,5222.5247803271905
39599,5222.5247803271905
38743,6187.744406425369
37887,5805.69478507855
37031,5614.625243122869
36175,5614.893447425775
35319,5614.893447425775
34463,5173.581989928069
33607,5173.581989928069
32751,4929.044598218577
31895,4850.4882786081125
31039,4823.459976908934
30183,4823.459976908934
29327,4983.097343202475
28471,5120.982733441435
27615,5120.982733441435
26759,5994.316914076498
25903,5637.745754472953
25047,5482.594190507286
24191,5502.427773797197
23335,5502.427773797197
22479,5107.272045608397
21623,5107.272045608397
20767,4822.8146457254725
19911,4809.954771011566
19055,4835.7080175865385
18199,4864.384235691366
17343,4995.34538388008
16487,5129.676853293689
15631,5129.676853293689
14775,6440.247951225774
13919,5752.014150749387
13063,5587.972910492885
12207,5625.608728446277
11351,5625.608728446277
10495,5171.329707283748
9639,5171.329707283748
8783,5005.014891624041
7927,4915.708162618345
7071,4917.6788463055655
6215,4917.6788463055655
5359,4982.830206034484
4503,5126.270640795739
3647,5126.270640795739
2791,6001.640431937743
1935,5657.62811988292
1079,5502.476555917253
223,5494.023073185208
40456,4546.1116703062335
39600,4546.1116703062335
38744,5814.554503745497
37888,5491.857198769166
37032,5237.481192214033
36176,5257.403496985267
35320,5257.403496985267
34464,4476.406501964254
33608,4476.406501964254
32752,4322.191841732848
31896,4240.953401208663
31040,4213.925099509484
30184,4213.925099509484
29328,4345.6735684431615
28472,4423.80724547762
27616,4423.80724547762
26760,5622.029437128418
25904,5323.908168163569
25048,5105.450139598451
24192,5144.9378233566895
23336,5144.9378233566895
22480,4422.287343858814
21624,4422.287343858814
20768,4215.961889239743
19912,4200.4198936121165
19056,4226.173140187089
18200,4254.849358291916
17344,4357.921609120766
16488,4444.692151544106
15632,4444.692151544106
14776,6148.602217587135
13920,5438.176564440003
13064,5210.8288595840495
12208,5268.11877800577
11352,5268.11877800577
10496,4489.751218032115
9640,4489.751218032115
8784,4409.08188513839
7928,4313.908068786392
7072,4315.878752473612
6216,4315.878752473612
5360,4354.3046470401305
4504,4444.692151544106
3648,4444.692151544106
2792,5629.352954989664
1936,5343.790533573536
1080,5125.332505008418
224,5136.5331227447
40457,6252.986998927402
39601,6252.986998927402
38745,7028.7634474203305
37889,6745.892578676147
37033,6518.884009343747
36177,6526.016652291616
35321,6526.016652291616
34465,6204.04420852828
33609,6204.04420852828
32753,5691.900096604088
31897,5614.699661400055
31041,5587.671359700877
30185,5587.671359700877
29329,5870.973683262775
28473,6146.757342106181
27617,6146.757342106181
26761,6831.550770867786
25905,6573.255938135085
25049,6382.165346792698
24193,6408.863368727572
23337,6408.863368727572
22481,6133.046654273143
21625,6133.046654273143
20769,5580.982534175517
19913,5570.549191722873
19057,5596.302438297846
18201,5624.978656402673
17345,5879.604761859744
16489,6155.451461958435
15633,6155.451461958435
14777,7350.220468678281
13921,6692.211944346985
13065,6492.231676713763
12209,6536.731933312119
11353,6536.731933312119
10497,6201.791925883959
9641,6201.791925883959
8785,5767.870390009552
7929,5680.990193265118
7073,5682.960876952338
6217,5682.960876952338
5361,5870.706546094784
4505,6152.045249460485
3649,6152.045249460485
2793,6838.874288729032
1937,6593.138303545052
1081,6402.047712202665
225,6400.458668115583
40458,5226.693151507001
39602,5226.693151507001
38746,6119.915226460605
37890,5813.617064368399
37034,5622.547522412718
36178,5622.815726715624
35322,5622.815726715624
34466,5161.496599689193
33610,5161.496599689193
32754,4932.556206691884
31898,4853.999887081419
31042,4826.97158538224
30186,4826.97158538224
29330,4986.608951675781
28474,5108.89734320256
27618,5108.89734320256
26762,5926.4877341117335
25906,5645.668033762802
25050,5490.516469797135
24194,5510.350053087046
23338,5510.350053087046
22482,5107.377441583753
21626,5107.377441583753
20770,4826.326254198779
19914,4813.466379484872
19058,4839.219626059845
18202,4867.895844164672
17346,4998.856992353386
16490,5129.782249269046
15634,5129.782249269046
14778,6372.41877126101
13922,5759.936430039236
13066,5595.895189782734
12210,5633.531007736126
11354,5633.531007736126
10498,5174.841315757054
9642,5174.841315757054
8786,5019.446250097426
7930,4926.954554659147
7074,4928.925238346367
6218,4928.925238346367
5362,4995.24003027275
4506,5129.782249269046
3650,5129.782249269046
2794,5933.811251972979
1938,5665.550399172769
1082,5510.398835207102
226,5501.945352475057
40459,6257.572841237565
39603,6257.572841237565
38747,7408.801552084895
37891,7039.340749646499
37035,6859.044072295726
36179,6846.522614775268
35323,6846.522614775268
34467,6187.867672895585
33611,6187.867672895585
32755,5905.643756863238
31899,5830.0486662201165
31043,5803.020364520938
30187,5803.020364520938
29331,6015.941253849516
28475,6140.200195751922
27619,6140.200195751922
26763,7211.324195228597
25907,6876.323498383873
25051,6731.944799023115
24195,6738.988720489661
23339,6738.988720489661
22483,6138.680294133116
21627,6138.680294133116
20771,5804.345583713104
19915,5789.51515862357
19059,5815.2684051985425
18203,5843.94462330337
17347,6028.189294527121
16491,6161.0851018184085
15635,6161.0851018184085
14779,7713.318558855091
13923,6985.660115317336
13067,6832.3917396657425
12211,6857.237895795771
11355,6857.237895795771
10499,6201.212388963446
9643,6201.212388963446
8787,5992.53380026878
7931,5898.071554454874
7075,5900.042238142094
6219,5900.042238142094
5363,6024.572332446485
4507,6161.0851018184085
3651,6161.0851018184085
2795,7232.837338570807
1939,6896.20586379384
1083,6751.827164433082
227,6730.584019877672
40460,6188.604897511463
39604,6188.604897511463
38748,7198.268865036686
37892,6909.199326241188
37036,6737.717113750912
36180,6725.195656230454
35324,6725.195656230454
34468,6123.408345693655
33612,6123.408345693655
32756,5834.271238966055
31900,5758.676148322933
31044,5731.647846623754
30188,5731.647846623754
29332,5936.924320824841
28476,6075.740868549992
27620,6075.740868549992
26764,7000.7915081803885
25908,6746.182074978562
25052,6610.6178404783
24196,6617.661761944847
23340,6617.661761944847
22484,6074.220966931186
21628,6074.220966931186
20772,5732.973065815921
19916,5718.142640726386
19060,5743.895887301359
18204,5772.572105406186
17348,5949.172361502446
16492,6096.625774616478
15636,6096.625774616478
14780,7531.841007674243
13924,6841.329066431061
13068,6696.875155639964
12212,6721.721311769992
11356,6721.721311769992
10500,6136.753061761516
9644,6136.753061761516
8788,5893.300227796967
7932,5802.022948415643
7076,5803.993632102864
6220,5803.993632102864
5364,5936.65718365685
4508,6096.625774616478
3652,6096.625774616478
2796,7008.115026041634
1940,6766.064440388529
1084,6630.500205888267
228,6609.257061332858
40461,4674.54714476911
39605,4674.54714476911
38749,5646.066536425136
37893,5415.869970617443
37037,5198.761895023466
36181,5228.803636200191
35325,5228.803636200191
34469,4625.604354369988
33613,4625.604354369988
32757,4463.437110553892
31901,4384.880790943427
31045,4357.852489244248
30189,4357.852489244248
29333,4481.9565430504335
28477,4573.005097883354
27621,4573.005097883354
26765,5466.164473821568
25909,5247.920940011846
25053,5066.730842407884
24197,5116.337962571613
23341,5116.337962571613
22485,4559.294410050316
21629,4559.294410050316
20773,4357.207158060787
19917,4344.34728334688
19061,4370.100529921853
18205,4398.77674802668
17349,4494.204583728038
16493,4581.699217735609
15637,4581.699217735609
14781,6293.339105328375
13925,5362.18933628828
13069,5172.1095623934825
12213,5239.518917220694
11357,5239.518917220694
10501,4623.352071725667
9645,4623.352071725667
8789,4522.466099384805
7933,4433.159370379109
7077,4435.130054066329
6221,4435.130054066329
5365,4481.689405882443
4509,4578.293005237659
3653,4578.293005237659
2797,5473.487991682814
1941,5267.803305421813
1085,5086.613207817851
229,5107.933261959624
40462,5558.343582640262
39606,5558.343582640262
38750,6258.463920353582
37894,6014.595959310155
37038,5843.11374681988
36182,5830.592289299422
35326,5830.592289299422
34470,5485.748265993166
33614,5485.748265993166
32758,5249.894682300603
31902,5176.507264321746
31046,5149.478962622567
30190,5149.478962622567
29334,5301.471913788617
28478,5438.3179111381405
27622,5438.3179111381405
26766,6070.205329636319
25910,5851.815830336167
25054,5716.251595835906
24198,5723.295517302453
23342,5723.295517302453
22486,5436.798009519334
21630,5436.798009519334
20774,5148.833631439106
19918,5135.9737567252
19062,5161.727003300172
18206,5190.403221404999
17350,5313.719954466222
16494,5459.202817204627
15638,5459.202817204627
14782,6499.624533401146
13926,5946.725699500028
13070,5802.271788708932
12214,5827.11794483896
11358,5827.11794483896
10502,5499.092982061026
9646,5499.092982061026
8790,5308.923671131515
7934,5219.616942125819
7078,5221.587625813039
6222,5221.587625813039
5366,5301.204776620626
4510,5459.202817204627
3654,5459.202817204627
2798,6077.528847497565
1942,5871.698195746134
1086,5736.133961245873
230,5714.890816690464
40463,6565.991306254536
39607,6565.991306254536
38751,8019.7633983156875
37895,7518.887478751883
37039,7304.797765170063
36183,7299.2730386397425
35327,7299.2730386397425
34471,6517.048515855415
33615,6517.048515855415
32759,6235.032429088048
31903,6161.370004532522
31047,6134.341702833342
30191,6134.341702833342
29335,6339.61817703443
28479,6464.44925936878
27623,6464.44925936878
26767,7818.256687848211
25911,7350.938448146286
25055,7172.76671255448
24199,7186.807365011165
23343,7186.807365011165
22487,6450.738571535742
21631,6450.738571535742
20775,6128.802476594944
19919,6120.8364969359745
19063,6146.589743510947
18207,6175.265961615774
17351,6351.866217712035
16495,6473.143379221035
15639,6473.143379221035
14783,8363.032904119775
13927,7465.20684442272
13071,7278.145432540079
12215,7309.988319660245
11359,7309.988319660245
10503,6514.796233211094
9647,6514.796233211094
8791,6294.0614179189615
7935,6209.648583968204
7079,6211.619267655423
6223,6211.619267655423
5367,6339.351039866439
4511,6469.737166723085
3655,6469.737166723085
2799,7825.580205709457
1943,7370.820813556253
1087,7192.649077964447
231,7178.402664399176
40464,5592.99468034602
39608,5592.99468034602
38752,6752.990907473162
37896,6404.436780302291
37040,6192.305466464884
36184,6173.991078111199
35328,6173.991078111199
34472,5527.798128528212
33616,5527.798128528212
32760,5307.018148380574
31904,5243.396156343
31048,5180.365692639874
30192,5180.365692639874
29336,5354.916218958171
28480,5480.130651384549
27624,5480.130651384549
26768,6551.20799471809
25912,6227.2299035587
25056,6051.016567711308
24200,6023.980492322672
23344,6023.980492322672
22488,5478.610749765743
21632,5478.610749765743
20776,5178.723633008141
19920,5179.051272956738
19064,5204.804519531711
18208,5249.557329858758
17352,5379.355045850008
16496,5501.015557451035
15640,5501.015557451035
14784,7188.0439750381765
13928,6336.566520492163
13072,6151.463508353936
12216,6170.5167336507375
11360,6170.5167336507375
10504,5541.142844596073
9648,5541.142844596073
8792,5382.988441786038
7936,5303.684261010262
7080,5305.654944697482
6224,5305.654944697482
5368,5375.738083769372
4512,5501.015557451035
3656,5501.015557451035
2800,6572.7211380603
1944,6261.301894449632
1088,6085.08855860224
232,6058.052483213603
40465,5263.480457992616
39609,5263.480457992616
38753,6150.058476531064
37897,5843.760314438859
37041,5652.690772483177
36185,5652.958976786083
35329,5652.958976786083
34473,5211.647519288377
33617,5211.647519288377
32761,4967.110127578886
31905,4893.72270960003
31049,4866.694407900851
30193,4866.694407900851
29337,5026.331774194392
28481,5164.217164433352
27625,5164.217164433352
26769,5961.799885813802
25913,5680.98018546487
25057,5525.828621499203
24201,5545.662204789114
23345,5545.662204789114
22489,5150.506476600314
21633,5150.506476600314
20777,4866.04907671739
19921,4853.189202003483
19065,4878.942448578456
18209,4907.618666683283
17353,5038.579814871997
16497,5172.911284285607
15641,5172.911284285607
14785,6411.417402171156
13929,5790.079680109696
13073,5626.038439853193
12217,5649.4846323256215
11361,5649.4846323256215
10505,5209.395236644056
9649,5209.395236644056
8793,5043.08042098435
7937,4953.773691978654
7081,4955.744375665874
6225,4955.744375665874
5369,5026.064637026401
4513,5169.505071787657
3657,5169.505071787657
2801,5969.1234036750475
1945,5700.862550874837
1089,5545.71098690917
233,5537.257504177125
40466,5502.243199502166
39610,5502.243199502166
38754,6557.697658908051
37898,6211.927740328391
37042,5966.366198633756
36186,5986.28850340499
35330,5986.28850340499
34474,5453.300409103044
33618,5453.300409103044
32762,5234.003886791789
31906,5153.464452299637
31050,5126.436150600458
30194,5126.436150600458
29338,5275.440014684445
28482,5407.847112987453
27626,5407.847112987453
26770,6372.3185526620155
25914,6051.124670093837
25058,5841.481106389216
24202,5880.9687901474545
23346,5880.9687901474545
22490,5394.1364251544155
21634,5394.1364251544155
20778,5134.919894669727
19922,5112.93094470309
19066,5138.684191278063
18210,5167.36040938289
17354,5287.688055362049
16498,5416.541232839708
15642,5416.541232839708
14786,6871.651651589845
13930,6158.247105999229
13074,5939.713866003772
12218,5997.003784425492
11362,5997.003784425492
10506,5451.048126458723
9650,5451.048126458723
8794,5293.032875622702
7938,5201.044025703286
7082,5203.014709390506
6226,5203.014709390506
5370,5275.172877516454
4514,5413.135020341758
3658,5413.135020341758
2802,6379.642070523261
1946,6071.007035503804
1090,5861.363471799183
234,5872.564089535465
40467,6179.384293731645
39611,6179.384293731645
38755,6932.854640375521
37899,6644.875118456355
37043,6417.866549123954
36187,6424.999192071824
35331,6424.999192071824
34475,6109.679125389665
33619,6109.679125389665
32763,5639.278537981621
31907,5548.420708179
31051,5521.392406479821
30195,5521.392406479821
29339,5804.69473004172
28483,6047.460479624595
27627,6047.460479624595
26771,6730.710184480005
25915,6467.306698572322
25059,6276.216107229935
24203,6302.914129164809
23347,6302.914129164809
22491,6045.940578005789
21635,6045.940578005789
20779,5523.42919621008
19923,5507.887200582453
19067,5533.640447157426
18211,5562.316665262253
17355,5816.9427707193245
16499,6068.345385691081
15643,6068.345385691081
14787,7565.8319066172835
13931,6591.1944841271925
13075,6391.2142164939705
12219,6435.714473092326
11363,6435.714473092326
10507,6123.023841457526
9651,6123.023841457526
8795,5726.168581387164
7939,5630.994765035165
7083,5632.965448722385
6227,5632.965448722385
5371,5813.325808638689
4515,6068.345385691081
3659,6068.345385691081
2803,6752.223327822216
1947,6487.189063982289
1091,6296.098472639902
235,6294.50942855282
40468,5177.225976477459
39612,5177.225976477459
38756,6467.411318528414
37900,6058.347052550775
37044,5818.848301490637
36188,5813.323574960316
35332,5813.323574960316
34476,5107.5208081354795
33620,5107.5208081354795
32764,4892.241211333991
31908,4817.608540063877
31052,4754.578076360751
30196,4754.578076360751
29340,4915.467806483227
28484,5054.921551648846
27628,5054.921551648846
26772,6243.1333085552715
25916,5876.208396464213
25060,5672.62762339409
24204,5658.381209828818
23348,5658.381209828818
22492,5053.4016500300395
21636,5053.4016500300395
20780,4759.014916618587
19924,4753.263656677615
19068,4779.016903252587
18212,4823.769713579634
17356,4939.906633375063
16500,5075.806457715332
15644,5075.806457715332
14788,7097.039692181104
13932,5990.476792740647
13076,5778.006343379689
12220,5809.8492304998545
11364,5809.8492304998545
10508,5120.86552420334
9652,5120.86552420334
8796,4968.2115047394545
7940,4882.8284240741095
7084,4884.79910776133
6228,4884.79910776133
5372,4936.2896712944275
4516,5075.806457715332
3660,5075.806457715332
2804,6264.646451897482
1948,5910.280387355145
1092,5706.699614285021
236,5692.4532007197495
40469,6769.699958076427
39613,6769.699958076427
38757,8211.245529061702
37901,7798.776671939764
37045,7586.645358102359
36189,7568.330969748674
35333,7568.330969748674
34477,6699.994789734447
33621,6699.994789734447
32765,6417.7708737021
31909,6353.17863494994
31053,6290.148171246814
30197,6290.148171246814
29341,6517.982220600148
28485,6652.3273125907845
27629,6652.3273125907845
26773,7982.917654581131
25917,7621.569795196174
25061,7445.356459348783
24205,7418.3203839601465
23349,7418.3203839601465
22493,6650.807410971978
21637,6650.807410971978
20781,6289.476358329668
19925,6288.833751563678
19069,6314.58699813865
18213,6359.339808465697
17357,6542.421047491985
16501,6673.212218657271
15645,6673.212218657271
14789,8664.387504624383
13933,7730.906412129637
13077,7545.8033999914105
12221,7564.856625288212
11365,7564.856625288212
10509,6713.339505802308
9653,6713.339505802308
8797,6493.741167107564
7941,6413.466739617202
7085,6415.437423304422
6229,6415.437423304422
5373,6538.804085411349
4517,6673.212218657271
3661,6673.212218657271
2805,8004.430797923341
1949,7655.641786087105
1093,7479.428450239714
237,7452.392374851078
40470,5887.777753882762
39614,5887.777753882762
38758,6750.2775620242155
37902,6412.083659413213
37046,6183.116690336399
36190,6203.038995107633
35334,6203.038995107633
34478,5818.072585540783
33622,5818.072585540783
32766,5454.2623136900875
31910,5370.980499856124
31054,5343.952198156945
30198,5343.952198156945
29342,5541.351691098427
28486,5755.853939775712
27630,5755.853939775712
26774,6548.1331061287
25918,6234.51523952918
25062,6041.46624844238
24206,6080.9539322006185
23350,6080.9539322006185
22494,5754.334038156906
21638,5754.334038156906
20782,5338.412971918546
19926,5330.446992259577
19070,5356.20023883455
18214,5384.876456939377
17358,5553.599731776032
16502,5776.738845842198
15646,5776.738845842198
14790,7022.994374490362
13934,6344.213399603086
13078,6142.274732225451
12222,6199.564650647171
11366,6199.564650647171
10510,5831.417301608643
9654,5831.417301608643
8798,5513.291302521
7942,5428.878468570242
7086,5430.849152257462
6230,5430.849152257462
5374,5541.084553930436
4518,5776.738845842198
3662,5776.738845842198
2806,6555.456623989946
1950,6254.397604939147
1094,6061.348613852347
238,6072.5492315886295
40471,5004.5644017914565
39615,5004.5644017914565
38759,5708.7053475451075
37903,5477.872817521202
37047,5283.03714829948
36191,5301.8023431620795
35335,5301.8023431620795
34479,4955.621611392335
33623,4955.621611392335
32767,4728.704711006715
31911,4650.14839139625
31055,4623.120089697071
30199,4623.120089697071
29343,4779.894797508103
28487,4903.022354905701
27631,4903.022354905701
26775,5528.8032849415395
25919,5309.923786915605
25063,5151.006095683897
24207,5189.336669533502
23351,5189.336669533502
22495,4889.311667072663
21639,4889.311667072663
20783,4622.47475851361
19927,4609.614883799703
19071,4635.368130374676
18215,4664.044348479503
17359,4792.142838185708
16503,4911.716474757955
15647,4911.716474757955
14791,5951.08328836732
13935,5424.192183192039
13079,5256.384815669496
12223,5312.517624182582
11367,5312.517624182582
10511,4953.369328748014
9655,4953.369328748014
8799,4787.733699837628
7943,4698.426970831932
7087,4700.397654519152
6231,4700.397654519152
5375,4779.627660340112
4519,4908.310262260005
3663,4908.310262260005
2807,5536.126802802785
1951,5329.806152325572
1095,5170.888461093864
239,5180.931968921513
40472,6409.380403648888
39616,6409.380403648888
38760,7489.891846608169
37904,7200.822307812669
37048,7020.525630461897
36192,7008.004172941439
35336,7008.004172941439
34480,6364.946229773938
33624,6364.946229773938
32768,6067.125315029409
31912,5991.530224386287
31056,5964.501922687108
30200,5964.501922687108
29344,6177.422812015688
28488,6317.278752630275
27632,6317.278752630275
26776,7292.414489751871
25920,7037.805056550043
25064,6893.426357189285
24208,6900.470278655832
23352,6900.470278655832
22496,6303.568064797238
21640,6303.568064797238
20784,5965.827141879275
19928,5950.99671678974
19072,5976.749963364713
18216,6005.42618146954
17360,6189.6708526932925
16504,6325.97287248253
15648,6325.97287248253
14792,7783.746407220245
13936,7147.141673483507
13080,6993.873297831913
12224,7018.719453961941
11368,7018.719453961941
10512,6362.693947129617
9656,6362.693947129617
8800,6143.095608434873
7944,6051.818329053549
7088,6053.789012740769
6232,6053.789012740769
5376,6177.155674847697
4520,6322.56665998458
3664,6322.56665998458
2808,7299.738007613117
1952,7057.68742196001
1096,6913.308722599252
240,6892.065578043843
40473,5340.613744896103
39617,5340.613744896103
38761,6489.561788752963
37905,6143.791870173303
37049,5889.415863618171
36193,5909.338168389405
35337,5909.338168389405
34481,5270.908576554123
33625,5270.908576554123
32769,5059.564637827558
31913,4978.326197303373
31057,4915.295733600247
30201,4915.295733600247
29345,5080.410218497471
28489,5218.309320067489
27633,5218.309320067489
26777,6282.84709665492
25921,5961.653214086742
25065,5743.195185521624
24209,5754.395803257907
23353,5754.395803257907
22497,5216.789418448683
21641,5216.789418448683
20785,4926.338343112155
19929,4913.981313917111
19073,4939.734560492084
18217,4984.487370819131
17361,5104.849045389307
16505,5239.1942261339755
15649,5239.1942261339755
14793,6818.830001788288
13937,6075.921610363176
13081,5848.573905507223
12225,5905.863823928943
11369,5905.863823928943
10513,5284.253292621984
9657,5284.253292621984
8801,5135.534931233022
7945,5043.546081313606
7089,5045.516765000826
6233,5045.516765000826
5377,5101.2320833086715
4521,5239.1942261339755
3665,5239.1942261339755
2809,6304.3602399971305
1953,5995.7252049776735
1097,5777.267176412555
241,5788.467794148838
40474,5279.2669595522275
39618,5279.2669595522275
38762,5979.387297265547
37906,5733.548785846493
37050,5562.066573356218
36194,5549.54511583576
35338,5549.54511583576
34482,5206.671642905131
33626,5206.671642905131
32770,4970.818059212568
31914,4900.391870201055
31058,4873.363568501876
30202,4873.363568501876
29346,5025.356519667926
28490,5164.173067393077
27634,5164.173067393077
26778,5796.060485891256
25922,5575.700436215476
25066,5440.136201715215
24210,5447.180123181762
23354,5447.180123181762
22498,5162.653165774271
21642,5162.653165774271
20786,4874.688787694043
19930,4859.858362604508
19074,4885.611609179481
18218,4914.287827284308
17362,5037.60456034553
16506,5185.057973459563
15650,5185.057973459563
14794,6270.956325333146
13938,5665.678526036366
13082,5521.22461524527
12226,5546.070771375298
11370,5546.070771375298
10514,5220.016358972992
9658,5220.016358972992
8802,5029.847048043481
7946,4938.569768662157
7090,4940.540452349377
6234,4940.540452349377
5378,5025.089382499935
4522,5185.057973459563
3666,5185.057973459563
2810,5803.3840037525015
1954,5595.582801625443
1098,5460.018567125182
242,5438.775422569773
40475,6435.869244778782
39619,6435.869244778782
38763,7587.097955626112
37907,7217.637153187716
37051,7037.340475836943
36195,7024.819018316485
35339,7024.819018316485
34483,6366.164076436802
33627,6366.164076436802
32771,6083.940160404455
31915,6008.345069761333
31059,5945.314606058208
30203,5945.314606058208
29347,6173.148655411542
28491,6318.496599293139
27635,6318.496599293139
26779,7375.43097328885
25923,7040.430276444125
25067,6896.051577083367
24211,6874.808432527958
23355,6874.808432527958
22499,6316.976697674333
21643,6316.976697674333
20787,5955.645645032023
19931,5944.000186375071
19075,5969.753432950044
18219,6014.506243277091
17363,6197.587482303378
16507,6339.381505359625
15651,6339.381505359625
14795,7875.763249425936
13939,7149.7668933775885
13083,6996.498517725995
12227,7021.344673856023
11371,7021.344673856023
10515,6379.508792504663
9659,6379.508792504663
8803,6159.910453809919
7947,6068.633174428595
7091,6070.6038581158155
6235,6070.6038581158155
5379,6193.970520222742
4523,6339.381505359625
3667,6339.381505359625
2811,7396.94411663106
1955,7074.502267335057
1099,6930.123567974299
243,6908.880423418889
40476,6352.535395933349
39620,6352.535395933349
38764,7840.2298587814685
37908,7385.545654398675
37052,7146.046903338537
36196,7140.5221768082165
35340,7140.5221768082165
34484,6279.9400792862525
33628,6279.9400792862525
32772,6005.876576103577
31916,5937.383053179658
31060,5910.3547514804795
30204,5910.3547514804795
29348,6123.275640809058
28492,6232.509724431227
27636,6232.509724431227
26780,7643.892049945601
25924,7222.7655254246865
25068,7019.184752354563
24212,7033.225404811247
23356,7033.225404811247
22500,6230.989822812421
21644,6230.989822812421
20788,5904.81552524208
19932,5896.849545583112
19076,5922.602792158084
18220,5951.2790102629115
17364,6135.523681486663
16508,6253.3946304977135
15652,6253.3946304977135
14796,8536.514243564716
13940,7331.865020069512
13084,7119.394570708553
12228,7151.237457828719
11372,7151.237457828719
10516,6293.284795354113
9660,6293.284795354113
8804,6092.766619509119
7948,6005.168819125778
7092,6007.139502812998
6236,6007.139502812998
5380,6131.906719406027
4524,6253.3946304977135
3668,6253.3946304977135
2812,7665.405193287811
1956,7242.6478908346535
1100,7039.06711776453
244,7024.820704199258
40477,5225.653167099625
39621,5225.653167099625
38765,6356.565832790627
37909,6033.868527814296
37053,5788.30698611966
36197,5799.663942661475
35341,5799.663942661475
34485,5160.456615281817
33629,5160.456615281817
32773,4952.175562056378
31917,4870.9371215321935
31061,4843.908819833015
30205,4843.908819833015
29349,4991.247486222973
28493,5107.857358795183
27637,5107.857358795183
26781,6164.040766173548
25925,5865.919497208699
25069,5656.275933504077
24213,5687.198269032897
23357,5687.198269032897
22501,5106.337457176377
21645,5106.337457176377
20789,4845.945609563273
19933,4830.403613935647
19077,4856.1568605106195
18221,4884.8330786154465
17365,5003.495526900578
16509,5128.742264861669
15653,5128.742264861669
14797,6687.793690889269
13941,5965.9982680041685
13085,5747.465028008712
12229,5796.189598201013
11373,5796.189598201013
10517,5173.801331349678
9661,5173.801331349678
8805,5011.204550887291
7949,4919.215700967875
7093,4921.186384655095
6237,4921.186384655095
5381,4990.980349054982
4525,5128.742264861669
3669,5128.742264861669
2813,6171.364284034794
1957,5885.801862618666
1101,5676.158298914044
245,5678.793568420908
40478,4620.82521404291
39622,4620.82521404291
38766,5412.780645633946
37910,5181.94811561004
37054,4987.112446388318
36198,5005.877641250918
35342,5005.877641250918
34486,4555.628662225103
33630,4555.628662225103
32774,4376.904357027699
31918,4298.348037417234
31062,4271.319735718055
30206,4271.319735718055
29350,4404.859830945314
28494,4503.029405738469
27638,4503.029405738469
26782,5232.878583030378
25926,5013.999085004443
25070,4855.081393772735
24214,4893.41196762234
23358,4893.41196762234
22502,4501.509504119663
21646,4501.509504119663
20790,4270.674404534594
19934,4257.814529820687
19078,4283.56777639566
18222,4312.243994500487
17366,4417.1078716229185
16510,4523.914311804955
15654,4523.914311804955
14798,5674.214987379651
13942,5114.077855799913
13086,4946.27048827737
12230,5002.403296790456
11374,5002.403296790456
10518,4568.973378292963
9662,4568.973378292963
8806,4435.933345858612
7950,4346.6266168529155
7094,4348.597300540136
6238,4348.597300540136
5382,4404.592693777323
4526,4523.914311804955
3670,4523.914311804955
2814,5240.202100891624
1958,5033.88145041441
1102,4874.963759182702
246,4885.007267010351
40479,6798.745980498763
39623,6798.745980498763
38767,8053.299942153993
37911,7734.774062002023
37055,7516.579957530118
36199,7523.7126004779875
35343,7523.7126004779875
34487,6733.549428680955
33631,6733.549428680955
32775,6462.008776224099
31919,6398.386784186526
31063,6371.358482487347
30207,6371.358482487347
29351,6567.1989152673605
28495,6685.8819515372925
27639,6685.8819515372925
26783,7856.725011029487
25927,7571.756810739397
25071,7389.480684257506
24215,7416.178706192381
23359,7416.178706192381
22503,6684.362049918486
21647,6684.362049918486
20791,6360.710603073965
19935,6357.853276589979
19079,6383.606523164952
18223,6412.282741269779
17367,6579.446955944965
16511,6706.766857603779
15655,6706.766857603779
14799,8510.255438539727
13943,7681.09342767286
13087,7489.927624900134
12231,7534.42788149849
11375,7534.42788149849
10519,6746.894144748816
9663,6746.894144748816
8807,6521.037765055012
7951,6441.733584279236
7095,6443.704267966456
6239,6443.704267966456
5383,6566.93177809937
4527,6706.766857603779
3671,6706.766857603779
2815,7864.048528890733
1959,7591.639176149364
1103,7409.363049667473
247,7407.7740055803915
40480,5243.844129904122
39624,5243.844129904122
38768,6601.785107846656
37912,6167.212829262623
37056,5936.528543062982
36200,5931.003816532661
35344,5931.003816532661
34488,5178.647578086315
33632,5178.647578086315
32776,5008.083685738583
31920,4934.421261183055
31064,4854.449492905379
30208,4854.449492905379
29352,5019.844052731944
28496,5126.048321599682
27640,5126.048321599682
26784,6395.0704157486125
25928,5985.074173176062
25072,5790.307864966435
24216,5776.061451401163
23360,5776.061451401163
22504,5124.528419980875
21648,5124.528419980875
20792,4857.9160864486275
19936,4853.135073222242
19080,4878.8883197972145
18224,4923.6411301242615
17368,5044.28287962378
16512,5146.933227666167
15656,5146.933227666167
14800,7030.151432576988
13944,6099.342569452496
13088,5895.686584952034
12232,5927.5294720721995
11376,5927.5294720721995
10520,5191.992294154176
9664,5191.992294154176
8808,5067.112674569495
7952,4982.699840618737
7096,4984.670524305958
6240,4984.670524305958
5384,5040.665917543144
4528,5146.933227666167
3672,5146.933227666167
2816,6416.583559090823
1960,6019.146164066993
1104,5824.379855857366
248,5810.1334422920945
40481,6715.230743700858
39625,6715.230743700858
38769,8020.925379587406
37913,7694.823483466777
37057,7467.814914134377
36201,7474.947557082247
35345,7474.947557082247
34489,6642.635427053761
33633,6642.635427053761
32777,6378.0079652921595
31921,6311.978858917537
31065,6284.950557218358
30209,6284.950557218358
29353,6488.435405125862
28497,6600.136851541707
27641,6600.136851541707
26785,7829.519350094509
25929,7536.97513383576
25073,7345.884542493374
24217,7372.582564428249
23361,7372.582564428249
22505,6598.616949922901
21649,6598.616949922901
20793,6281.878693773634
19937,6271.44535132099
19081,6297.198597895963
18225,6325.87481600079
17369,6500.683445803467
16513,6621.021757608193
15657,6621.021757608193
14801,8485.93485278697
13945,7641.142849137615
13089,7441.1625815043935
12233,7485.662838102749
11377,7485.662838102749
10521,6655.980143121622
9665,6655.980143121622
8809,6453.9782586976235
7953,6367.09806195319
7097,6369.06874564041
6241,6369.06874564041
5385,6488.168267957872
4529,6621.021757608193
3673,6621.021757608193
2817,7836.842867955755
1961,7556.857499245727
1105,7365.766907903341
249,7364.17786381626
40482,5258.641266465049
39626,5258.641266465049
38770,6218.695513332551
37914,5836.645891985732
37058,5645.576350030051
36202,5645.844554332957
35346,5645.844554332957
34490,5188.936098123069
33634,5188.936098123069
32778,4959.99570512576
31922,4881.439385515295
31066,4818.408921812169
30210,4818.408921812169
29354,4992.959448130466
28498,5136.336841636436
27642,5136.336841636436
26786,6011.0783955027155
25930,5654.507235899171
25074,5499.355671933504
24218,5490.902189201459
23362,5490.902189201459
22506,5134.816940017629
21650,5134.816940017629
20794,4826.769410410357
19938,4817.094502129033
19082,4842.847748704005
18226,4887.600559031052
17370,5017.398275022302
16514,5157.221747702922
15658,5157.221747702922
14802,6466.009791320705
13946,5768.775632175605
13090,5604.734391919103
12234,5642.370209872495
11378,5642.370209872495
10522,5202.28081419093
9666,5202.28081419093
8810,5035.965998531224
7954,4946.659269525528
7098,4948.629953212748
6242,4948.629953212748
5386,5013.781312941666
4530,5157.221747702922
3674,5157.221747702922
2818,6032.591538844926
1962,5688.579226790102
1106,5533.427662824435
250,5524.97418009239
40483,5501.544959121745
39627,5501.544959121745
38771,6696.426648813385
37915,6381.305359805711
37059,6126.92935325058
36203,6138.286309792394
35347,6138.286309792394
34491,5431.839790779765
33635,5431.839790779765
32779,5234.15664824902
31923,5160.494223693493
31067,5097.463759990368
30211,5097.463759990368
29355,5248.91744869177
28499,5379.2405342931315
27643,5379.2405342931315
26787,6489.711956715342
25931,6199.16670371915
25075,5980.708675154033
24219,5983.343944660896
23363,5983.343944660896
22507,5377.720632674325
21651,5377.720632674325
20795,5100.930353533618
19939,5096.149340307232
19083,5121.902586882205
18227,5166.6553972092515
17371,5273.3562755836065
16515,5400.125440359618
15659,5400.125440359618
14803,7032.979513172962
13947,6313.435099995584
13091,6086.087395139632
12235,6134.811965331932
11379,6134.811965331932
10523,5445.184506847626
9667,5445.184506847626
8811,5310.126941654484
7955,5225.714107703726
7099,5227.684791390947
6243,5227.684791390947
5387,5269.739313502971
4531,5400.125440359618
3675,5400.125440359618
2819,6511.2251000575525
1963,6233.238694610081
1107,6014.780666044964
251,6017.415935551828
40484,5050.229989857867
39628,5050.229989857867
38772,6254.092468069649
37916,5938.971179061976
37060,5693.40963736734
36204,5704.766593909155
35348,5704.766593909155
34492,4980.524821515887
33636,4980.524821515887
32780,4819.396970589228
31924,4745.734546033701
31068,4665.762777756024
30212,4665.762777756024
29356,4821.721296161516
28500,4927.925565029253
27644,4927.925565029253
26788,6047.377775971606
25932,5756.832522975415
25076,5547.188959270793
24220,5549.824228777657
23364,5549.824228777657
22508,4926.405663410447
21652,4926.405663410447
20796,4669.229371299273
19940,4664.4483580728875
19084,4690.20160464786
18228,4734.954414974907
17372,4846.160123053352
16516,4948.81047109574
15660,4948.81047109574
14804,6591.239966441473
13948,5871.100919251849
13092,5652.567679256392
12236,5701.292249448693
11380,5701.292249448693
10524,4993.869537583748
9668,4993.869537583748
8812,4878.42595942014
7956,4794.013125469382
7100,4795.983809156603
6244,4795.983809156603
5388,4842.543160972717
4532,4948.81047109574
3676,4948.81047109574
2820,6068.890919313816
1964,5790.904513866346
1108,5581.260950161724
252,5583.896219668588
40485,4918.306210470776
39629,4918.306210470776
38773,5888.512136626359
37917,5573.390847618686
37061,5327.8293059240505
36205,5347.751610695284
35349,5347.751610695284
34493,4848.6010421287965
33637,4848.6010421287965
32781,4557.282746689806
31925,4474.000932855843
31069,4446.972631156664
30213,4446.972631156664
29357,4649.153880743128
28501,4786.382396363726
27645,4786.382396363726
26789,5686.367680730844
25933,5395.822427734653
25077,5186.178864030031
24221,5225.66654778827
23365,5225.66654778827
22509,4784.86249474492
21653,4784.86249474492
20797,4441.433404918264
19941,4433.467425259296
19085,4459.220671834269
18229,4487.896889939096
17373,4661.401921420733
16517,4807.267302430212
15661,4807.267302430212
14805,6496.61071984008
13949,5519.710213289523
13093,5301.176973294067
12237,5358.466891715787
11381,5358.466891715787
10525,4861.945758196657
9669,4861.945758196657
8813,4616.311735520719
7957,4531.898901569961
7101,4533.869585257181
6245,4533.869585257181
5389,4648.886743575137
4533,4807.267302430212
3677,4807.267302430212
2821,5693.69119859209
1965,5415.7047931446195
1109,5206.061229439998
253,5217.261847176281
40486,5355.203033623523
39630,5355.203033623523
38774,6137.983683364417
37918,5836.325325660496
37062,5654.070248565311
36206,5654.338452868217
35350,5654.338452868217
34494,5290.006481805715
33638,5290.006481805715
32782,5068.710503935898
31926,4990.154184325433
31070,4963.125882626254
30214,4963.125882626254
29358,5115.118833792303
28502,5237.407225319082
27646,5237.407225319082
26790,5944.556191015546
25934,5668.376295054899
25078,5522.039195949728
24222,5541.872779239639
23366,5541.872779239639
22510,5235.887323700275
21654,5235.887323700275
20798,4962.480551442793
19942,4949.620676728886
19086,4975.373923303859
18230,4979.374053266639
17374,5118.468658704948
16518,5258.292131385568
15662,5258.292131385568
14806,6361.6469276290745
13950,5768.455065850369
13094,5613.228290454363
12238,5650.864108407755
11382,5650.864108407755
10526,5303.351197873576
9670,5303.351197873576
8814,5127.73949276681
7958,5038.432763761114
7102,5040.403447448334
6246,5040.403447448334
5390,5114.851696624312
4534,5258.292131385568
3678,5258.292131385568
2822,5951.8797088767915
1966,5688.258660464866
1110,5541.921561359695
254,5533.46807862765
40487,6467.2603693641195
39631,6467.2603693641195
38775,7813.448506855719
37919,7489.813973528767
37063,7222.421585747985
36207,7229.554228695854
35351,7229.554228695854
34495,6397.55520102214
33639,6397.55520102214
32783,6140.572154388029
31927,6066.909729832502
31071,5986.937961554825
30215,5986.937961554825
29359,6214.632858934146
28503,6344.955944535506
27647,6344.955944535506
26791,7597.752170907278
25935,7307.675317442206
25079,7076.200907651438
24223,7074.611863564356
23367,7074.611863564356
22511,6343.4360429167
21655,6343.4360429167
20799,5990.4045550980745
19943,5985.623541871689
19087,6011.3767884466615
18231,6056.1295987737085
17375,6239.071685825982
16519,6365.840850601992
15663,6365.840850601992
14807,8137.914688244179
13951,7421.94371371864
13095,7181.5796276370365
12239,7226.0798842353925
11383,7226.0798842353925
10527,6410.899917090001
9671,6410.899917090001
8815,6199.601143218942
7959,6115.188309268184
7103,6117.158992955404
6247,6117.158992955404
5391,6235.454723745346
4535,6365.840850601992
3679,6365.840850601992
2823,7619.265314249488
1967,7341.747308333137
1111,7110.272898542369
255,7108.6838544552875
40488,3933.6915964735144
39632,3942.9485236889227
38776,5341.034430720538
37920,5018.337125744207
37064,4763.961119189074
36208,4783.883423960308
35352,4783.883423960308
34496,3863.986428131533
33640,3873.2433553469436
32784,3740.6293108710206
31928,3428.8233050895615
31072,3365.7928413864365
30216,3365.7928413864365
29360,3507.693483246941
28504,3644.3869432850597
27648,3840.598520832148
26792,4923.706595337061
25936,4625.585326372212
25080,4407.127297807094
24224,4418.327915543377
23368,4418.327915543377
22512,3642.8670416662535
21656,3839.0786192133423
20800,3376.835450898345
19944,3364.4784217033007
19088,3390.231668278273
18232,3434.98447860532
17376,3532.1323101387775
16520,3665.271849351545
15664,3861.4834268986338
14808,5806.5042657882805
13952,4739.853722648646
13096,4512.506017792693
12240,4569.795936214413
11384,4569.795936214413
10528,3710.3309158395537
9672,3906.5424933866425
8816,3586.032039019213
7960,3494.0431890997957
7104,3496.013872787016
6248,3496.013872787016
5392,3528.5153480581416
4536,3665.271849351545
3680,3861.4834268986338
2824,4945.219738679271
1968,4659.657317263143
1112,4441.199288698025
256,4452.399906434308
40489,4582.575035215541
39633,4582.575035215541
38777,5462.67521171691
37921,5231.842681693004
37065,5028.192547610785
36209,5046.957742473385
35353,5046.957742473385
34497,4530.742096511302
33641,4530.742096511302
32785,4343.3339832969705
31929,4269.946565318114
31073,4242.918263618935
30217,4242.918263618935
29361,4384.1027739736855
28505,4483.311741656277
27649,4483.311741656277
26793,5287.94205074495
25937,5069.062552719016
25081,4901.330396626811
24225,4939.660970476416
23369,4939.660970476416
22513,4469.601053823239
21657,4469.601053823239
20801,4242.272932435474
19945,4229.413057721567
19089,4255.16630429654
18233,4283.842522401367
17377,4396.35081465129
16521,4492.005861508532
15665,4492.005861508532
14809,5733.795167856146
13953,5178.162047363841
13097,5001.5402149808015
12241,5057.673023493888
11385,5057.673023493888
10529,4528.489813866981
9673,4528.489813866981
8817,4419.304276702434
7961,4329.997547696738
7105,4331.9682313839585
6249,4331.9682313839585
5393,4383.835636805695
4537,4488.599649010582
3681,4488.599649010582
2825,5295.265568606196
1969,5088.944918128983
1113,4921.212762036778
257,4931.256269864427
40490,7358.848892273157
39634,7358.848892273157
38778,8297.975441613185
37922,7971.873545492557
37066,7753.679441020654
36210,7760.812083968523
35354,7760.812083968523
34498,7309.906101874035
33642,7309.906101874035
32786,6744.318538319912
31930,6667.118103115879
31074,6640.0898014167005
30218,6640.0898014167005
29362,6976.83557660853
28506,7252.619235451935
27650,7252.619235451935
26794,8091.781121210243
25938,7799.236904951495
25082,7616.960778469605
24226,7643.65880040448
23370,7643.65880040448
22514,7238.9085476188975
21658,7238.9085476188975
20802,6633.400975891341
19946,6622.967633438697
19090,6648.72088001367
18234,6677.397098118497
17378,6985.466655205499
16522,7261.31335530419
15666,7261.31335530419
14810,8642.096101178537
13954,7918.1929111633945
13098,7727.02710839067
12242,7771.527364989026
11386,7771.527364989026
10530,7307.653819229714
9674,7307.653819229714
8818,6803.347527150824
7962,6716.467330406391
7106,6718.438014093611
6250,6718.438014093611
5394,6976.568439440539
4538,7257.90714280624
3682,7257.90714280624
2826,8099.104639071489
1970,7819.1192703614615
1114,7636.843143879572
258,7635.254099792491
40491,6163.388083132652
39635,6163.388083132652
38779,7383.603814345803
37923,6945.146308892566
37067,6714.462022692925
36211,6708.937296162604
35355,6708.937296162604
34499,6114.4452927335315
33643,6114.4452927335315
32787,5876.6555065246075
31931,5818.821310959909
31075,5791.793009260729
30219,5791.793009260729
29363,5930.125164230958
28507,6061.846036246897
27651,6061.846036246897
26795,7173.5154298536245
25939,6777.197278286969
25083,6582.430970077342
24227,6596.471622534026
23371,6596.471622534026
22515,6048.135348413859
21659,6048.135348413859
20803,5770.425554031502
19947,5778.2878033633615
19091,5804.041049938334
18235,5832.717268043161
17379,5942.373204908563
16523,6070.540156099151
15667,6070.540156099151
14811,8032.650125316919
13955,6891.465674563403
13099,6687.809690062941
12243,6719.652577183107
11387,6719.652577183107
10531,6112.1930100892105
9675,6112.1930100892105
8819,5935.684495355519
7963,5867.099890395591
7107,5869.07057408281
6251,5869.07057408281
5395,5929.858027062967
4539,6067.133943601201
3683,6067.133943601201
2827,7180.83894771487
1971,6797.079643696936
1115,6602.313335487309
259,6588.066921922037
40492,5389.235696332381
39636,5389.235696332381
38780,6414.941007093102
37924,6076.7471044820995
37068,5847.780135405285
36212,5867.702440176519
35356,5867.702440176519
34500,5319.530527990401
33644,5319.530527990401
32788,5101.273398568583
31932,5027.610974013056
31076,5000.582672313877
30220,5000.582672313877
29364,5143.139582058853
28508,5266.931271503768
27652,5266.931271503768
26796,6222.415940476023
25940,5908.798073876503
25084,5715.749082789703
24228,5755.236766547941
23372,5755.236766547941
22516,5265.4113698849615
21660,5265.4113698849615
20804,4995.043446075478
19948,4987.077466416509
19092,5012.830712991482
18236,5041.506931096309
17380,5155.387622736458
16524,5287.816177570254
15668,5287.816177570254
14812,6718.190397633515
13956,6023.066470152937
13100,5821.1278027753015
12244,5878.417721197022
11388,5878.417721197022
10532,5332.875244058262
9676,5332.875244058262
8820,5160.302387399495
7964,5075.889553448737
7108,5077.8602371359575
6252,5077.8602371359575
5396,5142.872444890862
4540,5287.816177570254
3684,5287.816177570254
2828,6229.739458337269
1972,5928.68043928647
1116,5735.63144819967
260,5746.832065935952
40493,5678.191014044967
39637,5678.191014044967
38781,6461.592763706301
37925,6141.95541739721
37069,5970.473204906935
36213,5957.951747386477
35357,5957.951747386477
34501,5608.485845702988
33645,5608.485845702988
32789,5372.632262010425
31933,5303.629600120164
31077,5276.601298420985
30221,5276.601298420985
29365,5428.594249587034
28509,5560.818368559325
27653,5560.818368559325
26797,6273.097050700401
25941,5978.938166134584
25085,5843.3739316343235
24229,5850.41785310087
23373,5850.41785310087
22517,5559.298466940519
21661,5559.298466940519
20805,5271.334088860291
19949,5263.096092523617
19093,5288.84933909859
18237,5317.525557203417
17381,5440.842290264639
16525,5581.703274625811
15669,5581.703274625811
14813,6693.573132172854
13957,6074.085157587083
13101,5929.631246795987
12245,5954.477402926015
11389,5954.477402926015
10533,5621.830561770848
9677,5621.830561770848
8821,5431.661250841337
7965,5346.976400212874
7109,5348.947083900094
6253,5348.947083900094
5397,5428.327112419043
4541,5581.703274625811
3685,5581.703274625811
2829,6280.420568561647
1973,5998.820531544551
1117,5863.2562970442905
261,5842.013152488881
40494,4460.000049047852
39638,4460.000049047852
38782,5346.744281964377
37926,5115.911751940471
37070,4912.261617858252
36214,4931.026812720852
35358,4931.026812720852
34502,4394.803497230045
33646,4394.803497230045
32790,4222.992382727894
31934,4144.4360631174295
31078,4081.4055994143037
30222,4081.4055994143037
29366,4237.5032697938095
28510,4342.204240743411
27654,4342.204240743411
26798,5152.652593879844
25942,4933.77309585391
25086,4766.040939761705
24230,4776.084447589354
23374,4776.084447589354
22518,4340.684339124605
21662,4340.684339124605
20806,4089.766088012491
19950,4080.091179731168
19094,4105.84442630614
18238,4150.597236633187
17382,4261.942096685646
16526,4363.089146809897
15670,4363.089146809897
14814,5613.5036299710155
13958,5048.041492130344
13102,4871.419659747304
12246,4927.55246826039
11390,4927.55246826039
10534,4408.148213297905
9678,4408.148213297905
8822,4298.962676133358
7966,4209.655947127662
7110,4211.626630814882
6254,4211.626630814882
5398,4258.32513460501
4542,4363.089146809897
3686,4363.089146809897
2830,5174.165737222054
1974,4967.845086744841
1118,4800.112930652636
262,4810.156438480285
40495,7483.771787132393
39639,7483.771787132393
38783,8428.745776740689
37927,8102.643880620054
37071,7884.449776148151
36215,7891.58241909602
35359,7891.58241909602
34503,7414.0666187904135
33647,7414.0666187904135
32791,6875.664973929693
31935,6794.847576645025
31079,6767.819274945846
30223,6767.819274945846
29367,7104.565050137676
28511,7356.779752368314
27655,7356.779752368314
26799,8222.551456337744
25943,7930.007240078991
25087,7747.731113597102
24231,7774.4291355319765
23375,7774.4291355319765
22519,7355.259850749508
21663,7355.259850749508
20807,6764.747411501122
19951,6754.314069048478
19095,6780.067315623451
18239,6808.743533728278
17383,7116.813090815281
16527,7377.6646584348
15671,7377.6646584348
14815,9081.043643925565
13959,8048.963246290891
13103,7857.797443518167
12247,7902.297700116523
11391,7902.297700116523
10535,7427.411334858274
9679,7427.411334858274
8823,6962.555017335235
7967,6872.489854158219
7111,6874.460537845439
6255,6874.460537845439
5399,7113.196128734645
4543,7377.6646584348
3687,7377.6646584348
2831,8244.064599679954
1975,7949.889605488958
1119,7767.613479007069
263,7766.0244349199875
40496,6812.319912572593
39640,6812.319912572593
38784,7975.657641710896
37928,7657.131761558927
37072,7430.123192226525
36216,7437.255835174395
35360,7437.255835174395
34504,6742.614744230614
33648,6742.614744230614
32792,6370.9367471852165
31936,6297.695365869206
31080,6234.6649021660805
30224,6234.6649021660805
29368,6500.1011495724615
28512,6685.327877808514
27656,6685.327877808514
26800,7755.27369582699
25944,7470.3054955369
25088,7279.214904194512
24232,7277.6258601074305
23376,7277.6258601074305
22520,6683.807976189708
21664,6683.807976189708
20808,6233.022842534348
19952,6233.350482482944
19096,6259.103729057917
18240,6303.856539384964
17384,6524.539976464298
16528,6706.212783875
15672,6706.212783875
14816,8651.629348326664
13960,7589.2615017488
13104,7389.281234115577
12248,7433.781490713933
11392,7433.781490713933
10536,6755.959460298474
9680,6755.959460298474
8824,6446.9070405906805
7968,6367.602859814905
7112,6369.573543502125
6256,6369.573543502125
5400,6520.923014383662
4544,6706.212783875
3688,6706.212783875
2832,7776.7868391692
1976,7504.377486427831
1120,7313.286895085444
264,7311.697850998362
40497,4795.216639961824
39641,4795.216639961824
38785,6134.1556016087525
37929,5699.58332302472
37073,5468.899036825079
36217,5463.374310294758
35361,5463.374310294758
34505,4730.020088144016
33649,4730.020088144016
32793,4559.456195796282
31937,4485.7937712407565
31081,4458.765469541577
30225,4458.765469541577
29369,4592.305564768836
28513,4677.420831657381
27657,4677.420831657381
26801,5941.630534991674
25945,5531.634292419123
25089,5336.867984209496
24233,5350.90863666618
23377,5350.90863666618
22521,4675.900930038576
21665,4675.900930038576
20809,4453.226243303178
19953,4445.260263644209
19097,4471.013510219182
18241,4475.013640181963
17385,4595.655389681481
16529,4698.305737723868
15673,4698.305737723868
14817,6781.9419271487905
13961,5631.713063214593
13105,5428.0570787141305
12249,5459.899965834296
11393,5459.899965834296
10537,4743.364804211876
9681,4743.364804211876
8825,4618.485184627196
7969,4534.072350676438
7113,4536.043034363657
6257,4536.043034363657
5401,4592.038427600845
4545,4698.305737723868
3689,4698.305737723868
2833,5948.95405285292
1977,5551.51665782909
1121,5356.750349619463
265,5342.503936054191
40498,4741.931585772219
39642,4741.931585772219
38786,6029.029537350173
37930,5713.9082483425
37074,5459.532241787368
36218,5470.889198329182
35362,5470.889198329182
34506,4672.226417430239
33650,4672.226417430239
32794,4518.011757198833
31938,4444.349332643306
31082,4417.321030944127
30226,4417.321030944127
29370,4549.069499877804
28514,4619.627160943605
27658,4619.627160943605
26802,5836.504470733094
25946,5545.959217736903
25090,5327.501189171785
24234,5358.4235247006045
23378,5358.4235247006045
22522,4618.107259324799
21666,4618.107259324799
20810,4411.781804705728
19954,4403.8158250467595
19098,4429.569071621732
18242,4458.245289726559
17386,4561.317540555409
16530,4640.512067010091
15674,4640.512067010091
14818,6706.883812730505
13962,5660.227614013337
13106,5432.879909157384
12250,5481.604479349685
11394,5481.604479349685
10538,4685.5711334981
9682,4685.5711334981
8826,4604.901800604375
7970,4517.304000221035
7114,4519.274683908255
6258,4519.274683908255
5402,4557.7005784747735
4546,4640.512067010091
3690,4640.512067010091
2834,5858.017614075305
1978,5565.84158314687
1122,5347.383554581752
266,5350.0188240886155
40499,5737.19511737071
39643,5737.19511737071
38787,6520.596867032044
37931,6200.959520722953
37075,6029.477308232678
36219,6016.95585071222
35363,6016.95585071222
34507,5667.489949028731
33651,5667.489949028731
32795,5431.636365336168
31939,5362.633703445907
31083,5282.661935168229
30227,5282.661935168229
29371,5466.509350933586
28515,5619.822471885068
27659,5619.822471885068
26803,6317.91152854518
25947,6023.752643979363
25091,5888.188409479102
24235,5866.945264923693
23379,5866.945264923693
22523,5618.302570266262
21667,5618.302570266262
20811,5286.400545389184
19955,5281.347515485093
19099,5307.100762060066
18243,5351.853572387113
17387,5490.948177825422
16531,5640.707377951554
15675,5640.707377951554
14819,6730.0591951926845
13963,6133.089260912826
13107,5988.63535012173
12251,6013.481506251758
11395,6013.481506251758
10539,5680.834665096591
9683,5680.834665096591
8827,5490.66535416708
7971,5405.980503538617
7115,5407.951187225837
6259,5407.951187225837
5403,5487.331215744786
4547,5640.707377951554
3691,5640.707377951554
2835,6339.42467188739
1979,6057.824634870294
1123,5922.2604003700335
267,5901.017255814624
40500,6898.074729434608
39644,6898.074729434608
38788,8168.295715215782
37932,7849.769835063813
37076,7631.57573059191
36220,7630.14302531036
35364,7630.14302531036
34508,6825.479412787512
33652,6825.479412787512
32796,6553.938760330656
31940,6495.485669924691
31084,6468.457368225512
30228,6468.457368225512
29372,6664.297801005526
28516,6782.980837275458
27660,6782.980837275458
26804,7976.889685722886
25948,7691.921485432796
25092,7509.6453589509065
24236,7527.778032656362
23380,7527.778032656362
22524,6781.460935656652
21668,6781.460935656652
20812,6457.80948881213
19956,6454.952162328144
19100,6480.705408903117
18244,6509.381627007944
17388,6676.545841683131
16532,6803.865743341944
15676,6803.865743341944
14820,8506.72110941823
13964,7796.08920073465
13108,7604.923397961926
12252,7640.858306330862
11396,7640.858306330862
10540,6838.824128855373
9684,6838.824128855373
8828,6640.828803736198
7972,6558.33965652784
7116,6560.31034021506
6260,6560.31034021506
5404,6672.928879602495
4548,6803.865743341944
3692,6803.865743341944
2836,7984.213203584131
1980,7711.803850842763
1124,7529.527724360873
268,7519.373332044373
40501,6261.639270424633
39645,6261.639270424633
38789,7332.011294164653
37933,7056.716441389128
37077,6829.707872056726
36221,6828.275166775176
35365,6828.275166775176
34509,6191.934102082653
33653,6191.934102082653
32797,5980.590163356089
31941,5916.9681713185155
31085,5889.939869619336
30229,5889.939869619336
29373,6040.1411944918045
28517,6144.26662493899
27661,6144.26662493899
26805,7144.418006890544
25949,6893.699190126501
25093,6702.608598784114
24237,6720.741272489569
23381,6720.741272489569
22525,6142.746723320185
21669,6142.746723320185
20813,5879.291990205954
19957,5876.434663721969
19101,5902.187910296941
18245,5930.864128401768
17389,6052.389235169409
16533,6165.151531005477
15677,6165.151531005477
14821,7987.6892061365215
13965,7003.035807059965
13109,6803.055539426743
12253,6838.990447795679
11397,6838.990447795679
10541,6205.278818150514
9685,6205.278818150514
8829,6067.48020676163
7973,5984.991059553272
7117,5986.961743240493
6261,5986.961743240493
5405,6048.7722730887735
4549,6165.151531005477
3693,6165.151531005477
2837,7165.931150232755
1981,6913.581555536468
1125,6722.490964194081
269,6712.33657187758
40502,6922.079963844589
39646,6922.079963844589
38790,8339.600832268576
37934,7947.815677721256
37078,7735.684363883849
36222,7717.369975530164
35366,7717.369975530164
34510,6873.137173445467
33654,6873.137173445467
32798,6583.476671550609
31942,6519.854679513036
31086,6492.826377813857
30230,6492.826377813857
29374,6705.747267142436
28518,6825.469696301804
27662,6825.469696301804
26806,8143.025901144067
25950,7784.79842645863
25094,7608.585090611237
24238,7609.836081244557
23382,7609.836081244557
22526,6811.759008468766
21670,6811.759008468766
20814,6482.178498400475
19958,6479.321171916489
19102,6505.074418491462
18246,6533.750636596289
17390,6717.995307820041
16534,6834.163816154059
15678,6834.163816154059
14822,9010.814766114365
13966,7894.135043392093
13110,7709.032031253865
12254,7728.085256550667
11398,7728.085256550667
10542,6870.884890801146
9686,6870.884890801146
8830,6659.446964956073
7974,6580.142784180298
7118,6582.113467867518
6262,6582.113467867518
5406,6705.480129974445
4550,6830.757603656109
3694,6830.757603656109
2838,8150.3494190053125
1982,7804.680791868597
1126,7628.467456021204
270,7601.431380632568
40503,5544.210420126251
39647,5544.210420126251
38791,6600.435942251751
37935,6320.032436301243
37079,6093.023866968842
36223,6100.156509916712
35367,6100.156509916712
34511,5479.013868308443
33655,5479.013868308443
32799,5267.669929581878
31943,5194.007505026351
31087,5130.977041323225
30231,5130.977041323225
29375,5296.091526220449
28519,5426.41461182181
27663,5426.41461182181
26807,6393.721250153708
25951,6137.893780214682
25095,5946.803188872295
24239,5945.214144785214
23383,5945.214144785214
22527,5424.894710203003
21671,5424.894710203003
20815,5134.443634866475
19959,5129.662621640089
19103,5155.415868215062
18247,5200.168678542109
17391,5320.530353112285
16535,5447.299517888296
15679,5447.299517888296
14823,6995.039898599354
13967,6252.162176491116
13111,6052.181908857894
12255,6096.68216545625
11399,6096.68216545625
10543,5492.358584376304
9687,5492.358584376304
8831,5343.640222987342
7975,5259.227389036584
7119,5261.198072723804
6263,5261.198072723804
5407,5316.91339103165
4551,5447.299517888296
3695,5447.299517888296
2839,6415.234393495918
1983,6171.965771105613
1127,5980.875179763227
271,5979.286135676145
40504,6699.59683587423
39648,6699.59683587423
38792,7972.707969960522
37936,7641.497420664912
37080,7423.303316193007
36224,7421.870610911457
35368,7421.870610911457
34512,6629.891667532251
33656,6629.891667532251
32800,6358.351015075395
31944,6277.11257455121
31088,6250.084272852031
30232,6250.084272852031
29376,6445.924705632045
28520,6577.292411045617
27664,6577.292411045617
26808,7771.201259493046
25952,7473.548390059315
25096,7291.272263577424
24240,7309.4049372828795
23384,7309.4049372828795
22528,6575.772509426811
21672,6575.772509426811
20816,6252.12106258229
19960,6236.579066954663
19104,6262.332313529636
18248,6291.008531634463
17392,6458.1727463096495
16536,6598.177317112103
15680,6598.177317112103
14824,8329.114236414922
13968,7573.627160854785
13112,7382.461358082059
12256,7418.396266450995
11400,7418.396266450995
10544,6643.236383600111
9688,6643.236383600111
8832,6417.380003906307
7976,6325.391153986891
7120,6327.3618376741115
6264,6327.3618376741115
5408,6445.657568464054
4552,6598.177317112103
3696,6598.177317112103
2840,7778.5247773542915
1984,7493.430755469282
1128,7311.154628987391
272,7301.00023667089
40505,4050.2761960980824
39649,4094.891793345995
38793,4433.582667396739
37937,4281.110206148497
37081,4415.2675461654035
36225,4425.389881496818
35369,4425.389881496818
34513,3980.5710277561006
33657,4025.186625004017
32801,3817.146514107746
31945,3481.337048726587
31089,3454.308747027408
30233,3454.308747027408
29377,3591.302901634865
28521,3685.779152415674
27665,3992.541790489219
26809,3998.864981925869
25953,3870.96855668911
25097,4041.043874696029
24241,4070.731589014449
23385,4070.731589014449
22529,3684.259250796868
21673,3991.0218888704126
20817,3448.769520789012
19961,3440.8035411300416
19105,3466.556787705014
18249,3484.414461934466
17393,3603.550942312471
16537,3706.6640584821594
15681,4013.426696555704
14825,4688.056742097699
13969,3985.2369529655425
13113,4146.422594681628
12257,4193.912543663528
11401,4193.912543663528
10545,3751.723124970169
9689,4058.4857630437145
8833,3631.070972812285
7977,3543.473172428942
7121,3545.4438561161624
6265,3545.4438561161624
5409,3599.933980231835
4553,3706.6640584821594
3697,4013.426696555704
2841,4006.1884997871143
1985,3890.8509220990754
1129,4060.9262401059955
273,4062.3268884024596
40506,6175.748599835935
39650,6175.748599835935
38794,7124.711656599431
37938,6850.648099199081
37082,6655.812429977359
36226,6674.577624839959
35370,6674.577624839959
34514,6106.043431493956
33658,6106.043431493956
32802,5845.124726784921
31946,5766.568407174456
31090,5686.596638896779
30234,5686.596638896779
29378,5910.066781501352
28522,6053.444175007322
27666,6053.444175007322
26810,6921.638324664501
25954,6668.50944311252
25098,6509.591751880812
24242,6519.635259708461
23386,6519.635259708461
22530,6051.924273388516
21674,6051.924273388516
20818,5694.957127494967
19962,5685.282219213643
19106,5711.0354657886155
18250,5755.7882761156625
17394,5934.505608393189
16538,6074.329081073808
15682,6074.329081073808
14826,7406.632415732252
13970,6782.777839388954
13114,6614.970471866411
12258,6671.103280379497
11402,6671.103280379497
10546,6119.388147561816
9690,6119.388147561816
8834,5904.153715615834
7978,5814.846986610138
7122,5816.817670297358
6266,5816.817670297358
5410,5930.888646312553
4554,6074.329081073808
3698,6074.329081073808
2842,6943.151468006711
1986,6702.581434003451
1130,6543.663742771743
274,6553.707250599392
40507,5668.675769294837
39651,5668.675769294837
38795,6368.7961070081565
37939,6122.957595589102
37083,5951.4753830988275
36227,5938.953925578369
35371,5938.953925578369
34515,5596.0804526477405
33659,5596.0804526477405
32803,5360.226868955177
31947,5289.800679943664
31091,5262.7723782444855
30235,5262.7723782444855
29379,5414.765329410535
28523,5553.581877135686
27667,5553.581877135686
26811,6185.469295633865
25955,5965.109245958085
25099,5829.545011457824
24243,5836.588932924371
23387,5836.588932924371
22531,5552.06197551688
21675,5552.06197551688
20819,5264.097597436652
19963,5249.267172347118
19107,5275.02041892209
18251,5303.696637026917
17395,5427.01337008814
16539,5574.466783202172
15683,5574.466783202172
14827,6587.615239671177
13971,6055.087335778975
13115,5910.633424987879
12259,5935.479581117907
11403,5935.479581117907
10547,5609.425168715601
9691,5609.425168715601
8835,5419.25585778609
7979,5327.978578404766
7123,5329.949262091986
6267,5329.949262091986
5411,5414.498192242544
4555,5574.466783202172
3699,5574.466783202172
2843,6192.792813495111
1987,5984.991611368052
1131,5849.427376867791
275,5828.184232312382
40508,6961.110014315642
39652,6961.110014315642
38796,8223.208328902998
37940,7904.682448751027
37084,7686.488344279123
36228,7685.055638997574
35372,7685.055638997574
34516,6891.404845973662
33660,6891.404845973662
32804,6634.421799339551
31948,6570.799807301978
31092,6543.771505602799
30236,6543.771505602799
29380,6739.611938382813
28524,6843.7373688299995
27668,6843.7373688299995
26812,8026.633397778491
25956,7741.665197488401
25100,7559.389071006512
24244,7577.521744711967
23388,7577.521744711967
22532,6842.217467211193
21676,6842.217467211193
20820,6533.123626189417
19964,6530.266299705431
19108,6556.019546280404
18252,6584.695764385231
17396,6751.859979060418
16540,6864.622274896486
15684,6864.622274896486
14828,8568.044395044242
13972,7851.001814421864
13116,7659.836011649139
12260,7695.770920018076
11404,7695.770920018076
10548,6904.749562041523
9692,6904.749562041523
8836,6721.311842745094
7980,6638.822695536735
7124,6640.7933792239555
6268,6640.7933792239555
5412,6748.243016979782
4556,6864.622274896486
3700,6864.622274896486
2844,8033.9569156397365
1988,7761.547562898368
1132,7579.2714364164785
276,7569.117044099978
40509,5261.675152465674
39653,5261.675152465674
38797,6263.16301568325
37941,5844.0904488029
37085,5653.020906847219
36229,5653.289111150125
35373,5653.289111150125
34517,5191.969984123694
33661,5191.969984123694
32805,4963.029591126385
31949,4884.47327151592
31093,4821.442807812794
30237,4821.442807812794
29381,4995.993334131091
28525,5139.370727637061
27669,5139.370727637061
26813,6055.545897853414
25957,5661.951792716339
25101,5506.8002287506715
24245,5498.346746018627
23389,5498.346746018627
22533,5137.850826018254
21677,5137.850826018254
20821,4829.803296410982
19965,4820.128388129658
19109,4845.88163470463
18253,4890.634445031677
17397,5020.432161022927
16541,5160.255633703547
15685,5160.255633703547
14829,6510.4772936714035
13973,5776.220188992773
13117,5612.17894873627
12261,5649.814766689663
11405,5649.814766689663
10549,5205.314700191555
9693,5205.314700191555
8837,5038.999884531849
7981,4949.693155526153
7125,4951.663839213373
6269,4951.663839213373
5413,5016.815198942291
4557,5160.255633703547
3701,5160.255633703547
2845,6077.059041195625
1989,5696.02378360727
1133,5540.872219641603
277,5532.418736909558
40510,6414.932963460956
39654,6414.932963460956
38798,7498.929540404484
37942,7131.439288341716
37086,6959.957075851442
36230,6947.435618330984
35374,6947.435618330984
34518,6345.227795118976
33662,6345.227795118976
32806,6056.090688391376
31950,5977.534368780911
31094,5950.506067081732
30238,5950.506067081732
29382,6155.782541282819
28526,6292.6285386323425
27670,6292.6285386323425
26814,7296.5204042052155
25958,6963.490257736119
25102,6827.926023235859
24246,6834.969944702406
23390,6834.969944702406
22534,6291.108637013536
21678,6291.108637013536
20822,5949.860735898271
19966,5937.000861184364
19110,5962.754107759337
18254,5991.430325864164
17398,6168.030581960424
16542,6313.513444698829
15686,6313.513444698829
14830,7800.5242035861575
13974,7077.758654012553
13118,6933.304743221458
12262,6958.150899351486
11406,6958.150899351486
10550,6358.572511186837
9694,6358.572511186837
8838,6115.119677222288
7982,6025.812948216592
7126,6027.783631903812
6270,6027.783631903812
5414,6155.515404114828
4558,6313.513444698829
3702,6313.513444698829
2846,7303.843922066461
1990,6983.372623146086
1134,6847.808388645826
278,6826.565244090417
40511,4578.657119974172
39655,4578.657119974172
38799,5371.269314271712
37943,5140.436784247806
37087,4945.601115026084
36231,4964.366309888684
35375,4964.366309888684
34519,4529.71432957505
33663,4529.71432957505
32807,4335.393025665465
31951,4257.535712087032
31095,4230.507410387853
30239,4230.507410387853
29383,4370.494459954122
28527,4484.261033459459
27671,4484.261033459459
26815,5198.513212039186
25959,4979.633714013252
25103,4820.716022781544
24247,4859.0465966311485
23391,4859.0465966311485
22535,4470.550345626421
21679,4470.550345626421
20823,4236.309033543403
19967,4217.002204490485
19111,4242.755451065458
18255,4271.431669170285
17399,4382.742500631727
16543,4492.955153311714
15687,4492.955153311714
14831,5657.053915185843
13975,5086.756149918643
13119,4918.9487823961
12263,4975.081590909186
11407,4975.081590909186
10551,4527.462046930729
9695,4527.462046930729
8839,4394.422014496377
7983,4305.115285490681
7127,4307.0859691779015
6271,4307.0859691779015
5415,4370.2273227861315
4559,4489.548940813764
3703,4489.548940813764
2847,5205.836729900432
1991,4999.516079423219
1135,4840.598388191511
279,4850.6418960191595
40512,5930.600167076098
39656,5930.600167076098
38800,6786.859723603705
37944,6511.56487082818
37088,6293.370766356275
36232,6300.503409304145
35376,6300.503409304145
34520,5860.894998734118
33664,5860.894998734118
32808,5527.782990306119
31952,5454.541608990109
31096,5427.51330729093
30240,5427.51330729093
29384,5624.912800232412
28528,5803.608132312019
27672,5803.608132312019
26816,6589.64704705116
25960,6338.928230287117
25104,6156.652103805227
24248,6183.350125740101
23392,6183.350125740101
22536,5802.088230693213
21680,5802.088230693213
20824,5416.865427877548
19968,5414.008101393562
19112,5439.761347968535
18256,5468.437566073362
17400,5637.160840910017
16544,5824.493038378505
15688,5824.493038378505
14832,7087.771101712612
13976,6457.884236499017
13120,6266.718433726292
12264,6311.2186903246475
11408,6311.2186903246475
10552,5874.239714801979
9696,5874.239714801979
8840,5586.811979137032
7984,5507.507798361256
7128,5509.4784820484765
6272,5509.4784820484765
5416,5624.645663064422
4560,5824.493038378505
3704,5824.493038378505
2848,6596.970564912406
1992,6358.810595697084
1136,6176.534469215194
280,6174.945425128112
40513,5526.082450389278
39657,5526.082450389278
38801,6765.624322782398
37945,6333.487443201429
37089,6093.988692141292
36233,6088.463965610971
35377,6088.463965610971
34521,5456.377282047299
33665,5456.377282047299
32809,5212.84026148465
31953,5142.523558327204
31097,5115.495256628025
30241,5115.495256628025
29385,5291.253840287726
28529,5410.923985931708
27673,5410.923985931708
26817,6562.6818986612625
25961,6172.684372966875
25105,5969.103599896752
24249,5983.144252353436
23393,5983.144252353436
22537,5409.404084312901
21681,5409.404084312901
20825,5113.756269362588
19969,5098.373088650022
19113,5124.126335224994
18257,5152.802553329821
17401,5299.884918884695
16545,5431.808891998194
15689,5431.808891998194
14833,7199.057234560071
13977,6279.806808872267
13121,6067.336359511308
12265,6099.179246631474
11409,6099.179246631474
10553,5469.721998115159
9697,5469.721998115159
8841,5299.730304890192
7985,5204.715303453254
7129,5206.685987140474
6273,5206.685987140474
5417,5299.884918884695
4561,5431.808891998194
3705,5431.808891998194
2849,6584.195042003473
1993,6192.566738376842
1137,5988.985965306719
281,5974.739551741447
40514,6225.132384406804
39658,6225.132384406804
38802,7358.0936641627795
37946,6976.181333548884
37090,6793.926256453699
36234,6794.194460756606
35378,6794.194460756606
34522,6159.935832588996
33666,6159.935832588996
32810,5870.798725861396
31954,5792.242406250931
31098,5765.214104551752
30242,5765.214104551752
29386,5970.490578752839
28530,6107.336576102362
27674,6107.336576102362
26818,7155.684527963511
25962,6808.232302943287
25106,6661.895203838117
24250,6681.728787128028
23394,6681.728787128028
22538,6105.816674483556
21682,6105.816674483556
20826,5764.568773368291
19970,5751.708898654384
19114,5777.462145229357
18258,5806.138363334184
17402,5982.738619430444
16546,6128.2214821688485
15690,6128.2214821688485
14834,7644.81502101286
13978,6908.311073738757
13122,6753.084298342751
12266,6790.720116296144
11410,6790.720116296144
10554,6173.280548656857
9698,6173.280548656857
8842,5929.827714692308
7986,5840.520985686612
7130,5842.491669373832
6274,5842.491669373832
5418,5970.223441584848
4562,6128.2214821688485
3706,6128.2214821688485
2850,7163.008045824757
1994,6828.114668353254
1138,6681.777569248084
282,6673.324086516039
40515,6954.67385181531
39659,6954.67385181531
38803,8419.989933705727
37947,7938.301400876045
37091,7707.617114676404
36235,7702.092388146083
35379,7702.092388146083
34523,6884.96868347333
33667,6884.96868347333
32811,6619.127614226105
31955,6564.910380742042
31099,6537.8820790428645
30243,6537.8820790428645
29387,6729.497757048131
28531,6832.3694269866955
27675,6832.3694269866955
26819,8200.919905363153
25963,7770.352370270448
25107,7575.586062060821
24251,7589.626714517505
23395,7589.626714517505
22539,6830.84952536789
21683,6830.84952536789
20827,6512.897661733001
19971,6520.759911064861
19115,6546.5131576398335
18259,6575.1893757446605
17403,6738.1288356451
16547,6853.254333053183
15691,6853.254333053183
14835,8773.161791588973
13979,7884.620766546882
13123,7680.96478204642
12267,7712.807669166586
11411,7712.807669166586
10555,6898.31339954119
9699,6898.31339954119
8843,6706.017657631648
7987,6634.248086239136
7131,6636.218769926355
6275,6636.218769926355
5419,6738.1288356451
4563,6853.254333053183
3707,6853.254333053183
2851,8208.243423224398
1995,7790.234735680415
1139,7595.468427470788
283,7581.222013905516
40516,6430.213282305547
39660,6430.213282305547
38804,7437.643864232158
37948,7150.5448758122875
37092,6979.062663322012
36236,6966.541205801554
35380,6966.541205801554
34524,6378.380343601309
33668,6378.380343601309
32812,6073.6462381615265
31956,6000.25882018267
31100,5973.230518483491
30244,5973.230518483491
29388,6178.506992684578
28532,6330.949988746283
27676,6330.949988746283
26820,7240.403629664498
25964,6987.764746838299
25108,6852.200512338038
24252,6859.244433804584
23396,6859.244433804584
22540,6317.239300913246
21684,6317.239300913246
20828,5972.58518730003
19972,5959.725312586123
19116,5985.478559161096
18260,6014.154777265923
17404,6190.755033362183
16548,6339.644108598538
15692,6339.644108598538
14836,7728.725829214835
13980,7096.864241483125
13124,6952.410330692028
12268,6977.256486822056
11412,6977.256486822056
10556,6376.128060956988
9700,6376.128060956988
8844,6132.675226992439
7988,6043.368497986743
7132,6045.339181673963
6276,6045.339181673963
5420,6178.239855516587
4564,6336.237896100588
3708,6336.237896100588
2852,7247.727147525744
1996,7007.647112248266
1140,6872.082877748005
284,6850.839733192595
40517,6983.345953811067
39661,6983.345953811067
38805,8429.302195612889
37949,8016.833338490947
37093,7804.702024653542
36237,7786.387636299857
35381,7786.387636299857
34525,6913.640785469088
33669,6913.640785469088
32813,6631.416869436741
31957,6566.82463068458
31101,6503.7941669814545
30245,6503.7941669814545
29389,6731.628216334789
28533,6865.973308325425
27677,6865.973308325425
26821,8200.974321132315
25965,7839.626461747357
25109,7663.413125899966
24253,7636.37705051133
23397,7636.37705051133
22541,6864.453406706619
21685,6864.453406706619
20829,6503.122354064309
19973,6502.479747298318
19117,6528.232993873291
18261,6572.985804200338
17405,6756.067043226625
16549,6886.858214391911
15693,6886.858214391911
14837,9077.763544771333
13981,7948.96307868082
13125,7763.860066542594
12269,7782.913291839395
11413,7782.913291839395
10557,6926.9855015369485
9701,6926.9855015369485
8845,6707.387162842205
7989,6627.112735351842
7133,6629.083419039062
6277,6629.083419039062
5421,6752.450081145989
4565,6886.858214391911
3709,6886.858214391911
2853,8222.487464474527
1997,7873.6984526382885
1141,7697.485116790897
285,7670.449041402261
40518,7321.493672198192
39662,7321.493672198192
38806,8264.500774624687
37950,7875.4998286685795
37094,7629.938286973944
36238,7649.860591745178
35382,7649.860591745178
34526,7272.55088179907
33670,7272.55088179907
32814,6676.26505482225
31958,6589.0241871002645
31102,6561.995885401086
30246,6561.995885401086
29390,6898.741660592916
28534,7210.332236034
27678,7210.332236034
26822,8053.374674878772
25966,7697.931408784546
25110,7488.287845079924
24254,7527.775528838163
23398,7527.775528838163
22542,7196.621548200962
21686,7196.621548200962
20830,6560.415713050708
19974,6544.873717423082
19118,6570.626963998055
18262,6599.303182102882
17406,6907.372739189885
16550,7219.026355886254
15694,7219.026355886254
14838,8596.278581517645
13982,7821.819194339417
13126,7603.28595434396
12270,7660.57587276568
11414,7660.57587276568
10558,7270.298599154749
9702,7270.298599154749
8846,6735.294043653163
7990,6643.305193733747
7134,6645.275877420967
6278,6645.275877420967
5422,6898.474523424925
4566,7215.620143388304
3710,7215.620143388304
2854,8060.6981927400175
1998,7717.813774194513
1142,7508.170210489891
286,7519.370828226174
40519,7048.906862212763
39663,7048.906862212763
38807,8123.067724990161
37951,7799.433191663209
37095,7581.239087191304
36239,7588.371730139173
35383,7588.371730139173
34527,6983.710310394956
33671,6983.710310394956
32815,6597.314778931919
31959,6514.032965097956
31103,6434.061196820278
30247,6434.061196820278
29391,6716.598677396105
28535,6921.491664629885
27679,6921.491664629885
26823,7897.7519997632835
25967,7607.675146298211
25111,7425.39901981632
24255,7423.809975729238
23399,7423.809975729238
22543,6919.971763011079
21687,6919.971763011079
20831,6437.527790363528
19975,6432.746777137142
19119,6458.500023712115
18263,6503.252834039162
17407,6741.037504287941
16551,6942.376570696371
15695,6942.376570696371
14839,8770.70912651449
13983,7731.562931853082
13127,7540.397129080356
12271,7584.8973856787115
11415,7584.8973856787115
10559,6997.055026462816
9703,6997.055026462816
8847,6656.343767762832
7991,6571.930933812074
7135,6573.901617499294
6279,6573.901617499294
5423,6737.4205422073055
4567,6942.376570696371
3711,6942.376570696371
2855,7919.265143105494
1999,7641.747137189142
1143,7459.4710107072515
287,7457.88196662017
40520,7066.941561637163
39664,7066.941561637163
38808,8340.05269572346
37952,8021.526815571485
37096,7803.3327110995815
36240,7801.900005818032
35384,7801.900005818032
34528,6997.236393295184
33672,6997.236393295184
32816,6725.695740838329
31960,6662.073748800755
31104,6635.045447101576
30248,6635.045447101576
29392,6830.885879881589
28536,6949.568916151521
27680,6949.568916151521
26824,8143.47776459895
25968,7858.509564308859
25112,7676.23343782697
24256,7694.366111532425
23400,7694.366111532425
22544,6948.049014532715
21688,6948.049014532715
20832,6624.397567688195
19976,6621.5402412042085
19120,6647.293487779181
18264,6675.969705884008
17408,6843.133920559194
16552,6970.453822218007
15696,6970.453822218007
14840,9005.941623308323
13984,7967.846181242322
13128,7776.680378469598
12272,7812.615286838534
11416,7812.615286838534
10560,7010.581109363045
9704,7010.581109363045
8848,6812.585784243871
7992,6730.096637035513
7136,6732.067320722733
6280,6732.067320722733
5424,6839.516958478558
4568,6970.453822218007
3712,6970.453822218007
2856,8150.801282460196
2000,7878.391929718826
1144,7696.115803236937
288,7685.961410920436
40521,4912.1598247870115
39665,4912.1598247870115
38809,6288.278065022575
37953,5849.820559569338
37097,5619.136273369697
36241,5613.611546839376
35385,5613.611546839376
34529,4846.963272969204
33673,4846.963272969204
32817,4682.796573594546
31961,4624.962378029848
31105,4597.934076330668
30249,4597.934076330668
29393,4731.474171557928
28537,4794.364016482571
27681,4794.364016482571
26825,6078.189680530397
25969,5681.871528963741
25113,5487.105220754114
24257,5501.1458732107985
23401,5501.1458732107985
22545,4792.844114863764
21689,4792.844114863764
20833,4576.56662110144
19977,4584.4288704333
19121,4610.182117008273
18265,4638.8583351131
17409,4743.722212235532
16553,4815.248922549056
15697,4815.248922549056
14841,6680.755044415246
13985,5781.950299759211
13129,5578.294315258749
12273,5610.1372023789145
11417,5610.1372023789145
10561,4860.307989037065
9705,4860.307989037065
8849,4741.825562425458
7993,4673.240957465529
7137,4675.211641152749
6281,4675.211641152749
5425,4731.207034389937
4569,4815.248922549056
3713,4815.248922549056
2857,6085.513198391643
2001,5701.753894373708
1145,5506.987586164081
289,5492.7411725988095
40522,5174.478935951026
39666,5174.478935951026
38810,5972.912209579142
37954,5602.496664509815
37098,5420.24158741463
36242,5420.509791717535
35386,5420.509791717535
34530,5109.282384133219
33674,5109.282384133219
32818,4873.428800440656
31962,4730.75509785307
31106,4650.783329575392
30250,4650.783329575392
29394,4834.630745340748
28538,5056.6831276465855
27682,5056.6831276465855
26826,5765.295091749305
25970,5420.358008423253
25114,5274.020909318082
24258,5265.567426586038
23402,5265.567426586038
22546,5055.163226027779
21690,5055.163226027779
20834,4723.261201150701
19978,4649.468909892255
19122,4675.222156467228
18266,4719.974966794275
17410,4859.0695722325845
16554,5077.568033713072
15698,5077.568033713072
14842,6214.901481306361
13986,5534.626404699688
13130,5379.399629303682
12274,5417.035447257074
11418,5417.035447257074
10562,5122.627100201079
9706,5122.627100201079
8850,4932.457789271569
7994,4779.03367728875
7138,4781.004360975971
6282,4781.004360975971
5426,4855.452610151949
4570,5077.568033713072
3714,5077.568033713072
2858,5786.8082350915165
2002,5454.429999314185
1146,5308.092900209014
290,5299.639417476968
40523,5714.159696331787
39667,5714.159696331787
38811,6870.553786409793
37955,6388.915565173414
37099,6208.618887822642
36243,6196.097430302183
35387,6196.097430302183
34531,5665.216905932664
33675,5665.216905932664
32819,5367.395991188136
31963,5174.69170240406
31107,5147.6634007048815
30251,5147.6634007048815
29395,5360.584290033461
28539,5612.617649446031
27683,5612.617649446031
26827,6668.144650210524
25971,6220.966534567818
25115,6076.587835207059
24259,6083.631756673606
23403,6083.631756673606
22547,5598.906961612993
21691,5598.906961612993
20835,5261.166038695032
19979,5134.158194807514
19123,5159.911441382486
18267,5188.587659487313
17411,5372.832330711066
16555,5621.311769298285
15699,5621.311769298285
14843,7215.762872940117
13987,6335.234930844251
13131,6181.966555192658
12275,6192.623085841722
11419,6192.623085841722
10563,5662.964623288344
9707,5662.964623288344
8851,5443.3662845936
7995,5239.911586414294
7139,5241.882270101513
6283,5241.882270101513
5427,5360.31715286547
4571,5617.905556800335
3715,5617.905556800335
2859,6675.46816807177
2003,6240.848899977784
1147,6096.470200617026
291,6075.227056061616
40524,5568.957687979152
39668,5568.957687979152
38812,6519.6210082533835
37956,6213.110749805418
37100,5975.329315868107
36244,5995.251620639341
35388,5995.251620639341
34532,5496.362371332056
33676,5496.362371332056
32820,5147.269633899
31964,5100.840365859682
31108,5037.809902156556
30252,5037.809902156556
29396,5249.962626527899
28540,5439.312627198594
27684,5439.312627198594
26828,6308.455828508512
25972,6026.521606072029
25116,5824.658150124732
24260,5835.858767861015
23404,5835.858767861015
22548,5437.792725579788
21692,5437.792725579788
20836,5009.592851536769
19980,5036.4954824734195
19124,5062.248729048392
18268,5107.001539375439
17412,5274.401453419736
16556,5460.19753326508
15700,5460.19753326508
14844,6774.937136244464
13988,6145.240489995291
13132,5934.487357757159
12276,5991.777276178879
11420,5991.777276178879
10564,5509.707087399916
9708,5509.707087399916
8852,5223.239927304464
7996,5170.510737516743
7140,5172.481421203963
6284,5172.481421203963
5428,5270.7844913391
4572,5460.19753326508
3716,5460.19753326508
2860,6329.9689718507225
2004,6060.59359696296
1148,5858.730141015663
292,5869.930758751946
40525,4873.184982820808
39669,4873.184982820808
38813,5665.7971771183475
37957,5466.648291257478
37101,5271.812622035756
36245,5290.577816898356
35389,5290.577816898356
34533,4824.242192421686
33677,4824.242192421686
32821,4629.920888512101
31965,4583.048213064672
31109,4556.0199113654935
30253,4556.0199113654935
29397,4689.560006592752
28541,4771.642935935052
27685,4771.642935935052
26829,5485.895114514779
25973,5298.699260651882
25117,5139.781569420174
24261,5178.112143269778
23405,5178.112143269778
22549,4757.9322481020145
21693,4757.9322481020145
20837,4523.690936018996
19981,4542.514705468126
19125,4568.267952043098
18269,4596.944170147925
17413,4701.808047270357
16557,4780.337055787307
15701,4780.337055787307
14845,5910.155741776631
13989,5412.967656928316
13133,5245.160289405772
12277,5301.293097918859
11421,5301.293097918859
10565,4821.989909777365
9709,4821.989909777365
8853,4688.949877343013
7997,4631.326792500354
7141,4633.297476187574
6285,4633.297476187574
5429,4689.292869424761
4573,4776.930843289357
3717,4776.930843289357
2861,5493.218632376025
2005,5318.5816260618485
1149,5159.6639348301405
293,5169.707442657789
40526,6366.145034177264
39670,6366.145034177264
38814,7521.784415841137
37958,7185.977807941405
37102,7005.681130590633
36246,6993.159673070175
35390,6993.159673070175
34534,6296.439865835285
33678,6296.439865835285
32822,6014.215949802938
31966,5967.3432743555095
31110,5940.314972656331
30254,5940.314972656331
29398,6153.235861984909
28542,6243.840609348651
27686,6243.840609348651
26830,7319.3752796418685
25974,7018.028777335809
25118,6873.65007797505
24262,6880.693999441597
23406,6880.693999441597
22550,6242.320707729845
21694,6242.320707729845
20838,5907.985997309833
19982,5926.809766758963
19126,5952.5630133339355
18270,5981.2392314387625
17414,6165.483902662514
16558,6264.725515415137
15702,6264.725515415137
14846,7787.070962345389
13990,7132.297173612243
13134,6979.028797960649
12278,7003.874954090677
11422,7003.874954090677
10566,6309.784581903145
9710,6309.784581903145
8854,6101.10599320848
7998,6040.297941933238
7142,6042.268625620458
6286,6042.268625620458
5430,6161.866940581878
4574,6264.725515415137
3718,6264.725515415137
2862,7340.888422984079
2006,7037.911142745776
1150,6893.532443385017
294,6872.289298829608
40527,6559.048648706197
39671,6559.048648706197
38815,7868.617935277462
37959,7534.373247087723
37103,7288.811705393087
36247,7308.734010164321
35391,7308.734010164321
34535,6486.453332059101
33679,6486.453332059101
32823,6228.573475798065
31967,6184.187581068526
31111,6104.215812790849
30255,6104.215812790849
29399,6318.249913974349
28543,6439.022977204076
27687,6439.022977204076
26831,7658.0905009606295
25975,7357.40349263277
25119,7147.759928928149
24263,7158.960546664432
23407,7158.960546664432
22551,6437.5030755852695
21695,6437.5030755852695
20839,6083.5747781397195
19983,6102.9013931077125
19127,6128.654639682685
18271,6173.407450009732
17415,6342.688740866185
16559,6459.907883270562
15703,6459.907883270562
14847,8508.824905965139
13991,7466.502987277596
13135,7247.969747282139
12279,7305.259665703859
11423,7305.259665703859
10567,6499.7980481269615
9711,6499.7980481269615
8855,6287.602464628978
7999,6227.297258872599
7143,6229.267942559819
6287,6229.267942559819
5431,6339.071778785549
4575,6459.907883270562
3719,6459.907883270562
2863,7679.60364430284
2007,7391.475483523702
1151,7181.83191981908
295,7193.032537555363
40528,4720.152299715218
39672,4720.152299715218
38816,5984.184462337938
37960,5693.170801524644
37104,5438.794794969512
36248,5458.717099740746
35392,5458.717099740746
34536,4650.447131373238
33680,4650.447131373238
32824,4486.558208114683
31968,4437.702417785567
31112,4381.118908421452
30256,4381.118908421452
29400,4537.454800407034
28544,4604.993835257647
27688,4604.993835257647
26832,5784.615730610938
25976,5518.178105809126
25120,5299.720077244007
24264,5310.92069498029
23408,5310.92069498029
22552,4603.473933638841
21696,4603.473933638841
20840,4360.477873770323
19984,4379.804488738316
19128,4405.5577353132885
18272,4450.3105456403355
17416,4561.89362729887
16560,4625.878741324133
15704,4625.878741324133
14848,6299.129098070747
13992,5625.300541714517
13136,5397.952836858563
12280,5455.242755280284
11424,5455.242755280284
10568,4663.791847441099
9712,4663.791847441099
8856,4562.528501520147
8000,4502.223295763768
7144,4504.193979450988
6288,4504.193979450988
5432,4558.2766652182345
4576,4625.878741324133
3720,4625.878741324133
2864,5806.128873953148
2008,5552.250096700057
1152,5333.792068134939
296,5344.9926858712215
40529,5413.163474709575
39673,5413.163474709575
38817,6377.857525965362
37961,6022.851744393295
37105,5831.782202437614
36249,5832.05040674052
35393,5832.05040674052
34537,5343.4583063675955
33681,5343.4583063675955
32825,5114.517913370286
31969,5067.645237922858
31113,5004.614774219732
30257,5004.614774219732
29401,5179.1653005380285
28545,5290.859049880962
27689,5290.859049880962
26833,6170.240408135526
25977,5840.713088306734
25121,5685.561524341067
24265,5677.108041609022
23409,5677.108041609022
22553,5289.3391482621555
21697,5289.3391482621555
20841,4981.291618654883
19985,5003.3003545365955
19129,5029.053601111568
18273,5073.806411438615
17417,5203.604127429865
16561,5311.743955947448
15705,5311.743955947448
14849,6602.906760053842
13993,5954.981484583168
13137,5790.940244326665
12281,5828.576062280058
11425,5828.576062280058
10569,5356.803022435456
9713,5356.803022435456
8857,5190.48820677575
8001,5132.86512193309
7145,5134.835805620311
6289,5134.835805620311
5433,5199.987165349229
4577,5311.743955947448
3721,5311.743955947448
2865,6191.753551477736
2009,5874.785079197665
1153,5719.633515231998
297,5711.180032499953
40530,5493.799104610884
39674,5493.799104610884
38818,6201.318207153492
37962,5974.365908331287
37106,5802.883695841012
36250,5790.362238320554
35394,5790.362238320554
34538,5428.602552793076
33682,5428.602552793076
32826,5192.748969100513
31970,5131.108311711269
31114,5104.0800100120905
30258,5104.0800100120905
29402,5256.07296117814
28546,5376.003296306442
27690,5376.003296306442
26834,6007.890714804621
25978,5806.41687772569
25122,5670.852643225429
24266,5677.896564691976
23410,5677.896564691976
22554,5374.483394687636
21698,5374.483394687636
20842,5086.519016607408
19986,5090.574804114723
19130,5116.328050689695
18274,5120.328180652476
17418,5259.422786090785
16562,5396.888202372928
15706,5396.888202372928
14850,6481.596895968429
13994,5906.49564852116
13138,5762.041737730064
12282,5786.887893860092
11426,5786.887893860092
10570,5441.947268860937
9714,5441.947268860937
8858,5251.777957931426
8002,5179.386891146951
7146,5181.357574834171
6290,5181.357574834171
5434,5255.805824010149
4578,5396.888202372928
3722,5396.888202372928
2866,6015.214232665867
2010,5826.299243135657
1154,5690.735008635396
298,5669.491864079987
40531,4835.22658489043
39675,4835.22658489043
38819,6100.779270024576
37963,5783.627575118793
37107,5529.251568563661
36251,5549.173873334895
35395,5549.173873334895
34539,4762.631268243334
33683,4762.631268243334
32827,4608.416608011928
31971,4537.892679189899
31115,4474.8622154867735
30259,4474.8622154867735
29403,4621.523844445206
28547,4715.200913388308
27691,4715.200913388308
26835,5899.233479558142
25979,5606.6578206638405
25123,5388.199792098722
24267,5399.400409835005
23411,5399.400409835005
22555,4713.681011769502
21699,4713.681011769502
20843,4480.359214928133
19987,4473.547795803637
19131,4499.30104237861
18275,4544.053852705657
17419,4645.962671337043
16563,4736.085819454795
15707,4736.085819454795
14851,6488.078801313801
13995,5715.757315308666
13139,5488.4096104527125
12283,5545.699528874433
11427,5545.699528874433
10571,4775.975984311194
9715,4775.975984311194
8859,4684.3869014173915
8003,4597.943661568524
7147,4599.914345255744
6291,4599.914345255744
5435,4642.345709256407
4579,4736.085819454795
3723,4736.085819454795
2867,5920.746622900352
2011,5640.729811554772
1155,5422.271782989654
299,5433.4724007259365
40532,5413.163474709575
39676,5413.163474709575
38820,6377.857525965362
37964,5996.713710300806
37108,5805.644168345125
36252,5805.912372648031
35396,5805.912372648031
34540,5343.4583063675955
33684,5343.4583063675955
32828,5114.517913370286
31972,5041.507203830369
31116,4978.476740127243
30260,4978.476740127243
29404,5153.02726644554
28548,5290.859049880962
27692,5290.859049880962
26836,6170.240408135526
25980,5814.575054214245
25124,5659.423490248578
24268,5650.970007516533
23412,5650.970007516533
22556,5289.3391482621555
21700,5289.3391482621555
20844,4981.291618654883
19988,4977.162320444107
19132,5002.915567019079
18276,5047.668377346126
17420,5177.466093337376
16564,5311.743955947448
15708,5311.743955947448
14852,6602.906760053842
13996,5928.843450490679
13140,5764.8022102341765
12284,5802.438028187569
11428,5802.438028187569
10572,5356.803022435456
9716,5356.803022435456
8860,5190.48820677575
8004,5106.727087840602
7148,5108.697771527822
6292,5108.697771527822
5436,5173.84913125674
4580,5311.743955947448
3724,5311.743955947448
2868,6191.753551477736
2012,5848.647045105176
1156,5693.495481139509
300,5685.041998407464
40533,6410.033943803381
39677,6410.033943803381
38821,7484.5677389483935
37965,7122.623096956173
37109,6951.140884465897
36253,6938.619426945439
35397,6938.619426945439
34541,6340.328775461401
33685,6340.328775461401
32829,6065.749274556546
31973,5992.738565016629
31117,5912.766796738952
30261,5912.766796738952
29405,6149.897735539345
28549,6287.729518974767
27693,6287.729518974767
26837,7267.96897726816
25981,6940.484440869612
25125,6804.92020636935
24269,6783.677061813941
23413,6783.677061813941
22557,6286.209617355961
21701,6286.209617355961
20845,5915.581675266591
19989,5911.452377055815
19133,5937.205623630788
18277,5981.958433957835
17421,6174.336562431182
16565,6308.6144250412535
15709,6308.6144250412535
14853,7763.323034279698
13997,7054.752837146046
13141,6910.298926354949
12285,6935.145082484977
11429,6935.145082484977
10573,6353.673491529262
9717,6353.673491529262
8861,6124.7782633874585
8005,6041.01714445231
7149,6042.98782813953
6293,6042.98782813953
5437,6170.719600350546
4581,6308.6144250412535
3725,6308.6144250412535
2869,7289.482120610371
2013,6974.556431760543
1157,6838.9921972602815
301,6817.749052704872
40534,6621.174513790516
39678,6621.174513790516
38822,7777.568603868523
37966,7413.653411500673
37110,7233.356734149901
36254,7220.835276629443
35398,7220.835276629443
34542,6572.231723391395
33686,6572.231723391395
32830,6274.410808646865
31974,6204.361328074291
31118,6177.333026375112
30262,6177.333026375112
29406,6390.253915703692
28550,6524.564246247732
27694,6524.564246247732
26838,7580.091247012225
25982,7250.6361602380475
25126,7106.257460877289
24270,7113.301382343836
23414,7113.301382343836
22558,6510.853558414694
21702,6510.853558414694
20846,6173.112635496731
19990,6163.827820477744
19134,6189.581067052717
18278,6218.257285157544
17422,6402.501956381297
16566,6533.258366099986
15710,6533.258366099986
14854,8058.589163694028
13998,7359.972777171511
13142,7206.704401519917
12286,7231.550557649945
11430,7231.550557649945
10574,6569.979440747074
9718,6569.979440747074
8862,6350.381102052329
8006,6264.649432741553
7150,6266.620116428773
6294,6266.620116428773
5438,6389.986778535701
4582,6529.852153602036
3726,6529.852153602036
2870,7587.414764873471
2014,7270.5185256480145
1158,7126.139826287256
302,7104.896681731847
40535,5228.0063513951345
39679,5228.0063513951345
38823,6104.779186314622
37967,5808.666438681249
37111,5617.596896725568
36255,5617.865101028474
35399,5617.865101028474
34543,5155.411034748038
33687,5155.411034748038
32831,4926.470641750729
31975,4858.62883384242
31119,4795.598370139294
30263,4795.598370139294
29407,4970.148896457591
28551,5107.980679893013
27695,5107.980679893013
26839,5902.330970116395
25983,5631.696684226296
25127,5476.545120260629
24271,5468.091637528584
23415,5468.091637528584
22559,5106.460778274207
21703,5106.460778274207
20847,4798.413248666934
19991,4794.283950456158
19135,4820.037197031131
18279,4864.790007358178
17423,4994.5877233494275
16567,5128.865585959499
15711,5128.865585959499
14855,6361.624771566907
13999,5740.796178871122
13143,5576.754938614619
12287,5614.390756568012
11431,5614.390756568012
10575,5168.755750815899
9719,5168.755750815899
8863,5002.440935156193
8007,4918.679816221044
7151,4920.6504999082645
6295,4920.6504999082645
5439,4990.970761268792
4583,5128.865585959499
3727,5128.865585959499
2871,5923.8441134586055
2015,5665.768675117228
1159,5510.6171111515605
303,5502.163628419516
40536,4738.787385896586
39680,4738.787385896586
38824,5919.584075153134
37968,5602.432380247351
37112,5356.870838552715
36256,5376.793143323949
35400,5376.793143323949
34544,4669.082217554606
33688,4669.082217554606
32832,4507.954366627947
31976,4432.26153617431
31120,4352.289767896633
30264,4352.289767896633
29408,4508.248286302125
28552,4616.482961067973
27696,4616.482961067973
26840,5712.869383055091
25984,5420.29372416079
25128,5210.650160456168
24272,5221.850778192451
23416,5221.850778192451
22560,4614.963059449166
21704,4614.963059449166
20848,4357.786767337992
19992,4350.9753482134965
19136,4376.728594788469
18280,4421.481405115516
17424,4532.6871131939615
16568,4637.367867134459
15712,4637.367867134459
14856,6344.69630822388
14000,5534.562120437224
13144,5316.028880441767
12288,5373.318798863487
11432,5373.318798863487
10576,4682.426933622467
9720,4682.426933622467
8864,4566.9833554588595
8008,4480.5401156099915
7152,4482.510799297212
6296,4482.510799297212
5440,4529.070151113326
4584,4637.367867134459
3728,4637.367867134459
2872,5734.382526397301
2016,5454.365715051721
1160,5244.7221513470995
304,5255.922769083382
40537,5223.304846533438
39681,5223.304846533438
38825,6071.055874670678
37969,5846.404918933533
37113,5629.296843339556
36257,5659.338584516281
35401,5659.338584516281
34545,5153.599678191458
33689,5153.599678191458
32833,4949.00334496546
31977,4876.691641457575
31121,4849.663339758396
30265,4849.663339758396
29409,4985.006407646562
28553,5108.146382075867
27697,5108.146382075867
26841,5898.299772438153
25985,5685.601848698979
25129,5504.411751095016
24273,5554.018871258746
23417,5554.018871258746
22561,5106.626480457061
21705,5106.626480457061
20849,4849.919352843398
19993,4836.158133861029
19137,4861.911380436001
18281,4890.587598540828
17425,4997.254448324167
16569,5129.031288142353
15713,5129.031288142353
14857,6745.382482731664
14001,5778.534659123406
13145,5588.454885228608
12289,5655.864240055819
11433,5655.864240055819
10577,5166.944394259319
9721,5166.944394259319
8865,5008.032333796373
8009,4924.2712148612245
7153,4926.241898548445
6297,4926.241898548445
5441,4984.739270478572
4585,5129.031288142353
3729,5129.031288142353
2873,5905.623290299399
2017,5705.484214108946
1161,5524.294116504983
305,5545.614170646757
40538,5976.787522465343
39682,5976.787522465343
38826,7136.783749592485
37970,6781.090563348521
37114,6568.959249511115
36258,6550.64486115743
35402,6550.64486115743
34546,5911.590970647535
33690,5911.590970647535
32834,5690.810990499896
31978,5615.11816004626
31122,5588.089858347081
30266,5588.089858347081
29410,5747.727224640622
28554,5858.991714160901
27698,5858.991714160901
26842,6944.258682975406
25986,6613.141532742924
25130,6436.928196895532
24274,6438.179187528852
23418,6438.179187528852
22562,5857.471812542095
21706,5857.471812542095
20850,5584.5810380067915
19994,5574.584652449713
19138,5600.337899024686
18282,5629.014117129513
17426,5759.975265318227
16570,5879.876620227387
15714,5879.876620227387
14858,7819.078350643421
14002,6727.409929019358
13146,6542.306916881131
12290,6561.360142177932
11434,6561.360142177932
10578,5924.935686715396
9722,5924.935686715396
8866,5777.701033905439
8010,5688.072827623988
7154,5690.043511311208
6298,5690.043511311208
5442,5756.358303237591
4586,5879.876620227387
3730,5879.876620227387
2874,6965.771826317617
2018,6633.023898152891
1162,6456.810562305499
306,6429.774486916863
40539,5469.315830618632
39683,5469.315830618632
38827,6235.118264535333
37971,5996.795913562454
37115,5816.499236211683
36259,5803.977778691225
35403,5803.977778691225
34547,5396.720513971536
33691,5396.720513971536
32835,5167.7801209742265
31979,5099.938313065918
31123,5036.907849362792
30267,5036.907849362792
29411,5211.458375681089
28555,5349.290159116511
27699,5349.290159116511
26843,6032.670048337106
25987,5819.826159107502
25131,5675.447459746744
24275,5654.204315191335
23419,5654.204315191335
22563,5347.770257497705
21707,5347.770257497705
20851,5039.722727890432
19995,5035.593429679656
19139,5061.346676254629
18283,5106.099486581676
17427,5235.897202572925
16571,5370.175065182997
15715,5370.175065182997
14859,6501.647889306959
14003,5928.925653752327
13147,5775.657278100734
12291,5800.503434230763
11435,5800.503434230763
10579,5410.065230039397
9723,5410.065230039397
8867,5243.7504143796905
8011,5159.989295444542
7155,5161.959979131762
6299,5161.959979131762
5443,5232.2802404922895
4587,5370.175065182997
3731,5370.175065182997
2875,6054.183191679316
2019,5853.898149998433
1163,5709.519450637676
307,5688.276306082266
40540,5242.322070107871
39684,5242.322070107871
38828,6257.906366663948
37972,5948.330687726822
37116,5719.363718650008
36260,5739.286023421242
35404,5739.286023421242
34548,5172.616901765891
33692,5172.616901765891
32836,4968.020568539893
31980,4899.903754054914
31124,4872.875452355735
30268,4872.875452355735
29412,5001.771565904891
28556,5120.0176452792575
27700,5120.0176452792575
26844,6065.381300046869
25988,5780.3816571212255
25132,5587.3326660344255
24276,5626.820349792664
23420,5626.820349792664
22564,5118.497743660451
21708,5118.497743660451
20852,4861.790616046788
19996,4859.370246458368
19140,4885.12349303334
18284,4913.799711138167
17428,5014.019606582496
16572,5140.902551345744
15716,5140.902551345744
14860,6571.515723148147
14004,5894.65005339766
13148,5692.711386020024
12292,5750.001304441745
11436,5750.001304441745
10580,5185.961617833752
9724,5185.961617833752
8868,5054.910611945435
8012,4972.858421632643
7156,4974.829105319863
6300,4974.829105319863
5444,5010.40264450186
4588,5140.902551345744
3732,5140.902551345744
2876,6072.704817908115
2020,5800.2640225311925
1164,5607.2150314443925
308,5618.415649180675
40541,5138.478741315012
39685,5138.478741315012
38829,6395.063330757457
37973,6012.228377424985
37117,5772.729626364848
36261,5767.204899834527
35405,5767.204899834527
34549,5068.773572973032
33693,5068.773572973032
32837,4861.654389021214
31981,4793.537574536235
31125,4730.507110833109
30269,4730.507110833109
29413,4891.3968409555855
28557,5016.174316486398
27701,5016.174316486398
26845,6188.348638659414
25989,5830.089721338424
25133,5626.508948268301
24277,5612.262534703029
23421,5612.262534703029
22565,5014.654414867592
21709,5014.654414867592
20853,4728.428094305811
19997,4729.192691149973
19141,4754.945937724946
18285,4799.698748051993
17429,4915.835667847422
16573,5037.059222552884
15717,5037.059222552884
14861,7052.614988229033
14005,5944.358117614858
13149,5731.887668253899
12293,5763.730555374065
11437,5763.730555374065
10581,5082.118289040893
9725,5082.118289040893
8869,4937.624682426678
8013,4858.757458546468
7157,4860.728142233688
6301,4860.728142233688
5445,4912.218705766786
4589,5037.059222552884
3733,5037.059222552884
2877,6209.861782001624
2021,5864.1617122293555
1165,5660.580939159232
309,5646.33452559396
40542,6957.636463790537
39686,6957.636463790537
38830,8196.66898942266
37974,7883.688719341237
37118,7665.494614869332
36262,7672.627257817201
35406,7672.627257817201
34550,6887.931295448558
33694,6887.931295448558
32838,6630.948248814447
31982,6572.871866847421
31126,6545.843565148242
30270,6545.843565148242
29414,6741.683997928256
28558,6840.263818304895
27702,6840.263818304895
26846,8000.094058298153
25990,7720.671468078611
25134,7538.39534159672
24278,7565.093363531594
23422,7565.093363531594
22566,6838.743916686089
21710,6838.743916686089
20854,6529.650075664313
19998,6532.338359250874
19142,6558.091605825847
18286,6586.767823930674
17430,6753.932038605861
16574,6861.148724371381
15718,6861.148724371381
14862,8527.89099796053
14006,7830.008085012074
13150,7638.842282239348
12294,7683.342538837704
11438,7683.342538837704
10582,6901.276011516418
9726,6901.276011516418
8870,6689.977237645359
8014,6616.218666940132
7158,6618.189350627352
6302,6618.189350627352
5446,6741.416860760265
4590,6861.148724371381
3734,6861.148724371381
2878,8007.417576159399
2022,7740.553833488578
1166,7558.277707006687
310,7556.688662919605
40543,5726.433153195471
39687,5726.433153195471
38831,6881.920763798442
37975,6533.8035935231355
37119,6321.672279685729
36263,6303.357891332044
35407,6303.357891332044
34551,5656.727984853492
33695,5656.727984853492
32839,5435.948004705853
31983,5367.831190220874
31127,5340.802888521695
30271,5340.802888521695
29415,5500.440254815237
28559,5604.128728366858
27703,5604.128728366858
26847,6689.395697181363
25991,6365.854562917539
25135,6189.641227070147
24279,6190.8922177034665
23423,6190.8922177034665
22567,5602.608826748052
21711,5602.608826748052
20855,5329.718052212748
19999,5327.2976826243275
19143,5353.0509291993
18287,5381.727147304127
17431,5512.6882954928415
16575,5625.013634433344
15719,5625.013634433344
14863,7220.798590426069
14007,6480.122959193973
13151,6295.019947055745
12295,6314.073172352547
11439,6314.073172352547
10583,5670.072700921352
9727,5670.072700921352
8871,5522.838048111395
8015,5440.785857798603
7159,5442.756541485823
6303,5442.756541485823
5447,5509.071333412206
4591,5625.013634433344
3735,5625.013634433344
2879,6710.908840523573
2023,6385.736928327506
1167,6209.523592480114
311,6182.4875170914775
40544,5441.153110541498
39688,5441.153110541498
38832,6670.573968729974
37976,6267.055312822882
37120,6027.556561762744
36264,6022.031835232424
35408,6022.031835232424
34552,5371.447942199518
33696,5371.447942199518
32840,5141.57171783269
31984,5076.800624745792
31128,5049.772323046614
30272,5049.772323046614
29416,5211.870110510494
28560,5325.994646083927
27704,5325.994646083927
26848,6467.631544608838
25992,6106.252242588328
25136,5902.6714695182045
24280,5916.712121974889
23424,5916.712121974889
22568,5324.474744465121
21712,5324.474744465121
20856,5042.487725710628
20000,5032.65015506861
19144,5058.403401643583
18288,5087.07961974841
17432,5220.501189107463
16576,5346.8795521504135
15720,5346.8795521504135
14864,7114.366846451433
14008,6213.374678493719
13152,6000.9042291327605
12296,6032.747116252926
11440,6032.747116252926
10584,5384.792658267379
9728,5384.792658267379
8872,5228.461761238233
8016,5138.992369871842
7160,5140.963053559062
6304,5140.963053559062
5448,5220.501189107463
4592,5346.8795521504135
3736,5346.8795521504135
2880,6474.955062470084
2024,6126.134607998295
1168,5922.553834928171
312,5908.3074213629
40545,6173.563262145314
39689,6173.563262145314
38833,7316.849804706971
37977,7048.967821593381
37121,6831.8597459994035
36265,6870.4668354055475
35409,6870.4668354055475
34553,6124.620471746192
33697,6124.620471746192
32841,5847.458896773534
31985,5774.448187233617
31129,5747.419885534438
30273,5747.419885534438
29417,5948.042074959434
28561,6072.021215259559
27705,6072.021215259559
26849,7127.966098253005
25993,6881.018790987784
25137,6699.828693383821
24281,6758.00116177697
23425,6758.00116177697
22569,6058.310527426521
21713,6058.310527426521
20857,5741.2289442804295
20001,5733.914679637071
19145,5759.667926212043
18289,5788.34414431687
17433,5960.290115637039
16577,6080.715335111813
15721,6080.715335111813
14865,8018.006754262863
14009,6995.287187264218
13153,6805.20741336942
12297,6881.18211642605
11441,6881.18211642605
10585,6122.368189101871
9729,6122.368189101871
8873,5906.487885604447
8017,5822.726766669299
7161,5824.697450356519
6305,5824.697450356519
5449,5947.774937791443
4593,6077.309122613863
3737,6077.309122613863
2881,7135.289616114251
2025,6900.901156397751
1169,6719.711058793788
313,6749.596461164981
40546,4567.445937258039
39690,4567.445937258039
38834,5863.463176176708
37978,5553.887497239582
37122,5299.51149068445
36266,5310.868447226265
35410,5310.868447226265
34554,4502.249385440231
33698,4502.249385440231
32842,4338.360462181676
31986,4270.942653728729
31130,4214.359144364614
30274,4214.359144364614
29418,4370.695036350196
28562,4456.79608932464
27706,4456.79608932464
26850,5663.894444449707
25994,5378.894801524064
25138,5160.436772958946
24282,5163.072042465809
23426,5163.072042465809
22570,4455.276187705834
21714,4455.276187705834
20858,4212.280127837315
20002,4213.044724681477
19146,4238.79797125645
18290,4283.550781583497
17434,4395.133863242032
16578,4477.680995391126
15722,4477.680995391126
14866,6234.330918875689
14010,5486.017237429455
13154,5258.669532573502
12298,5307.394102765803
11442,5307.394102765803
10586,4515.594101508092
9730,4515.594101508092
8874,4414.33075558714
8018,4335.46353170693
7162,4337.43421539415
6306,4337.43421539415
5450,4391.516901161396
4594,4477.680995391126
3738,4477.680995391126
2882,5685.407587791918
2026,5412.966792414995
1170,5194.508763849877
314,5197.144033356741
40547,6618.795266926538
39691,6618.795266926538
38835,7709.507260801163
37979,7345.592068433315
37123,7174.109855943039
36267,7161.588398422581
35411,7161.588398422581
34555,6569.852476527416
33699,6569.852476527416
32843,6265.118371087634
31987,6195.06889051506
31131,6168.040588815881
30275,6168.040588815881
29419,6373.317063016968
28563,6522.184999383753
27707,6522.184999383753
26851,7512.0299039448655
25995,7182.574817170689
25139,7047.0105826704275
24283,7054.054504136974
23427,7054.054504136974
22571,6508.474311550715
21715,6508.474311550715
20859,6163.8201979375
20003,6154.535382918513
19147,6180.288629493486
18291,6208.964847598313
17435,6385.565103694573
16579,6530.879119236008
15723,6530.879119236008
14867,7985.202814365734
14011,7291.911434104152
13155,7147.457523313055
12299,7172.303679443084
11443,7172.303679443084
10587,6567.600193883095
9731,6567.600193883095
8875,6324.1473599185465
8019,6238.415690607771
7163,6240.386374294991
6307,6240.386374294991
5451,6373.049925848977
4595,6527.472906738058
3739,6527.472906738058
2883,7519.353421806111
2027,7202.457182580656
1171,7066.8929480803945
315,7045.649803524985
40548,7059.661897189457
39692,7059.661897189457
38836,8494.392273655918
37980,8052.96713395395
37124,7849.6502849770395
36268,7831.3358966233545
35412,7831.3358966233545
34556,6989.956728847477
33700,6989.956728847477
32844,6700.819622119877
31988,6648.531036625726
31132,6621.502734926548
30276,6621.502734926548
29420,6826.779209127634
28564,6937.357472360844
27708,6937.357472360844
26852,8275.322245313344
25996,7885.018103348353
25140,7717.619232361457
24284,7718.870222994777
23428,7718.870222994777
22572,6935.837570742037
21716,6935.837570742037
20860,6594.589669626773
20004,6607.99752902918
19148,6633.750775604153
18292,6662.42699370898
17436,6839.027249805239
16580,6958.24237842733
15724,6958.24237842733
14868,9178.976958926567
14012,7999.286499624787
13156,7822.997952347056
12300,7842.051177643857
11444,7842.051177643857
10588,7003.301444915339
9732,7003.301444915339
8876,6787.70966552542
8020,6721.4857042034555
7164,6723.456387890675
6308,6723.456387890675
5452,6835.410287724603
4596,6958.24237842733
3740,6958.24237842733
2884,8296.835388655554
2028,7904.90046875832
1172,7737.501597771424
316,7710.465522382788
40549,4878.01773835662
39693,4878.01773835662
38837,5566.994133559297
37981,5359.8290561200565
37125,5164.993386898334
36269,5183.758581760934
35413,5183.758581760934
34557,4805.422421709523
33701,4805.422421709523
32845,4579.54491421334
31989,4511.703106305032
31133,4484.674804605853
30277,4484.674804605853
29421,4641.449512416884
28565,4757.992066854498
27709,4757.992066854498
26853,5392.260972587337
25997,5197.048927146068
25141,5038.13123591436
24285,5076.461809763965
23429,5076.461809763965
22573,4756.472165235692
21717,4756.472165235692
20861,4478.483863351844
20005,4471.169598708485
19149,4496.922845283458
18293,4525.599063388285
17437,4653.697553094489
16581,4778.876972920984
15725,4778.876972920984
14869,5837.229409108202
14013,5306.148421790894
13157,5138.3410542683505
12301,5194.473862781437
11445,5194.473862781437
10589,4818.767137777384
9733,4818.767137777384
8877,4666.434957618882
8021,4579.488872251151
7165,4581.4595559383715
6309,4581.4595559383715
5453,4650.080591013853
4597,4778.876972920984
3741,4778.876972920984
2885,5413.774115929547
2029,5216.931292556035
1173,5058.013601324327
317,5068.057109151976
40550,6782.765724251056
39694,6782.765724251056
38838,8015.495756809839
37982,7649.547274645546
37126,7443.21206365648
36270,7454.673739225802
35414,7454.673739225802
34558,6733.822933851934
33702,6733.822933851934
32846,6446.685282682896
31990,6373.674573142979
31134,6346.6462714438
30278,6346.6462714438
29422,6542.486704223814
28566,6681.2236773653
27710,6681.2236773653
26854,7813.08662061057
25998,7481.598244039949
25142,7311.181011040897
24286,7342.208065597224
23430,7342.208065597224
22574,6667.5129895322625
21718,6667.5129895322625
20862,6340.455330189791
20006,6333.141065546432
19150,6358.894312121405
18294,6387.570530226232
17438,6554.734744901419
16582,6689.917797217555
15726,6689.917797217555
14870,8703.127276620427
14014,7595.866640316383
13158,7416.559731026496
12302,7465.389020246304
11446,7465.389020246304
10590,6731.570651207613
9734,6731.570651207613
8878,6505.714271513809
8022,6421.953152578661
7166,6423.923836265881
6310,6423.923836265881
5454,6542.219567055823
4598,6686.511584719605
3742,6686.511584719605
2886,7820.410138471816
2030,7501.480609449916
1174,7331.063376450864
318,7333.803364985235
40551,6686.815501518851
39695,6686.815501518851
38839,7761.349296663864
37983,7404.026533048876
37127,7232.544320558601
36271,7220.0228630381425
35415,7220.0228630381425
34559,6617.110333176872
33703,6617.110333176872
32847,6342.530832272017
31991,6279.073780452303
31135,6252.045478753124
30279,6252.045478753124
29423,6457.321952954211
28567,6569.442856033209
27711,6569.442856033209
26855,7563.871939807566
25999,7241.0092817862505
25143,7105.445047285989
24287,7112.488968752536
23431,7112.488968752536
22575,6567.922954414403
21719,6567.922954414403
20863,6241.2326591218825
20007,6238.5402728557565
19151,6264.293519430729
18295,6292.969737535556
17439,6469.569993631816
16583,6590.327762099695
15727,6590.327762099695
14871,7992.7229097777135
14015,7350.345898719714
13159,7205.891987928617
12303,7230.738144058645
11447,7230.738144058645
10591,6630.455049244732
9735,6630.455049244732
8879,6401.559821102929
8023,6322.420580545014
7167,6324.391264232234
6311,6324.391264232234
5455,6457.05481578622
4599,6590.327762099695
3743,6590.327762099695
2887,7571.195457668812
2031,7260.8916471962175
1175,7125.327412695956
319,7104.084268140547
40552,5541.085825850274
39696,5541.085825850274
38840,6241.206163563594
37984,5959.099402668127
37128,5787.6171901778525
36272,5775.095732657394
35416,5775.095732657394
34560,5468.490509203178
33704,5468.490509203178
32848,5232.636925510615
31992,5121.0107076797185
31136,5093.98240598054
30280,5093.98240598054
29424,5245.975357146589
28568,5421.0601543481525
27712,5421.0601543481525
26856,6052.947572846331
26000,5796.319273694139
25144,5660.7550391938785
24288,5667.798960660425
23432,5667.798960660425
22576,5419.540252729346
21720,5419.540252729346
20864,5131.575874649118
20008,5080.477200083172
19152,5106.2304466581445
18296,5110.230576620925
17440,5249.325182059234
16584,5441.945060414639
15728,5441.945060414639
14872,6492.726742554944
14016,5891.229142858
13160,5746.775232066904
12304,5771.6213881969325
11448,5771.6213881969325
10592,5481.835225271038
9736,5481.835225271038
8880,5291.665914341527
8024,5164.120385483791
7168,5166.091069171011
6312,5166.091069171011
5456,5245.708219978598
4600,5441.945060414639
3744,5441.945060414639
2888,6060.271090707577
2032,5816.201639104106
1176,5680.637404603845
320,5659.394260048436
40553,5471.714513073828
39697,5471.714513073828
38841,6438.766581968057
37985,6139.676121918832
37129,5910.709152842018
36273,5930.631457613252
35417,5930.631457613252
34561,5402.009344731849
33705,5402.009344731849
32849,5110.691049292858
31993,5043.440064417343
31137,4963.468296139666
30281,4963.468296139666
29425,5197.504010325437
28569,5339.790698966778
27713,5339.790698966778
26857,6222.432500591577
26001,5947.918076553834
25145,5754.869085467034
24289,5766.069703203317
23433,5766.069703203317
22577,5338.270797347972
21721,5338.270797347972
20865,4950.904060724467
20009,4962.153876456529
19153,4987.907123031502
18297,5032.659933358549
17441,5221.942837217273
16585,5360.675605033264
15729,5360.675605033264
14873,7052.035864313311
14017,6071.805862108705
13161,5869.8671947310695
12305,5927.15711315279
11449,5927.15711315279
10593,5415.354060799709
9737,5415.354060799709
8881,5169.720038123771
8025,5101.338033131461
7169,5103.308716818681
6313,5103.308716818681
5457,5218.3258751366375
4601,5360.675605033264
3745,5360.675605033264
2889,6243.945643933787
2033,5981.990067444765
1177,5788.941076357965
321,5800.141694094248
40554,5255.241566950984
39698,5255.241566950984
38842,6530.828172689033
37986,6096.632793465315
37130,5857.134042405178
36274,5851.609315874857
35418,5851.609315874857
34562,5185.536398609004
33706,5185.536398609004
32850,4978.417214657186
31994,4858.939974280962
31138,4795.909510577836
30282,4795.909510577836
29426,4956.799240700312
28570,5132.9371421223705
27714,5132.9371421223705
26858,6324.11348059099
26002,5914.494137378754
25146,5710.913364308631
24290,5696.666950743359
23434,5696.666950743359
22578,5131.417240503564
21722,5131.417240503564
20866,4845.190919941783
20010,4794.5950908947
19154,4820.3483374696725
18298,4865.1011477967195
17442,4981.238067592149
16586,5153.822048188857
15730,5153.822048188857
14874,6884.070409271516
14018,6028.762533655188
13162,5816.292084294229
12306,5848.134971414395
11450,5848.134971414395
10594,5198.881114676865
9738,5198.881114676865
8882,5054.38750806265
8026,4924.159858291195
7170,4926.130541978415
6314,4926.130541978415
5458,4977.621105511513
4602,5153.822048188857
3746,5153.822048188857
2890,6345.6266239332
2034,5948.566128269686
1178,5744.985355199562
322,5730.73894163429
40555,6078.482797876765
39699,6078.482797876765
38843,7543.623825495427
37987,7193.7263221011
37131,6948.164780406464
36275,6959.521736948279
35419,6959.521736948279
34563,6008.777629534786
33707,6008.777629534786
32851,5794.366255573089
31995,5729.158644007352
31139,5702.130342308174
30283,5702.130342308174
29427,5879.517919149396
28571,5956.178373048152
27715,5956.178373048152
26859,7342.117115027951
26003,7025.777291495503
25147,6816.1337277908815
24291,6847.056063319701
23435,6847.056063319701
22579,5954.658471429346
21723,5954.658471429346
20867,5688.136303079984
20011,5688.625136410806
19155,5714.378382985778
18299,5743.0546010906055
17443,5891.765959827001
16587,5977.063279114638
15731,5977.063279114638
14875,8251.691468914363
14019,7140.045687771937
13163,6921.51244777648
12307,6970.237017968781
11451,6970.237017968781
10595,6022.122345602646
9739,6022.122345602646
8883,5881.256298978631
8027,5802.113311585081
7171,5804.083995272301
6315,5804.083995272301
5459,5888.148997746365
4603,5977.063279114638
3747,5977.063279114638
2891,7363.630258370161
2035,7045.65965690547
1179,6836.016093200848
323,6838.651362707712
40556,5460.476016378595
39700,5460.476016378595
38844,6549.352321532147
37988,6219.613231910935
37132,5974.051690216299
36276,5985.408646758114
35420,5985.408646758114
34564,5395.279464560787
33708,5395.279464560787
32852,5177.022335138969
31996,5112.513729605264
31140,5085.4854279060855
30284,5085.4854279060855
29428,5234.489291990072
28572,5349.826168445196
27716,5349.826168445196
26860,6363.973215286111
26004,6058.810161676381
25148,5849.166597971759
24292,5880.088933500579
23436,5880.088933500579
22580,5348.30626682639
21724,5348.30626682639
20868,5077.938343016906
20012,5071.980222008718
19156,5097.73346858369
18300,5126.4096866885175
17444,5246.737332667677
16588,5370.711074511682
15732,5370.711074511682
14876,6900.417098411408
14020,6151.7429721008075
13164,5933.209732105351
12308,5981.934302297652
11452,5981.934302297652
10596,5408.624180628648
9740,5408.624180628648
8884,5236.051323969881
8028,5160.093303008914
7172,5162.063986696134
6316,5162.063986696134
5460,5234.222154822081
4604,5370.711074511682
3748,5370.711074511682
2892,6371.2967331473565
2036,6078.692527086348
1180,5869.048963381726
324,5871.68423288859
40557,5405.407695199594
39701,5405.407695199594
38845,6312.106757091681
37989,5854.795390359292
37133,5672.540313264107
36277,5672.808517567013
35421,5672.808517567013
34565,5335.702526857614
33709,5335.702526857614
32853,5099.848943165051
31997,4983.053823702547
31141,4956.025522003368
30285,4956.025522003368
29429,5108.018473169417
28573,5283.103270370981
27717,5283.103270370981
26861,6118.67926474281
26005,5686.846359753695
25149,5540.509260648524
24293,5560.342843938435
23437,5560.342843938435
22581,5281.5833687521745
21725,5281.5833687521745
20869,4993.618990671946
20013,4942.520316106
19157,4968.273562680973
18301,4996.9497807858
17445,5120.266513847022
16589,5303.988176437467
15733,5303.988176437467
14877,6574.140034282028
14021,5786.925130549164
13165,5631.698355153158
12309,5669.334173106551
11453,5669.334173106551
10597,5349.047242925475
9741,5349.047242925475
8885,5158.877931995964
8029,5031.332403138228
7173,5033.303086825448
6317,5033.303086825448
5461,5107.751336001426
4605,5303.988176437467
3749,5303.988176437467
2893,6126.002782604056
2037,5706.728725163662
1181,5560.391626058491
325,5551.938143326446
40558,6406.996688622939
39702,6406.996688622939
38846,7891.535050121058
37990,7367.916928339883
37134,7137.232642140242
36278,7131.707915609922
35422,7131.707915609922
34566,6337.291520280959
33710,6337.291520280959
32854,6069.975622598851
31998,5950.498382222626
31142,5870.5266139449495
30286,5870.5266139449495
29430,6093.996756549522
28574,6284.692263794326
27718,6284.692263794326
26862,7675.838714172617
26006,7185.778272253322
25150,6991.011964043695
24294,6976.765550478423
23438,6976.765550478423
22582,6283.172362175519
21726,6283.172362175519
20870,5919.808023308896
20014,5869.212194261812
19158,5894.965440836785
18302,5939.718251163832
17446,6118.435583441359
16590,6305.577169860811
15734,6305.577169860811
14878,8588.49378645456
14022,7300.046668529756
13166,7096.390684029294
12310,7128.23357114946
11454,7128.23357114946
10598,6350.636236348821
9742,6350.636236348821
8886,6129.004611429763
8030,5998.776961658307
7174,6000.747645345528
6318,6000.747645345528
5462,6114.818621360723
4606,6305.577169860811
3750,6305.577169860811
2894,7697.351857514827
2038,7219.850263144253
1182,7025.0839549346265
326,7010.837541369355
40559,5916.614926770202
39703,5916.614926770202
38847,6858.468960518517
37991,6564.288445780245
37135,6369.452776558523
36279,6388.2179714211225
35423,6388.2179714211225
34567,5846.909758428223
33711,5846.909758428223
32855,5571.433447896443
31999,5454.638328433938
31143,5374.666560156261
30287,5374.666560156261
29431,5598.136702760834
28575,5794.310501941589
27719,5794.310501941589
26863,6655.395628583587
26007,6382.1497896936835
25151,6223.2320984619755
24295,6233.275606289624
23439,6233.275606289624
22583,5792.790600322783
21727,5792.790600322783
20871,5421.265848606488
20015,5373.352140473125
19159,5399.105387048097
18303,5443.858197375144
17447,5622.57552965267
16591,5815.195408008075
15735,5815.195408008075
14879,7178.759752577027
14023,6496.4181859701175
13167,6328.610818447574
12311,6384.743626960661
11455,6384.743626960661
10599,5860.254474496083
9743,5860.254474496083
8887,5630.462436727355
8031,5502.9169078696195
7175,5504.88759155684
6319,5504.88759155684
5463,5618.958567572035
4607,5815.195408008075
3751,5815.195408008075
2895,6676.908771925797
2039,6416.221780584615
1183,6257.304089352907
327,6267.347597180556
40560,4441.410491125376
39704,4441.410491125376
38848,5301.113594187068
37992,5084.902392873972
37136,4881.252258791753
36280,4900.017453654353
35424,4900.017453654353
34568,4371.705322783397
33712,4371.705322783397
32856,4199.894208281246
32000,4117.837374867473
31144,4054.806911164348
30288,4054.806911164348
29432,4210.904581543853
28576,4319.106066296763
27720,4319.106066296763
26864,5107.0219061025355
26008,4902.76373678741
25152,4735.031580695206
24296,4745.0750885228545
23440,4745.0750885228545
22584,4317.586164677957
21728,4317.586164677957
20872,4066.6679135658437
20016,4053.492491481213
19160,4079.245738056186
18304,4123.998548383231
17448,4235.3434084356895
16592,4339.990972363249
15736,4339.990972363249
14880,5587.916947656834
14024,5017.032133063844
13168,4840.4103006808045
12312,4896.543109193891
11456,4896.543109193891
10600,4385.050038851257
9744,4385.050038851257
8888,4275.86450168671
8032,4183.057258877706
7176,4185.027942564926
6320,4185.027942564926
5464,4231.726446355054
4608,4339.990972363249
3752,4339.990972363249
2896,5128.535049444746
2040,4936.835727678342
1184,4769.103571586137
328,4779.147079413786
40561,4859.21977016722
39705,4859.21977016722
38849,6211.8273775830085
37993,5769.869358326463
37137,5539.185072126822
36281,5533.660345596501
35425,5533.660345596501
34569,4789.514601825241
33713,4789.514601825241
32857,4625.347902450583
32001,4564.013193082576
31145,4536.984891383397
30289,4536.984891383397
29433,4670.524986610656
28577,4736.915345338608
27721,4736.915345338608
26865,6001.73899309083
26009,5601.920327720866
25153,5407.154019511239
24297,5421.194671967924
23441,5421.194671967924
22585,4735.395443719801
21729,4735.395443719801
20873,4519.117949957477
20017,4523.479685486029
19161,4549.2329320610015
18305,4577.909150165829
17449,4682.773027288261
16593,4757.800251405093
15737,4757.800251405093
14881,6839.273590541423
14025,5716.1887239973
13169,5512.532739496838
12313,5544.375626617004
11457,5544.375626617004
10601,4802.859317893102
9745,4802.859317893102
8889,4712.2379458561245
8033,4636.967860660304
7177,4638.938544347525
6321,4638.938544347525
5465,4679.156065207625
4609,4757.800251405093
3753,4757.800251405093
2897,6023.2521364330405
2041,5621.802693130833
1185,5427.036384921206
329,5412.7899713559345
40562,6524.597174507054
39706,6524.597174507054
38850,7700.623805197005
37994,7312.738925822269
37138,7058.362919267137
36282,7078.285224038371
35426,7078.285224038371
34570,6452.001857859957
33714,6452.001857859957
32858,5994.26110159925
32002,5909.6882400096065
31146,5882.659938310428
30290,5882.659938310428
29434,6219.2457849073635
28578,6394.952113726496
27722,6394.952113726496
26866,7494.6666070827005
26010,7140.339407569844
25154,6921.881379004726
24298,6961.369062762965
23442,6961.369062762965
22586,6393.432212107689
21730,6393.432212107689
20874,5883.580661459317
20018,5869.15473241306
19162,5894.9079789880325
18306,5923.5841970928595
17450,6231.493825584968
16594,6415.837019792982
15738,6415.837019792982
14882,8048.170334485999
14026,7259.0582914931065
13170,7031.710586637153
12314,7089.000505058873
11458,7089.000505058873
10602,6465.346573927818
9746,6465.346573927818
8890,6081.151145004792
8034,5987.093395234163
7178,5989.064078921383
6322,5989.064078921383
5466,6227.8768635043325
4610,6415.837019792982
3754,6415.837019792982
2898,7516.179750424911
2042,7160.221772979811
1186,6941.763744414693
330,6952.964362150976
40563,7075.5823373360045
39707,7075.5823373360045
38851,8314.614862968128
37995,7989.629033428868
37139,7771.434928956964
36283,7778.567571904834
35427,7778.567571904834
34571,7005.877168994025
33715,7005.877168994025
32859,6748.894122359915
32003,6678.812180935053
31147,6651.783879235873
30291,6651.783879235873
29435,6847.624312015888
28579,6958.209691850362
27723,6958.209691850362
26867,8118.039931843619
26011,7826.611782166241
25155,7644.335655684352
24299,7671.033677619227
23443,7671.033677619227
22587,6956.689790231557
21731,6956.689790231557
20875,6647.59594920978
20019,6638.278673338506
19163,6664.031919913478
18307,6692.708138018305
17451,6859.872352693493
16595,6979.094597916849
15739,6979.094597916849
14883,8958.20609196888
14027,7935.948399099705
13171,7744.782596326981
12315,7789.282852925337
11459,7789.282852925337
10603,7019.221885061886
9747,7019.221885061886
8891,6835.784165765456
8035,6746.83506916981
7179,6748.805752857031
6323,6748.805752857031
5467,6856.255390612857
4611,6979.094597916849
3755,6979.094597916849
2899,8139.55307518583
2043,7846.494147576208
1187,7664.218021094319
331,7662.628977007238
40564,6653.044460492521
39708,6653.044460492521
38852,7727.578255637533
37996,7359.233519780506
37140,7187.75130729023
36284,7175.229849769772
35428,7175.229849769772
34572,6583.339292150541
33716,6583.339292150541
32860,6308.759791245685
32004,6234.280767183933
31148,6207.252465484754
30292,6207.252465484754
29436,6412.528939685842
28580,6535.671815006878
27724,6535.671815006878
26868,7530.100898781236
26012,7196.21626851788
25156,7060.6520340176185
24300,7067.695955484165
23444,7067.695955484165
22588,6534.151913388072
21732,6534.151913388072
20876,6207.461618095551
20020,6193.747259587386
19164,6219.500506162359
18308,6248.176724267186
17452,6424.7769803634465
16596,6556.556721073364
15740,6556.556721073364
14884,7979.1882719804125
14028,7305.552885451343
13172,7161.098974660246
12316,7185.945130790275
11460,7185.945130790275
10604,6596.684008218402
9748,6596.684008218402
8892,6395.649834651227
8036,6302.30365541869
7180,6304.27433910591
6324,6304.27433910591
5468,6421.160018282811
4612,6556.556721073364
3756,6556.556721073364
2900,7551.614042123446
2044,7216.098633927847
1188,7080.534399427585
332,7059.291254872176
40565,6379.807652101929
39709,6379.807652101929
38853,7465.354266745879
37997,7098.98008126448
37141,6927.497868774204
36285,6914.976411253746
35429,6914.976411253746
34573,6310.10248375995
33717,6310.10248375995
32861,6020.965377032349
32005,5943.525124003254
31149,5863.553355725577
30293,5863.553355725577
29437,6100.6842945259705
28581,6257.503227273316
27725,6257.503227273316
26869,7248.755505065646
26013,6916.841425177919
25157,6781.277190677657
24301,6760.034046122248
23445,6760.034046122248
22589,6255.98332565451
21733,6255.98332565451
20877,5870.797777742395
20021,5862.23893604244
19165,5887.992182617413
18309,5932.74499294446
17453,6125.123121417807
16597,6278.388133339802
15741,6278.388133339802
14885,7772.119629059086
14029,7031.109821454353
13173,6886.655910663256
12317,6911.502066793284
11461,6911.502066793284
10605,6323.44719982781
9749,6323.44719982781
8893,6079.994365863262
8037,5991.803703438935
7181,5993.7743871261555
6325,5993.7743871261555
5469,6121.506159337171
4613,6278.388133339802
3757,6278.388133339802
2901,7270.268648407856
2045,6950.91341606885
1189,6815.349181568588
333,6794.106037013179
40566,4785.937181612273
39710,4785.937181612273
38854,5565.291707323896
37998,5349.0805060108
37142,5145.430371928581
36286,5164.195566791181
35430,5164.195566791181
34574,4713.341864965177
33718,4713.341864965177
32862,4494.377548164247
32006,4417.489616382082
31150,4390.461314682903
30294,4390.461314682903
29438,4554.880437621427
28582,4665.9115101101515
27726,4665.9115101101515
26870,5390.5585463519365
26014,5186.300377036811
25158,5018.568220944607
24302,5056.898794794211
23446,5056.898794794211
22590,4664.391608491345
21734,4664.391608491345
20878,4393.316497302751
20022,4376.956108785535
19166,4402.709355360508
18310,4423.65078989784
17454,4558.230262534072
16598,4686.796416176638
15742,4686.796416176638
14886,5835.662722321484
14030,5281.210246200672
13174,5104.5884138176325
12318,5160.721222330719
11462,5160.721222330719
10606,4726.686581033037
9750,4726.686581033037
8894,4570.347841569711
8038,4477.540598760706
7182,4479.5112824479265
6326,4479.5112824479265
5470,4554.613300453436
4614,4686.796416176638
3758,4686.796416176638
2902,5397.882064213182
2046,5206.182742446778
1190,5038.450586354574
334,5048.494094182222
40567,5287.306640443262
39711,5287.306640443262
38855,5984.638608851499
37999,5739.9161640138145
37143,5568.43395152354
36287,5555.9124940030815
35431,5555.9124940030815
34575,5222.110088625454
33719,5222.110088625454
32863,4986.256504932891
32007,4911.777480871139
31151,4884.74917917196
30295,4884.74917917196
29439,5036.74213033801
28583,5174.442611481792
27727,5174.442611481792
26871,5796.142895845599
26015,5576.898912751189
25159,5441.334678250928
24303,5448.378599717475
23447,5448.378599717475
22591,5172.922709862985
21735,5172.922709862985
20879,4884.958331782757
20023,4871.2439732745925
19167,4896.997219849565
18311,4925.673437954392
17455,5048.990171015615
16599,5195.327517548278
15743,5195.327517548278
14887,6273.478666366195
14031,5717.596730988495
13175,5573.1428201973995
12319,5597.988976327428
11463,5597.988976327428
10607,5281.005631478123
9751,5281.005631478123
8895,5090.836320548612
8039,5000.675107748658
7183,5002.645791435878
6327,5002.645791435878
5471,5082.025819954827
4615,5240.878344333086
3759,5240.878344333086
2903,5849.017240491653
2047,5642.332104945964
1191,5506.767870445703
335,5485.524725890294
40568,6731.832983770802
39712,6731.832983770802
38856,7502.444053033055
38000,7220.68925087024
37144,6993.68068153784
36288,7000.81332448571
35432,7000.81332448571
34576,6662.127815428822
33720,6662.127815428822
32864,6191.727228020779
32008,6112.0258973174805
31152,6084.997595618302
30296,6084.997595618302
29440,6368.299919180199
28584,6604.840949006722
27728,6604.840949006722
26872,7305.23137648051
26016,7048.052610329178
25160,6856.962018986792
24304,6883.660040921666
23448,6883.660040921666
22592,6603.321047387916
21736,6603.321047387916
20880,6080.809665592208
20024,6071.492389720934
19168,6097.2456362959065
18312,6125.9218544007335
17456,6380.547959857804
16600,6625.725855073209
15744,6625.725855073209
14888,8129.170661401505
14032,7167.008616541078
13176,6967.0283489078565
12320,7011.528605506212
11464,7011.528605506212
10608,6675.472531496683
9752,6675.472531496683
8896,6278.617271426321
8040,6189.668174830675
7184,6191.638858517895
6328,6191.638858517895
5472,6376.930997777168
4616,6625.725855073209
3760,6625.725855073209
2904,7326.744519822721
2048,7067.934975739145
1192,6876.844384396759
336,6875.255340309677
40569,5004.580772206816
39713,5004.580772206816
38857,5772.0676133821935
38001,5555.856412069097
37145,5352.206277986878
36289,5370.971472849478
35433,5370.971472849478
34577,4934.875603864836
33721,4934.875603864836
32865,4701.1534542225445
32009,4619.096620808771
31153,4556.066157105645
30297,4556.066157105645
29441,4735.398440068924
28585,4882.276347378202
27729,4882.276347378202
26873,5577.975925297661
26017,5373.717755982536
25161,5205.985599890331
24305,5216.02910771798
23449,5216.02910771798
22593,4880.756445759396
21737,4880.756445759396
20881,4567.927159507141
20025,4554.751737422509
19169,4580.504983997482
18313,4625.257794324529
17457,4759.837266960761
16601,4903.161253444689
15745,4903.161253444689
14889,6052.951326578777
14033,5487.98615225897
13177,5311.36431987593
12321,5367.497128389016
11465,5367.497128389016
10609,4948.220319932697
9753,4948.220319932697
8897,4777.1237476280085
8041,4684.316504819004
7185,4686.287188506224
6329,4686.287188506224
5473,4756.220304880125
4617,4903.161253444689
3761,4903.161253444689
2905,5599.489068639871
2049,5407.789746873467
1193,5240.057590781263
337,5250.101098608911
40570,6301.992887255752
39714,6301.992887255752
38858,7712.384809463728
38002,7238.132969087684
37146,6998.634218027546
36290,7083.537991089249
35434,7083.537991089249
34578,6232.287718913773
33722,6232.287718913773
32866,5945.141438343236
32010,5875.241795735127
31154,5848.213494035948
30298,5848.213494035948
29442,6061.134383364527
28586,6179.688462427139
27730,6179.688462427139
26874,7493.314781121152
26018,7070.183938482087
25162,6866.603165411963
24306,6971.072317460671
23450,6971.072317460671
22594,6178.168560808333
21738,6178.168560808333
20882,5838.911485850131
20026,5831.091326057945
19170,5856.844572632917
18314,5885.520790737744
17458,6069.765461961496
16602,6200.573368493625
15746,6200.573368493625
14890,8099.567667014257
14034,7184.452334758521
13178,6971.981885397562
12322,7094.253272109751
11466,7094.253272109751
10610,6245.632434981633
9754,6245.632434981633
8898,6032.031481748778
8042,5944.57950123222
7186,5946.55018491944
6330,5946.55018491944
5474,6069.765461961496
4618,6200.573368493625
3762,6200.573368493625
2906,7500.638298982398
2050,7090.066303892054
1194,6886.48553082193
338,6962.667616848682
40571,6008.192955229621
39715,6008.192955229621
38859,7256.910028953904
38003,6841.610904553167
37147,6650.541362597485
36291,6650.8095669003915
35435,6650.8095669003915
34579,5938.487786887641
33723,5938.487786887641
32867,5656.263870855294
32011,5574.207037441521
31155,5511.176573738395
30299,5511.176573738395
29443,5739.010623091729
28587,5885.888530401007
27731,5885.888530401007
26875,7040.311267273671
26019,6659.472248466605
25163,6504.320684500938
24307,6495.867201768893
23451,6495.867201768893
22595,5884.368628782201
21739,5884.368628782201
20883,5523.037576139891
20027,5509.8621540552585
19171,5535.615400630231
18315,5580.368210957278
17459,5763.4494499835655
16603,5906.773436467493
15747,5906.773436467493
14891,7569.000397528045
14035,6773.740644743039
13179,6609.699404486537
12323,6647.33522243993
11467,6647.33522243993
10611,5951.832502955502
9755,5951.832502955502
8899,5732.234164260758
8043,5639.4269214517535
7187,5641.397605138974
6331,5641.397605138974
5475,5759.83248790293
4619,5906.773436467493
3763,5906.773436467493
2907,7061.824410615881
2051,6693.544239357537
1195,6538.3926753918695
339,6529.939192659825
40572,5206.587170956193
39716,5206.587170956193
38860,6464.76067772731
38004,6052.1958979463625
37148,5812.697146886225
36292,5807.172420355904
35436,5807.172420355904
34580,5136.882002614214
33724,5136.882002614214
32868,4875.152403301968
32012,4801.335186341214
31156,4774.306884642035
30300,4774.306884642035
29444,4954.847224946718
28588,5091.428706498623
27732,5091.428706498623
26876,6261.818253606175
26020,5891.392827711808
25164,5687.812054641685
24308,5701.852707098369
23452,5701.852707098369
22596,5089.908804879817
21740,5089.908804879817
20884,4776.0684111799055
20028,4757.184716664031
19172,4782.937963239004
18316,4811.614181343831
17460,4963.478303543687
16604,5112.313612565109
15748,5112.313612565109
14892,6914.473195721952
14036,5998.5152636172
13180,5786.044814256241
12324,5817.887701376407
11468,5817.887701376407
10612,5150.2267186820745
9756,5150.2267186820745
8900,4962.04244670751
8044,4863.526931467263
7188,4865.497615154483
6332,4865.497615154483
5476,4963.478303543687
4620,5112.313612565109
3764,5112.313612565109
2908,6269.141771467421
2052,5911.275193121775
1196,5707.694420051652
340,5693.44800648638
40573,4444.12426275915
39717,4444.12426275915
38861,5303.827365820842
38005,5087.616164507745
37149,4883.966030425527
36293,4902.731225288127
35437,4902.731225288127
34581,4374.4190944171705
33725,4374.4190944171705
32869,4202.60797991502
32013,4120.551146501247
31157,4057.520682798122
30301,4057.520682798122
29445,4213.618353177627
28589,4321.819837930537
27733,4321.819837930537
26877,5109.735677736309
26021,4905.477508421184
25165,4737.74535232898
24309,4747.788860156628
23453,4747.788860156628
22597,4320.299936311731
21741,4320.299936311731
20885,4069.3816851996176
20029,4056.206263114986
19173,4081.959509689959
18317,4126.7123200170045
17461,4238.057180069463
16605,4342.704743997023
15749,4342.704743997023
14893,5590.630719290608
14037,5019.745904697618
13181,4843.124072314578
12325,4899.256880827665
11469,4899.256880827665
10613,4387.763810485031
9757,4387.763810485031
8901,4278.578273320484
8045,4185.77103051148
7189,4187.7417141987
6333,4187.7417141987
5477,4234.4402179888275
4621,4342.704743997023
3765,4342.704743997023
2909,5131.2488210785195
2053,4939.549499312116
1197,4771.817343219911
341,4781.86085104756
40574,4509.0628998479815
39718,4509.0628998479815
38862,5777.505733287245
38006,5451.307914507605
37150,5196.931907952473
36294,5216.854212723707
35438,5216.854212723707
34582,4439.357731506002
33726,4439.357731506002
32870,4285.143071274596
32014,4200.404116947103
31158,4137.373653243977
30302,4137.373653243977
29446,4284.03528220241
28590,4386.758475019368
27734,4386.758475019368
26878,5570.791041189202
26022,5269.169258421044
25166,5050.711229855926
24310,5061.911847592209
23454,5061.911847592209
22598,4385.238573400562
21742,4385.238573400562
20886,4151.916776559193
20030,4136.059233560841
19174,4161.8124801358135
18318,4206.5652904628605
17462,4308.474109094246
16606,4407.643381085854
15750,4407.643381085854
14894,6123.053552539538
14038,5383.437654697478
13182,5156.089949841525
12326,5213.379868263245
11470,5213.379868263245
10614,4452.702447573863
9758,4452.702447573863
8902,4361.11336468006
8046,4265.624000957336
7190,4267.594684644556
6334,4267.594684644556
5478,4304.85714701361
4622,4407.643381085854
3766,4407.643381085854
2910,5592.304184531412
2054,5303.2412493119755
1198,5084.783220746857
342,5095.98383848314
40575,5238.159204685568
39719,5238.159204685568
38863,5874.97822514615
38007,5658.767023833054
37151,5463.931354611332
36295,5482.696549473932
35439,5482.696549473932
34583,5165.563888038471
33727,5165.563888038471
32871,4943.371100541729
32015,4866.483168759564
31159,4839.454867060385
30303,4839.454867060385
29447,4977.787022030614
28591,5118.133533183446
27735,5118.133533183446
26879,5700.245064174191
26023,5495.986894859066
25167,5337.069203627358
24311,5375.399777476962
23455,5375.399777476962
22599,5116.61363156464
21743,5116.61363156464
20887,4842.310049680233
20031,4825.9496611630175
19175,4851.70290773799
18319,4880.379125842817
17463,4990.035062708219
16607,5139.018439249932
15751,5139.018439249932
14895,6140.024233882804
14039,5590.896764022927
13183,5423.089396500383
12327,5479.22220501347
11471,5479.22220501347
10615,5178.908604106332
9759,5178.908604106332
8903,5002.400089372642
8047,4909.592846563637
7191,4911.563530250857
6335,4911.563530250857
5479,4977.519884862623
4623,5139.018439249932
3767,5139.018439249932
2911,5707.5685820354365
2055,5515.869260269033
1199,5356.951569037325
343,5366.995076864973
40576,5428.553543043437
39720,5428.553543043437
38864,6338.431920430388
38008,6015.288762325434
37152,5794.608266526281
36296,5782.086809005823
35440,5782.086809005823
34584,5358.848374701457
33728,5358.848374701457
32872,5137.552396831639
32016,5060.112143802544
31160,4980.140375524867
30304,4980.140375524867
29448,5163.987791290223
28592,5306.249118214823
27736,5306.249118214823
26880,6130.814802600553
26024,5833.1501062388725
25168,5648.387588429734
24312,5627.144443874325
23456,5627.144443874325
22600,5304.729216596017
21744,5304.729216596017
20888,4987.384797541685
20032,4978.82595584173
19176,5004.579202416703
18320,5049.33201274375
17464,5188.426618182059
16608,5327.134024281309
15752,5327.134024281309
14896,6572.455130638832
14040,5947.4185025153065
13184,5753.766308415333
12328,5778.612464545361
11472,5778.612464545361
10616,5372.193090769318
9760,5372.193090769318
8904,5196.581385662552
8048,5108.390723238225
7192,5110.361406925445
6336,5110.361406925445
5480,5184.809656101424
4624,5327.134024281309
3768,5327.134024281309
2912,6152.327945942763
2056,5867.222097129804
1200,5682.459579320665
344,5661.216434765256
40577,5389.605218713715
39721,5389.605218713715
38865,6736.546605408795
38009,6294.588586152249
37153,6063.904299952608
36297,6058.379573422288
35441,6058.379573422288
34585,5337.772280009476
33729,5337.772280009476
32873,5143.450976099891
32017,5087.285168363493
31161,5060.256866664315
30305,5060.256866664315
29449,5193.796961891572
28593,5290.341925154452
27737,5290.341925154452
26881,6531.627122548225
26025,6131.808457178261
25169,5937.042148968634
24313,5951.082801425318
23457,5951.082801425318
22601,5276.631237321414
21745,5276.631237321414
20889,5042.389925238395
20033,5046.751660766947
19177,5072.5049073419195
18321,5101.181125446747
17465,5206.045002569177
16609,5299.036045006706
15753,5299.036045006706
14897,7401.043863917224
14041,6240.9079518230865
13185,6037.251967322624
12329,6069.09485444279
11473,6069.09485444279
10617,5335.519997365155
9761,5335.519997365155
8905,5202.479964930804
8049,5130.394846167565
7193,5132.3655298547865
6337,5132.3655298547865
5481,5193.529824723581
4625,5295.629832508756
3769,5295.629832508756
2913,6538.950640409471
2057,6151.690822588228
1201,5956.924514378601
345,5942.678100813329
40578,5428.427393186056
39722,5428.427393186056
38866,6355.4552466625355
38010,6076.167807293397
37154,5849.1592379609965
36298,5856.291880908866
35442,5856.291880908866
34586,5358.722224844077
33730,5358.722224844077
32874,5030.653487806568
32018,4949.186746586006
31162,4922.158444886827
30306,4922.158444886827
29450,5135.519226599575
28594,5303.649539450049
27738,5303.649539450049
26882,6160.456751138063
26026,5905.7453477804065
25170,5714.65475643802
24314,5741.352778372894
23458,5741.352778372894
22602,5302.129637831243
21746,5302.129637831243
20890,4921.950106406069
20034,4908.653238989459
19178,4934.406485564432
18322,4963.082703669259
17466,5147.76726727718
16610,5324.534445516535
15754,5324.534445516535
14898,6707.108236370902
14042,6022.487172964235
13186,5822.506905331013
12330,5867.0071619293685
11474,5867.0071619293685
10618,5372.066940911937
9762,5372.066940911937
8906,5117.54353121211
8050,5024.614843071128
7194,5026.585526758348
6338,5026.585526758348
5482,5144.150305196544
4626,5324.534445516535
3770,5324.534445516535
2914,6167.780268999309
2058,5925.6277131903735
1202,5734.537121847987
346,5732.948077760905
40579,5371.2420311685655
39723,5371.2420311685655
38867,6634.903553937565
38011,6199.2661605532885
37155,5959.767409493151
36299,5954.24268296283
35443,5954.24268296283
34587,5322.299240769444
33731,5322.299240769444
32875,5077.7618490599525
32019,4999.62866398653
31163,4972.600362287351
30307,4972.600362287351
29451,5132.2377285808925
28595,5269.69998428281
27739,5269.69998428281
26883,6424.815169445387
26027,6031.317129947692
25171,5827.736356877568
24315,5841.777009334252
23459,5841.777009334252
22603,5255.989296449772
21747,5255.989296449772
20891,4971.5318965668475
20035,4959.0951563899835
19179,4984.848402964956
18323,5013.524621069783
17467,5144.485769258497
16611,5278.3941041350645
15755,5278.3941041350645
14899,7280.0811603462935
14043,6145.585526224126
13187,5933.115076863167
12331,5964.957963983333
11475,5964.957963983333
10619,5320.046958125123
9763,5320.046958125123
8907,5153.7321424654165
8051,5064.848547996763
7195,5066.819231683983
6339,5066.819231683983
5483,5131.970591412902
4627,5274.987891637114
3771,5274.987891637114
2915,6432.138687306633
2059,6051.199495357659
1203,5847.618722287535
347,5833.372308722263
40580,5473.1304237922905
39724,5473.1304237922905
38868,6721.953944001263
38012,6220.387451817722
37156,6006.297738235902
36300,6000.773011705582
35444,6000.773011705582
34588,5400.535107145193
33732,5400.535107145193
32876,5186.502732498123
32020,5114.508695770895
31164,5087.4803940717175
30308,5087.4803940717175
29452,5225.812549041946
28596,5353.104752290169
27740,5353.104752290169
26884,6534.597779015793
26028,6057.6073228437335
25172,5879.435587251928
24316,5893.476239708612
23460,5893.476239708612
22604,5351.584850671362
21748,5351.584850671362
20892,5085.441681636626
20036,5073.97518817435
19180,5099.728434749322
18324,5128.404652854149
17468,5238.060589719551
16612,5373.989658356654
15756,5373.989658356654
14900,7134.378258955436
14044,6152.5171920075945
13188,5965.455780124954
12332,5997.29866724512
11476,5997.29866724512
10620,5413.879823213055
9764,5413.879823213055
8908,5245.531721329035
8052,5157.618373574968
7196,5159.589057262189
6340,5159.589057262189
5484,5225.545411873955
4628,5373.989658356654
3772,5373.989658356654
2916,6541.921296877039
2060,6077.4896882537005
1204,5899.317952661895
348,5885.071539096623
40581,5188.13090029102
39725,5188.13090029102
38869,5962.5974056755085
38013,5637.483697194926
37157,5466.001484704651
36301,5453.480027184193
35445,5453.480027184193
34589,5118.425731949041
33733,5118.425731949041
32877,4882.572148256478
32021,4808.0931241947255
31165,4781.064822495547
30309,4781.064822495547
29453,4933.057773661596
28597,5070.758254805378
27741,5070.758254805378
26885,5774.101692669608
26029,5474.4664459323
25173,5338.90221143204
24317,5345.946132898586
23461,5345.946132898586
22605,5069.238353186572
21749,5069.238353186572
20893,4781.273975106344
20037,4767.559616598179
19181,4793.3128631731515
18325,4821.989081277979
17469,4945.305814339201
16613,5091.643160871864
15757,5091.643160871864
14901,6261.121502709546
14045,5569.613437384799
13189,5425.159526593703
12333,5450.005682723731
11477,5450.005682723731
10621,5131.770448016901
9765,5131.770448016901
8909,4941.60113708739
8053,4851.439924287436
7197,4853.410607974656
6341,4853.410607974656
5485,4932.790636493605
4629,5091.643160871864
3773,5091.643160871864
2917,5781.425210530854
2061,5494.348811342267
1205,5358.784576842007
349,5337.541432286597
40582,6578.196808572961
39726,6578.196808572961
38870,7577.673641963814
38014,7296.312598502545
37158,7124.83038601227
36302,7112.3089284918115
35446,7112.3089284918115
34590,6513.000256755154
33734,6513.000256755154
32878,6223.863150027553
32022,6155.976554718662
31166,6128.948253019483
30310,6128.948253019483
29454,6334.22472722057
28598,6465.332779611491
27742,6465.332779611491
26886,7380.196285107516
26030,7133.2953472399195
25174,6997.731112739658
24318,7004.7750342062045
23462,7004.7750342062045
22606,6463.812877992685
21750,6463.812877992685
20894,6122.564976877419
20038,6115.443047122115
19182,6141.196293697088
18326,6169.872511801915
17470,6346.472767898174
16614,6486.217685677977
15758,6486.217685677977
14902,7827.373282540225
14046,7242.631964173383
13190,7098.178053382286
12334,7123.024209512314
11478,7123.024209512314
10622,6526.344972823014
9766,6526.344972823014
8910,6310.7531934330955
8054,6223.999442953419
7198,6225.970126640639
6342,6225.970126640639
5486,6342.855805817539
4630,6486.217685677977
3774,6486.217685677977
2918,7387.519802968762
2062,7153.177712649886
1206,7017.613478149625
350,6996.3703335942155
40583,4579.794396228307
39727,4579.794396228307
38871,5349.119368781053
38015,5132.908167467956
37159,4938.072498246234
36303,4956.837693108834
35447,4956.837693108834
34591,4510.0892278863275
33735,4510.0892278863275
32879,4331.364922688924
32023,4249.30808927515
31167,4169.336320997473
30311,4169.336320997473
29455,4334.730880824039
28599,4457.489971399694
27743,4457.489971399694
26887,5155.02768069652
26031,4950.769511381395
25175,4791.851820149687
24319,4801.895327977336
23463,4801.895327977336
22607,4455.970069780888
21751,4455.970069780888
20895,4181.197323398969
20039,4168.021901314337
19183,4193.77514788931
18327,4238.527958216357
17471,4359.169707715875
16615,4478.37487746618
15759,4478.37487746618
14903,5630.597715989885
14047,5065.037907657829
13191,4897.230540135286
12335,4953.363348648372
11479,4953.363348648372
10623,4523.433943954188
9767,4523.433943954188
8911,4390.393911519836
8055,4297.586668710832
7199,4299.557352398052
6343,4299.557352398052
5487,4355.552745635239
4631,4478.37487746618
3775,4478.37487746618
2919,5176.5408240387305
2063,4984.841502272327
1207,4825.923811040619
351,4835.967318868267
40584,6918.526676198108
39728,6918.526676198108
38872,8168.572021329166
38016,7843.586191789907
37160,7625.392087318004
36304,7632.524730265874
35448,7632.524730265874
34592,6848.821507856129
33736,6848.821507856129
32880,6577.280855399274
32024,6507.198913974412
31168,6480.170612275233
30312,6480.170612275233
29456,6676.011045055246
28600,6801.154030712466
27744,6801.154030712466
26888,7971.997090204661
26032,7680.5689405272815
25176,7498.292814045392
24320,7524.990835980267
23464,7524.990835980267
22608,6799.63412909366
21752,6799.63412909366
20896,6475.9826822491395
20040,6466.665406377865
19184,6492.418652952838
18328,6521.094871057665
17472,6688.2590857328505
16616,6822.038936778952
15760,6822.038936778952
14904,8830.489277792485
14048,7789.905557460745
13192,7598.73975468802
12336,7643.240011286376
11480,7643.240011286376
10624,6862.1662239239895
9768,6862.1662239239895
8912,6664.170898804816
8056,6575.221802209169
7200,6577.192485896389
6344,6577.192485896389
5488,6684.642123652215
4632,6822.038936778952
3776,6822.038936778952
2920,7993.510233546871
2064,7700.451305937248
1208,7518.175179455359
352,7516.586135368278
40585,5142.19990925969
39729,5142.19990925969
38873,6107.419535357868
38017,5726.485980592419
37161,5535.416438636737
36305,5535.684642939644
35449,5535.684642939644
34593,5093.257118860568
33737,5093.257118860568
32881,4839.045464123928
32025,4762.304217126864
31169,4735.2759154276855
30313,4735.2759154276855
29457,4911.034499087386
28601,5047.803822744977
27745,5047.803822744977
26889,5921.13800338004
26033,5565.682910357865
25177,5410.5313463921975
24321,5430.364929682109
23465,5430.364929682109
22609,5034.093134911939
21753,5034.093134911939
20897,4739.961472001865
20041,4721.770709530318
19185,4747.52395610529
18329,4776.200174210117
17473,4923.282539764991
16617,5056.4979425972315
15761,5056.4979425972315
14905,6398.002357743838
14049,5672.805346263256
13193,5508.7641060067535
12337,5546.399923960146
11481,5546.399923960146
10625,5091.004836216247
9769,5091.004836216247
8913,4915.0157575293915
8057,4826.825095105065
7201,4828.795778792285
6345,4828.795778792285
5489,4910.767361919396
4633,5053.091730099281
3777,5053.091730099281
2921,5928.4615212412855
2065,5585.565275767832
1209,5430.4137118021645
353,5421.96022907012
40586,4428.691776023342
39730,4428.691776023342
38874,5661.53802054918
38018,5342.916217738199
37162,5105.134783800888
36306,5125.057088572122
35450,5125.057088572122
34594,4358.986607681362
33738,4358.986607681362
32882,4204.771947449956
32026,4127.609009091121
31170,4100.580707391943
30314,4100.580707391943
29458,4232.329176325619
28602,4306.387351194729
27746,4306.387351194729
26890,5469.0129539321015
26034,5174.967187132602
25178,4973.103731185305
24322,5012.591414943544
23466,5012.591414943544
22610,4304.867449575922
21754,4304.867449575922
20898,4098.541994956851
20042,4087.075501494575
19186,4112.828748069547
18330,4141.504966174374
17474,4244.577217003224
16618,4327.272257261215
15762,4327.272257261215
14906,5987.532163034365
14050,5275.045957928071
13194,5064.2928256899395
12338,5121.58274411166
11482,5121.58274411166
10626,4372.331323749223
9770,4372.331323749223
8914,4280.74224085542
8058,4192.828893101354
7202,4194.799576788574
6346,4194.799576788574
5490,4232.0620391576285
4634,4327.272257261215
3778,4327.272257261215
2922,5476.336471793347
2066,5194.849552542569
1210,4992.986096595272
354,5004.186714331555
40587,6502.979644764691
39731,6502.979644764691
38875,7774.592643895148
38019,7405.163797739065
37163,7159.602256044429
36307,7179.524560815663
35451,7179.524560815663
34595,6430.384328117595
33739,6430.384328117595
32883,6172.50447185656
32027,6092.934419160675
31171,6065.906117461496
30315,6065.906117461496
29459,6248.085754045689
28603,6382.95397326257
27747,6382.95397326257
26891,7578.254835059281
26035,7242.383668765076
25179,7032.740105060455
24323,7072.227788818694
23467,7072.227788818694
22611,6381.434071643764
21755,6381.434071643764
20899,6071.443420995063
20043,6052.400911564128
19187,6078.154158139101
18331,6106.830376243928
17475,6260.333794723294
16619,6403.838879329056
15763,6403.838879329056
14907,8462.297930757873
14051,7370.506715600711
13195,7151.973475605254
12339,7209.263394026974
11483,7209.263394026974
10627,6462.752596376265
9771,6462.752596376265
8915,6278.418067452911
8059,6179.743737297604
7203,6181.714420984824
6347,6181.714420984824
5491,6275.740384833467
4635,6422.862431519865
3779,6422.862431519865
2923,7604.601905111335
2067,7281.289586365852
1211,7071.646022661231
355,7082.8466403975135
40588,5258.613147202378
39732,5258.613147202378
38876,6287.571153075873
38020,5964.427994970918
37164,5784.131317620147
36308,5771.609860099688
35452,5771.609860099688
34596,5188.9079788603985
33740,5188.9079788603985
32884,4959.967585863089
32028,4882.527332833994
31172,4819.496869130868
30316,4819.496869130868
29460,4994.0473954491645
28604,5136.308722373765
27748,5136.308722373765
26892,6079.954035246037
26036,5782.289338884357
25180,5637.9106395235995
24324,5616.66749496819
23468,5616.66749496819
22612,5134.788820754959
21756,5134.788820754959
20900,4826.741291147686
20044,4818.182449447731
19188,4843.935696022704
18332,4888.688506349751
17476,5018.486222341001
16620,5157.193628440251
15764,5157.193628440251
14908,6554.9294365271535
14052,5896.557735160791
13196,5743.289359509198
12340,5768.1355156392265
11484,5768.1355156392265
10628,5202.252694928259
9772,5202.252694928259
8916,5035.937879268553
8060,4947.747216844226
7204,4949.7179005314465
6348,4949.7179005314465
5492,5014.869260260365
4636,5157.193628440251
3780,5157.193628440251
2924,6101.467178588247
2068,5816.361329775288
1212,5671.982630414531
356,5650.7394858591215
40589,6655.278666131401
39733,6655.278666131401
38877,7734.97784050709
38021,7366.633104650063
37165,7195.150892159787
36309,7182.629434639329
35453,7182.629434639329
34597,6606.335875732279
33741,6606.335875732279
32885,6316.159376115242
32029,6241.6803520534895
31173,6214.652050354311
30317,6214.652050354311
29461,6419.928524555398
28605,6558.668398588617
27749,6558.668398588617
26893,7537.500483650792
26037,7203.615853387437
25181,7068.051618887175
24325,7075.095540353722
23469,7075.095540353722
22613,6544.957710755579
21757,6544.957710755579
20901,6214.861202965108
20045,6201.146844456943
19189,6226.9000910319155
18333,6255.576309136743
17477,6432.176565233003
16621,6567.362518440871
15765,6567.362518440871
14909,7982.663327089758
14053,7312.9524703209
13197,7168.498559529803
12341,7193.344715659831
11485,7193.344715659831
10629,6604.083593087958
9773,6604.083593087958
8917,6375.188364946154
8061,6285.0271521462
7205,6286.99783583342
6349,6286.99783583342
5493,6419.661387387408
4637,6563.956305942921
3781,6563.956305942921
2925,7544.824001512038
2069,7223.498218797404
1213,7087.933984297142
357,7066.690839741733
40590,5439.82868914794
39734,5439.82868914794
38878,6298.49198600756
38022,5917.558431242111
37166,5735.303354146926
36310,5735.571558449832
35454,5735.571558449832
34598,5370.123520805961
33742,5370.123520805961
32886,5148.827542936143
32030,5071.3872899070475
31174,4991.41552162937
30318,4991.41552162937
29462,5175.262937394727
28606,5317.524264319327
27750,5317.524264319327
26894,6090.874868177724
26038,5735.419775155549
25182,5589.082676050379
24326,5580.629193318334
23470,5580.629193318334
22614,5316.004362700521
21758,5316.004362700521
20902,4998.659943646188
20046,4990.101101946234
19190,5015.854348521207
18334,5060.607158848254
17478,5199.701764286563
16622,5338.409170385813
15766,5338.409170385813
14910,6532.5151962160035
14054,5849.688171431983
13198,5694.4613960359775
12342,5732.09721398937
11486,5732.09721398937
10630,5383.468236873821
9774,5383.468236873821
8918,5207.8565317670555
8062,5119.665869342729
7206,5121.636553029949
6350,5121.636553029949
5494,5196.084802205927
4638,5338.409170385813
3782,5338.409170385813
2926,6112.3880115199345
2070,5769.491766046481
1214,5623.15466694131
358,5614.701184209265
40591,5467.305054070737
39735,5467.305054070737
38879,6239.693984233135
38023,5914.580275752553
37167,5743.098063262278
36311,5730.57660574182
35455,5730.57660574182
34599,5397.599885728758
33743,5397.599885728758
32887,5176.30390785894
32031,5101.824883797188
31175,5021.8531155195105
30319,5021.8531155195105
29463,5205.700531284867
28607,5349.932408585095
27751,5349.932408585095
26895,6037.00864574627
26039,5737.373399008962
25183,5601.8091645087015
24327,5580.566019953292
23471,5580.566019953292
22615,5348.412506966289
21759,5348.412506966289
20903,5031.068087911956
20047,5020.538695836374
19191,5046.291942411347
18335,5091.044752738394
17479,5230.139358176703
16623,5370.817314651581
15767,5370.817314651581
14911,6470.638605344723
14055,5846.710015942425
13199,5702.256105151329
12343,5727.102261281358
11487,5727.102261281358
10631,5410.944601796618
9775,5410.944601796618
8919,5235.3328966898525
8063,5145.171683889898
7207,5147.142367577118
6351,5147.142367577118
5495,5226.5223960960675
4639,5370.817314651581
3783,5370.817314651581
2927,6058.521789088481
2071,5771.445389899894
1215,5635.881155399633
359,5614.638010844224
40592,5447.96006060398
39736,5447.96006060398
38880,6155.479163146589
38024,5912.727268684532
37168,5741.245056194257
36312,5728.723598673799
35456,5728.723598673799
34600,5382.763508786173
33744,5382.763508786173
32888,5146.90992509361
32032,5070.1686780965465
31176,5043.140376397368
30320,5043.140376397368
29464,5201.5802819024275
28608,5337.310212670582
27752,5337.310212670582
26896,5969.19763116876
26040,5751.924198449978
25184,5616.359963949717
24328,5623.403885416264
23472,5623.403885416264
22616,5335.7903110517755
21760,5335.7903110517755
20904,5047.825932971547
20048,5029.6351705
19192,5055.3884170749725
18336,5084.0646351798
17480,5213.828322580032
16624,5358.195118737068
15768,5358.195118737068
14912,6439.324544209434
14056,5844.8570088744045
13200,5700.403098083309
12344,5725.249254213337
11488,5725.249254213337
10632,5396.108224854033
9776,5396.108224854033
8920,5205.938913924522
8064,5117.748251500196
7208,5119.718935187416
6352,5119.718935187416
5496,5201.313144734437
4640,5358.195118737068
3784,5358.195118737068
2928,5976.521149030006
2072,5771.806563859945
1216,5636.242329359684
360,5614.999184804275
40593,4544.884810364057
39737,4544.884810364057
38881,5314.209782916802
38025,5097.998581603706
37169,4903.162912381984
36313,4921.928107244584
35457,4921.928107244584
34601,4475.179642022077
33745,4475.179642022077
32889,4296.455336824673
32033,4214.3985034109
31177,4134.426735133223
30321,4134.426735133223
29465,4299.821294959788
28609,4422.580385535443
27753,4422.580385535443
26897,5120.11809483227
26041,4915.859925517145
25185,4756.942234285437
24329,4766.9857421130855
23473,4766.9857421130855
22617,4421.060483916637
21761,4421.060483916637
20905,4146.287737534719
20049,4133.1123154500865
19193,4158.865562025059
18337,4203.618372352106
17481,4324.260121851625
16625,4443.4652916019295
15769,4443.4652916019295
14913,5595.688130125634
14057,5030.128321793579
13201,4862.320954271036
12345,4918.453762784122
11489,4918.453762784122
10633,4488.524358089938
9777,4488.524358089938
8921,4355.484325655586
8065,4262.6770828465815
7209,4264.647766533802
6353,4264.647766533802
5497,4320.643159770989
4641,4443.4652916019295
3785,4443.4652916019295
2929,5141.63123817448
2073,4949.931916408076
1217,4791.014225176368
361,4801.057733004017
40594,6659.184851012501
39738,6659.184851012501
38882,8100.730421997775
38026,7684.268978282226
37170,7472.137664444819
36314,7453.823276091134
35458,7453.823276091134
34602,6589.4796826705215
33746,6589.4796826705215
32890,6302.333402099985
32034,6232.433759491876
31178,6205.405457792697
30322,6205.405457792697
29466,6418.326347121276
28610,6536.880426183888
27754,6536.880426183888
26898,7881.660393655199
26042,7516.319947676629
25186,7340.1066118292365
24330,7341.357602462556
23474,7341.357602462556
22618,6535.3605245650815
21762,6535.3605245650815
20906,6196.10344960688
20050,6188.2832898146935
19194,6214.036536389666
18338,6242.712754494493
17482,6426.957425718245
16626,6557.765332250374
15770,6557.765332250374
14914,8572.802699627682
14058,7630.5883439530635
13202,7445.485331814835
12346,7464.538557111637
11490,7464.538557111637
10634,6602.824398738382
9778,6602.824398738382
8922,6389.223445505527
8066,6301.771464988969
7210,6303.742148676189
6354,6303.742148676189
5498,6426.957425718245
4642,6557.765332250374
3786,6557.765332250374
2930,7903.173536997409
2074,7536.202313086596
1218,7359.988977239203
362,7332.952901850567
40595,5401.99436197723
39739,5401.99436197723
38883,6109.513464519839
38027,5866.761570057782
37171,5695.279357567507
36315,5682.757900047049
35459,5682.757900047049
34603,5336.797810159423
33747,5336.797810159423
32891,5100.94422646686
32035,5024.202979469796
31179,4997.174677770618
30323,4997.174677770618
29467,5155.614583275677
28611,5291.344514043832
27755,5291.344514043832
26899,5923.23193254201
26043,5705.958499823228
25187,5570.394265322967
24331,5577.438186789514
23475,5577.438186789514
22619,5289.824612425025
21763,5289.824612425025
20907,5001.860234344797
20051,4983.66947187325
19195,5009.422718448222
18339,5019.869802750013
17483,5158.9644081883225
16627,5312.229420110318
15771,5312.229420110318
14915,6393.358845582684
14059,5798.8913102476545
13203,5654.4373994565585
12347,5679.283555586587
11491,5679.283555586587
10635,5350.142526227283
9779,5350.142526227283
8923,5159.973215297772
8067,5071.782552873446
7211,5073.753236560666
6355,5073.753236560666
5499,5155.347446107687
4643,5312.229420110318
3787,5312.229420110318
2931,5930.555450403256
2075,5725.840865233195
1219,5590.276630732934
363,5569.0334861775245
40596,4358.454457548184
39740,4358.454457548184
38884,5218.157560609876
38028,5001.9463592967795
37172,4798.296225214561
36316,4817.061420077161
35460,4817.061420077161
34604,4288.749289206205
33748,4288.749289206205
32892,4116.938174704054
32036,4034.881341290283
31180,3971.8508775871555
30324,3971.8508775871555
29468,4127.948547966661
28612,4236.150032719571
27756,4236.150032719571
26900,5024.065872525343
26044,4819.807703210218
25188,4652.075547118014
24332,4662.119054945662
23476,4662.119054945662
22620,4234.630131100765
21764,4234.630131100765
20908,3983.7118799886516
20052,3970.5364579040192
19196,3996.2897044789916
18340,4041.0425148060394
17484,4152.387374858497
16628,4257.034938786057
15772,4257.034938786057
14916,5504.960914079642
14060,4934.076099486652
13204,4757.454267103612
12348,4813.587075616699
11492,4813.587075616699
10636,4302.094005274065
9780,4302.094005274065
8924,4192.908468109518
8068,4100.101225300514
7212,4102.071908987734
6356,4102.071908987734
5500,4148.770412777862
4644,4257.034938786057
3788,4257.034938786057
2932,5045.579015867554
2076,4853.87969410115
1220,4686.147538008945
364,4696.191045836594
40597,4403.010573197929
39741,4403.010573197929
38885,5267.124347076164
38029,5050.913145763067
37173,4847.263011680849
36317,4866.0282065434485
35461,4866.0282065434485
34605,4333.30540485595
33749,4333.30540485595
32893,4161.494290353799
32037,4079.437456940027
31181,4016.4069932369016
30325,4016.4069932369016
29469,4172.504663616406
28613,4280.706148369316
27757,4280.706148369316
26901,5073.032658991631
26045,4868.774489676506
25189,4701.042333584302
24333,4711.08584141195
23477,4711.08584141195
22621,4279.18624675051
21765,4279.18624675051
20909,4028.2679956383977
20053,4015.092573553765
19197,4040.845820128737
18341,4085.598630455784
17485,4196.943490508243
16629,4301.591054435802
15773,4301.591054435802
14917,5544.243661026589
14061,4983.04288595294
13205,4806.4210535699
12349,4862.553862082987
11493,4862.553862082987
10637,4346.65012092381
9781,4346.65012092381
8925,4237.464583759263
8069,4144.657340950259
7213,4146.628024637479
6357,4146.628024637479
5501,4193.326528427607
4645,4301.591054435802
3789,4301.591054435802
2933,5094.5458023338415
2077,4902.8464805674375
1221,4735.114324475233
365,4745.157832302882
40598,6477.025072894013
39742,6477.025072894013
38886,8062.346759196442
38030,7606.55095203905
37174,7367.052200978912
36318,7361.527474448591
35462,7361.527474448591
34606,6411.828521076205
33750,6411.828521076205
32894,6139.580681240238
32038,6061.447496166816
31182,6034.419194467637
30326,6034.419194467637
29470,6252.1218404411975
28614,6359.229264589571
27758,6359.229264589571
26902,7843.276730853866
26046,7438.601921433453
25190,7235.021148363329
24334,7249.061800820014
23478,7249.061800820014
22622,6357.709362970765
21766,6357.709362970765
20910,6033.350728747133
20054,6020.913988570269
19198,6046.667235145242
18342,6075.343453250069
17486,6264.369881118802
16630,6380.1141706560575
15774,6380.1141706560575
14918,8752.256450728031
14062,7552.870317709887
13206,7340.399868348928
12350,7372.242755469094
11494,7372.242755469094
10638,6425.173237144066
9782,6425.173237144066
8926,6226.47072464578
8070,6134.402163744544
7214,6136.372847431764
6358,6136.372847431764
5502,6260.7529190381665
4646,6380.1141706560575
3790,6380.1141706560575
2934,7864.789874196076
2078,7458.48428684342
1222,7254.903513773296
366,7240.6571002080245
40599,6099.33929418179
39743,6099.33929418179
38887,7116.3372580918785
38031,6834.095681131315
37175,6615.901576659411
36319,6614.468871377861
35463,6614.468871377861
34607,6050.396503782668
33751,6050.396503782668
32895,5790.395849844701
32039,5724.143101734758
31183,5697.114800035579
30327,5697.114800035579
29471,5846.118664119565
28615,6009.874987010048
27759,6009.874987010048
26903,6935.8899311888135
26047,6678.224390239732
25191,6495.948263757842
24335,6514.080937463297
23479,6514.080937463297
22623,5996.16429917701
21767,5996.16429917701
20911,5696.24363706561
20055,5679.992632057575
19199,5705.745878632548
18343,5734.422096737375
17487,5854.7497427165345
16631,6018.569106862303
15775,6018.569106862303
14919,7508.908186646402
14063,6780.415046802153
13207,6589.249244029427
12351,6625.184152398364
11495,6625.184152398364
10639,6048.144221138347
9783,6048.144221138347
8927,5849.4248386756135
8071,5763.1739337148
7215,5765.14461740202
6359,5765.14461740202
5503,5845.851526951575
4647,6015.162894364353
3791,6015.162894364353
2935,6943.213449050059
2079,6698.106755649699
1223,6515.830629167809
367,6505.676236851308
40600,5551.893425373382
39744,5551.893425373382
38888,6259.412527915991
38032,6014.690083078306
37176,5843.207870588031
36320,5830.686413067573
35464,5830.686413067573
34608,5486.696873555575
33752,5486.696873555575
32896,5250.843289863012
32040,5176.3642658012595
31184,5149.335964102081
30328,5149.335964102081
29472,5301.32891526813
28616,5439.029396411912
27760,5439.029396411912
26904,6070.916814910091
26048,5851.67283181568
25192,5716.1085973154195
24336,5723.152518781966
23480,5723.152518781966
22624,5437.509494793106
21768,5437.509494793106
20912,5149.545116712878
20056,5135.830758204713
19200,5161.5840047796855
18344,5190.260222884513
17488,5313.576955945735
16632,5459.914302478398
15776,5459.914302478398
14920,6508.683176490141
14064,5946.819823268179
13208,5802.365912477083
12352,5827.212068607111
11496,5827.212068607111
10640,5500.041589623435
9784,5500.041589623435
8928,5309.872278693924
8072,5219.71106589397
7216,5221.68174958119
6360,5221.68174958119
5504,5301.061778100139
4648,5459.914302478398
3792,5459.914302478398
2936,6078.240332771336
2080,5871.555197225647
1224,5735.990962725386
368,5714.747818169977
40601,6558.95045495736
39745,6558.95045495736
38889,7904.596692993619
38033,7524.287829587542
37177,7278.726287892906
36321,7290.083244434721
35465,7290.083244434721
34609,6489.245286615381
33753,6489.245286615381
32897,6217.704634158525
32041,6145.158276184367
31185,6118.1299744851885
30329,6118.1299744851885
29473,6313.970407265202
28617,6436.646030128747
27761,6436.646030128747
26905,7703.089982526143
26049,7356.338798981945
25193,7146.695235277323
24337,7177.617570806143
23481,7177.617570806143
22625,6435.126128509941
21769,6435.126128509941
20913,6111.47468166542
20057,6104.624768587821
19201,6130.378015162793
18345,6159.0542332676205
17489,6326.218447942807
16633,6457.530936195233
15777,6457.530936195233
14921,8606.744696139373
14065,7470.607195258379
13209,7252.073955262922
12353,7300.798525455223
11497,7300.798525455223
10641,6502.590002683241
9785,6502.590002683241
8929,6304.594677564067
8073,6218.112943762096
7217,6220.083627449316
6361,6220.083627449316
5505,6322.601485862171
4649,6457.530936195233
3793,6457.530936195233
2937,7724.603125868353
2081,7376.221164391912
1225,7166.57760068729
369,7169.212870194154
40602,5360.238331293673
39746,5360.238331293673
38890,6504.775704333991
38034,6155.505271951022
37178,5901.12926539589
36322,5921.051570167124
35466,5921.051570167124
34610,5290.533162951693
33754,5290.533162951693
32898,5079.189224225128
32042,4994.450269897635
31186,4931.419806194509
30330,4931.419806194509
29474,5096.5342910917325
28618,5237.933906465059
27762,5237.933906465059
26906,6298.061012235948
26050,5973.366615864461
25194,5754.908587299343
24338,5766.109205035626
23482,5766.109205035626
22626,5236.414004846253
21770,5236.414004846253
20914,4945.962929509725
20058,4930.105386511373
19202,4955.858633086345
18346,5000.611443413392
17490,5120.973117983569
16634,5258.8188125315455
15778,5258.8188125315455
14922,7168.2669809693025
14066,6087.635012140895
13210,5860.287307284942
12354,5917.577225706662
11498,5917.577225706662
10642,5303.877879019554
9786,5303.877879019554
8930,5155.159517630592
8074,5059.670153907868
7218,5061.640837595088
6362,5061.640837595088
5506,5117.356155902933
4650,5258.8188125315455
3794,5258.8188125315455
2938,6319.574155578158
2082,6007.438606755392
1226,5788.980578190274
370,5800.181195926557
40603,6675.18135348117
39747,6675.18135348117
38891,7987.379920600793
38035,7594.87846084138
37179,7349.316919146744
36323,7360.673875688559
35467,7360.673875688559
34611,6609.984801663362
33755,6609.984801663362
32899,6338.444149206506
32043,6253.705194879013
31187,6226.676893179834
30331,6226.676893179834
29475,6422.517325959848
28619,6557.385545176729
27763,6557.385545176729
26907,7785.873210133317
26051,7426.929430235783
25195,7217.285866531161
24339,7248.208202059981
23483,7248.208202059981
22627,6555.865643557922
21771,6555.865643557922
20915,6232.214196713401
20059,6213.171687282466
19203,6238.924933857439
18347,6267.601151962266
17491,6434.765366637453
16635,6578.270451243215
15779,6578.270451243215
14923,8684.338656934297
14067,7527.008201031253
13211,7308.474961035796
12355,7357.199531228097
11499,7357.199531228097
10643,6623.329517731223
9787,6623.329517731223
8931,6397.473138037419
8075,6301.9837743146945
7219,6303.954458001915
6363,6303.954458001915
5507,6422.250188791857
4651,6578.270451243215
3795,6578.270451243215
2939,7793.196727994563
2083,7446.81179564575
1227,7237.168231941128
371,7239.803501447992
40604,5384.418797320416
39748,5384.418797320416
38892,6207.836447264489
38036,5870.271210608406
37180,5688.016133513222
36324,5688.284337816128
35468,5688.284337816128
34612,5311.82348067332
33756,5311.82348067332
32900,5075.969896980757
32044,5003.69854558327
31188,4976.670243884091
30332,4976.670243884091
29476,5128.6631950501405
28620,5264.393125818295
27764,5264.393125818295
26908,6019.5778565472265
26052,5707.491081634418
25196,5561.1539825292475
24340,5580.987565819159
23484,5580.987565819159
22628,5262.8732241994885
21772,5262.8732241994885
20916,4974.9088461192605
20060,4963.165037986723
19204,4988.918284561696
18348,5017.594502666523
17492,5140.911235727745
16636,5285.278031884781
15780,5285.278031884781
14924,6459.35702625584
14068,5802.400950798279
13212,5647.174175402273
12356,5684.809993355666
11500,5684.809993355666
10644,5325.1681967411805
9788,5325.1681967411805
8932,5134.998885811669
8076,5046.808223387343
7220,5048.778907074563
6364,5048.778907074563
5508,5128.39605788215
4652,5285.278031884781
3796,5285.278031884781
2940,6026.901374408472
2084,5727.373447044385
1228,5581.0363479392145
372,5572.58286520717
40605,5617.963400658811
39749,5617.963400658811
38893,6484.863944483065
38037,6158.666125703426
37181,5904.290119148293
36325,5924.212423919527
35469,5924.212423919527
34613,5545.368084011715
33757,5545.368084011715
32901,5082.811984314993
32045,4993.622542340672
31189,4966.594240641493
30333,4966.594240641493
29477,5254.678320848374
28621,5488.318339878253
27765,5488.318339878253
26909,6287.888390219158
26053,5986.266607451001
25197,5767.8085788858825
24341,5807.296262644121
23485,5807.296262644121
22629,5486.798438259447
21773,5486.798438259447
20917,4972.13154417506
20061,4953.0890347441255
19205,4978.842281319098
18349,5007.518499423925
17493,5266.926361525979
16637,5509.203245944739
15781,5509.203245944739
14925,7137.424569351629
14069,6104.985491374263
13213,5877.637786518309
12357,5934.92770494003
11501,5934.92770494003
10645,5558.712800079576
9789,5558.712800079576
8933,5169.702027720536
8077,5071.027697565229
7221,5072.998381252449
6365,5072.998381252449
5509,5263.309399445343
4653,5509.203245944739
3797,5509.203245944739
2941,6309.4015335613685
2085,6006.148972860968
1229,5787.6909442958495
373,5798.891562032132
40606,6687.458490202895
39750,6687.458490202895
38894,7943.42890167081
38038,7620.9104349252275
37182,7402.716330453322
36326,7401.283625171773
35470,7401.283625171773
34614,6617.753321860915
33758,6617.753321860915
32902,6346.212669404059
32046,6273.666311429902
31190,6246.638009730723
30334,6246.638009730723
29478,6442.478442510736
28622,6565.154065374281
27766,6565.154065374281
26910,7741.922191203334
26054,7452.961404319631
25198,7270.68527783774
24342,7288.817951543195
23486,7288.817951543195
22630,6563.634163755475
21774,6563.634163755475
20918,6239.982716910954
20062,6233.132803833355
19206,6258.886050408328
18350,6287.562268513155
17494,6454.726483188341
16638,6586.038971440767
15782,6586.038971440767
14926,8315.384400881247
14070,7567.229800596065
13214,7376.0639978233385
12358,7411.998906192275
11502,7411.998906192275
10646,6631.098037928776
9790,6631.098037928776
8934,6433.102712809601
8078,6346.62097900763
7222,6348.59166269485
6366,6348.59166269485
5510,6451.109521107705
4654,6586.038971440767
3798,6586.038971440767
2942,7749.245709064579
2086,7472.843769729598
1230,7290.567643247707
374,7280.413250931206
40607,5567.817308452094
39751,5567.817308452094
38895,6687.343168802195
38039,6361.145350022555
37183,6106.769343467423
36327,6118.126300009238
35471,6118.126300009238
34615,5498.1121401101145
33759,5498.1121401101145
32903,5300.42899757937
32047,5215.690043251877
31191,5188.661741552698
30335,5188.661741552698
29479,5325.202270229345
28623,5445.512883623481
27767,5445.512883623481
26911,6494.818102185116
26055,6193.196319416958
25199,5974.73829085184
24343,6005.66062638066
23487,6005.66062638066
22631,5443.992982004675
21775,5443.992982004675
20919,5194.199045086265
20063,5175.15653565533
19207,5200.909782230303
18351,5229.58600033513
17495,5337.45031090695
16639,5466.397789689967
15783,5466.397789689967
14927,7369.6377698531305
14071,6307.4647156933925
13215,6080.117010837439
12359,6128.84158102974
11503,6128.84158102974
10647,5511.456856177975
9791,5511.456856177975
8935,5387.319040984912
8079,5288.644710829605
7223,5290.615394516825
6367,5290.615394516825
5511,5333.833348826314
4655,5466.397789689967
3799,5466.397789689967
2943,6516.331245527326
2087,6213.078684826925
1231,5994.620656261807
375,5997.255925768671
40608,6435.507652842579
39752,6435.507652842579
38896,7939.000285485901
38040,7457.696465722116
37184,7227.012179522475
36328,7221.487452992154
35472,7221.487452992154
34616,6365.802484500599
33760,6365.802484500599
32904,6098.48658681849
32048,6021.3236484596555
31192,5941.351880181977
30336,5941.351880181977
29480,6164.822022786551
28624,6313.203228013965
27768,6313.203228013965
26912,7723.3039495374605
26056,7275.557809635555
25200,7080.791501425928
24344,7066.545087860656
23488,7066.545087860656
22632,6311.683326395159
21776,6311.683326395159
20920,5948.318987528536
20064,5940.037460498842
19208,5965.790707073815
18352,6010.543517400862
17496,6189.260849678387
16640,6334.088134080452
15784,6334.088134080452
14928,8635.959021819404
14072,7389.826205911989
13216,7186.170221411527
12360,7218.0131085316925
11504,7218.0131085316925
10648,6379.147200568459
9792,6379.147200568459
8936,6157.515575649403
8080,6069.602227895337
7224,6071.572911582556
6368,6071.572911582556
5512,6185.643887597751
4656,6334.088134080452
3800,6334.088134080452
2944,7744.817092879671
2088,7309.629800526486
1232,7114.863492316859
376,7100.6170787515875
40609,6805.56703105339
39753,6805.56703105339
38897,8247.112602038666
38041,7830.651158323115
37185,7618.519844485708
36329,7600.205456132023
35473,7600.205456132023
34617,6735.86186271141
33761,6735.86186271141
32905,6453.637946679063
32049,6380.121341990319
31193,6353.09304029114
30337,6353.09304029114
29481,6566.0139296197185
28625,6683.262606224776
27769,6683.262606224776
26913,8028.042573696088
26057,7662.702127717518
25201,7486.488791870125
24345,7487.739782503445
23489,7487.739782503445
22633,6681.74270460597
21777,6681.74270460597
20921,6347.407994185958
20065,6339.587834393772
19209,6365.341080968745
18353,6394.017299073572
17497,6578.261970297323
16641,6704.1475122912625
15785,6704.1475122912625
14929,8937.022293570242
14073,7776.970523993952
13217,7591.867511855724
12361,7610.920737152525
11505,7610.920737152525
10649,6749.206578779271
9793,6749.206578779271
8937,6540.527990084605
8081,6453.076009568047
7225,6455.046693255267
6369,6455.046693255267
5513,6574.6450082166875
4657,6704.1475122912625
3801,6704.1475122912625
2945,8035.366091557334
2089,7682.584493127485
1233,7506.371157280092
377,7479.335081891456
40610,5240.33958891061
39754,5240.33958891061
38898,5885.214136906985
38042,5669.002935593889
37186,5474.1672663721665
36330,5492.932461234766
35474,5492.932461234766
34618,5191.396798511488
33762,5191.396798511488
32906,4953.607012302564
32050,4871.5501788887905
31194,4844.521877189612
30338,4844.521877189612
29482,4982.85403215984
28626,5138.797542024854
27770,5138.797542024854
26914,5705.312074303417
26058,5501.053904988292
25202,5342.136213756584
24346,5380.4667876061885
23490,5380.4667876061885
22634,5125.086854191816
21778,5125.086854191816
20922,4847.377059809459
20066,4831.016671292244
19210,4856.7699178672165
18354,4885.4461359720435
17498,4995.102072837445
16642,5147.4916618771085
15786,5147.4916618771085
14930,6165.962110654887
14074,5615.322301264726
13218,5447.514933742183
12362,5503.647742255269
11506,5503.647742255269
10650,5189.144515867167
9794,5189.144515867167
8938,5012.636001133476
8082,4919.828758324472
7226,4921.799442011692
6370,4921.799442011692
5514,4982.5868949918495
4658,5144.0854493791585
3802,5144.0854493791585
2946,5712.635592164663
2090,5520.936270398259
1234,5362.018579166551
378,5372.0620869941995
40611,5896.499902526718
39755,5896.499902526718
38899,6722.966086877088
38043,6396.7682680974485
37187,6142.392261542316
36331,6162.31456631355
35475,6162.31456631355
34619,5826.794734184738
33763,5826.794734184738
32907,5320.914126709016
32051,5226.5557831030865
31195,5199.527481403908
30339,5199.527481403908
29483,5487.611561610788
28627,5764.576088419668
27771,5764.576088419668
26915,6520.8216309815725
26059,6219.199848213415
25203,6000.741819648297
24347,6040.2295034065355
23491,6040.2295034065355
22635,5763.056186800862
21779,5763.056186800862
20923,5205.0647849374745
20067,5186.02227550654
19211,5211.7755220815125
18355,5240.4517401863395
17499,5499.859602288393
16643,5785.460994486154
15787,5785.460994486154
14931,7366.303319062637
14075,6343.087633768286
13219,6115.739928912332
12363,6173.029847334053
11507,6173.029847334053
10651,5840.139450252599
9795,5840.139450252599
8939,5407.8041701145585
8083,5309.1298399592515
7227,5311.100523646472
6371,5311.100523646472
5515,5496.242640207757
4659,5785.460994486154
3803,5785.460994486154
2947,6542.334774323783
2091,6239.082213623382
1235,6020.624185058264
379,6031.8248027945465
40612,4715.4057565478315
39756,4715.4057565478315
38900,5860.605856890955
38044,5541.984054079973
37188,5313.017085003159
36332,5332.939389774393
35476,5332.939389774393
34620,4645.700588205852
33764,4645.700588205852
32908,4484.572737279193
32052,4408.10880495239
31196,4381.080503253211
30340,4381.080503253211
29484,4511.6315113984065
28628,4600.247292090261
27772,4600.247292090261
26916,5675.226750644919
26060,5381.180983845419
25204,5188.131992758619
24348,5227.619676516858
23492,5227.619676516858
22636,4598.727390471455
21780,4598.727390471455
20924,4385.48874515713
20068,4367.575297355843
19212,4393.328543930816
18356,4422.004762035643
17500,4523.879552076011
16644,4621.132198156747
15788,4621.132198156747
14932,6280.830632843677
14076,5488.3034197508105
13220,5286.364752373175
12364,5343.6546707948955
11508,5343.6546707948955
10652,4659.045304273713
9796,4659.045304273713
8940,4571.462780684735
8084,4473.917512159075
7228,4475.888195846295
6372,4475.888195846295
5516,4520.2625899953755
4660,4621.132198156747
3804,4621.132198156747
2948,5682.550268506165
2092,5401.063349255386
1236,5208.014358168586
380,5219.214975904869
40613,7001.886716234027
39757,7001.886716234027
38901,8240.919241866148
38045,7923.509428295547
37189,7705.315323823642
36333,7712.447966771511
35477,7712.447966771511
34621,6932.181547892047
33765,6932.181547892047
32909,6675.198501257935
32053,6612.692575801731
31197,6585.664274102553
30341,6585.664274102553
29485,6781.504706882567
28629,6884.514070748384
27773,6884.514070748384
26917,8044.344310741642
26061,7760.492177032921
25205,7578.21605055103
24349,7604.914072485904
23493,7604.914072485904
22637,6882.994169129578
21781,6882.994169129578
20925,6573.900328107801
20069,6572.159068205185
19213,6597.912314780157
18357,6626.5885328849845
17501,6793.752747560172
16645,6905.39897681487
15789,6905.39897681487
14933,8874.86808438508
14077,7869.828793966384
13221,7678.662991193658
12365,7723.163247792014
11509,7723.163247792014
10653,6945.526263959908
9797,6945.526263959908
8941,6762.0885446634775
8085,6680.715464036489
7229,6682.686147723709
6373,6682.686147723709
5517,6790.135785479536
4661,6905.39897681487
3805,6905.39897681487
2949,8065.857454083853
2093,7780.374542442888
1237,7598.098415960997
381,7596.509371873915
40614,5265.937044351354
39758,5265.937044351354
38902,5894.633393618117
38046,5678.422192305021
37190,5483.586523083299
36334,5502.351717945899
35478,5502.351717945899
34622,5196.231876009375
33766,5196.231876009375
32910,4988.596694335378
32054,4906.5398609216045
31198,4879.511559222426
30342,4879.511559222426
29486,5017.843714192654
28630,5143.632619522741
27774,5143.632619522741
26918,5714.731331014549
26062,5510.473161699424
25206,5351.555470467716
24350,5389.886044317321
23494,5389.886044317321
22638,5142.112717903935
21782,5142.112717903935
20926,4882.366741842273
20070,4866.006353325058
19214,4891.7595999000305
18358,4920.4358180048575
17502,5030.091754870259
16646,5164.517525589227
15790,5164.517525589227
14934,6147.371300384116
14078,5624.741557975858
13222,5456.934190453315
12366,5513.066998966401
11510,5513.066998966401
10654,5209.576592077236
9798,5209.576592077236
8942,5075.48673774092
8086,4979.494528499333
7230,4981.465212186553
6374,4981.465212186553
5518,5026.474792789623
4662,5164.517525589227
3806,5164.517525589227
2950,5736.244474356759
2094,5530.355527109391
1238,5371.437835877683
382,5381.481343705332
40615,5098.031085667146
39759,5098.031085667146
38903,6462.233126873344
38047,6049.668347092396
37191,5810.169596032259
36335,5804.644869501938
35479,5804.644869501938
34623,5049.088295268024
33767,5049.088295268024
32911,4861.680182053692
32055,4783.54699698027
31199,4756.518695281091
30343,4756.518695281091
29487,4897.703205635841
28631,4996.48903878139
27775,4996.48903878139
26919,6252.144742381166
26063,5881.7193164867995
25207,5678.138543416676
24351,5692.17919587336
23495,5692.17919587336
22639,4982.778350948352
21783,4982.778350948352
20927,4755.450229560587
20071,4743.013489383723
19215,4768.766735958696
18359,4797.442954063523
17503,4909.951246313446
16647,5005.183158633645
15791,5005.183158633645
14935,7132.884050322363
14079,5995.9877127632335
13223,5783.517263402275
12367,5815.360150522441
11511,5815.360150522441
10655,5046.836012623703
9799,5046.836012623703
8943,4937.650475459156
8087,4848.766880990503
7231,4850.737564677723
6375,4850.737564677723
5519,4897.43606846785
4663,5001.776946135695
3807,5001.776946135695
2951,6259.468260242412
2095,5901.601681896766
1239,5698.020908826643
383,5683.774495261371
40616,4801.499590266693
39760,4801.499590266693
38904,5498.531513005163
38048,5282.320311692067
37192,5087.484642470345
36336,5106.2498373329445
35480,5106.2498373329445
34624,4752.5567998675715
33768,4752.5567998675715
32912,4511.082293659207
32056,4429.724466277466
31200,4402.696164578287
30344,4402.696164578287
29488,4565.917826728329
28632,4707.1035037519805
27776,4707.1035037519805
26920,5325.775410772638
26064,5121.517241457513
25208,4962.599550225805
24352,5000.930124075409
23496,5000.930124075409
22640,4693.392815918943
21784,4693.392815918943
20928,4411.9983015371445
20072,4389.190958680919
19216,4414.944205255892
18360,4443.620423360719
17504,4578.165867405934
16648,4715.797623604235
15792,4715.797623604235
14936,5788.756439589898
14080,5228.639677362904
13224,5060.832309840361
12368,5102.775492872483
11512,5102.775492872483
10656,4750.3045172232505
9800,4750.3045172232505
8944,4570.111282490119
8088,4477.304039681115
7232,4479.274723368335
6376,4479.274723368335
5520,4565.650689560338
4664,4712.391411106285
3808,4712.391411106285
2952,5333.098928633884
2096,5141.39960686748
1240,4982.481915635772
384,4992.52542346342
40617,4609.978993634549
39761,4609.978993634549
38905,5838.414567343844
38049,5519.792764532863
37193,5282.011330595552
36337,5301.933635366786
35481,5301.933635366786
34625,4540.273825292569
33769,4540.273825292569
32913,4386.059165061163
32057,4308.896226702328
31201,4281.867925003149
30345,4281.867925003149
29489,4413.616393936826
28633,4487.674568805935
27777,4487.674568805935
26921,5645.889500726766
26065,5351.843733927266
25209,5149.980277979969
24353,5189.467961738208
23497,5189.467961738208
22641,4486.154667187129
21785,4486.154667187129
20929,4279.829212568058
20073,4268.362719105781
19217,4294.115965680754
18361,4322.792183785581
17505,4425.864434614431
16649,4508.559474872422
15793,4508.559474872422
14937,6245.661890046694
14081,5466.1121302037
13225,5255.358997965568
12369,5312.648916387288
11513,5312.648916387288
10657,4553.61854136043
9801,4553.61854136043
8945,4472.949208466705
8089,4381.850894280056
7233,4383.821577967276
6377,4383.821577967276
5521,4422.247472533795
4665,4508.559474872422
3809,4508.559474872422
2953,5653.213018588011
2097,5371.726099337233
1241,5169.862643389936
385,5181.063261126219
40618,5235.067198841353
39762,5235.067198841353
38906,6474.774785190096
38050,6082.893707983768
37194,5843.394956923631
36338,5837.87023039331
35482,5837.87023039331
34626,5162.471882194257
33770,5162.471882194257
32914,4955.35269824244
32058,4883.358661515213
31202,4820.328197812088
30346,4820.328197812088
29490,4981.217927934563
28634,5115.041527339233
27778,5115.041527339233
26922,6273.228994723662
26066,5905.923953528816
25210,5702.343180458693
24354,5688.096766893421
23498,5688.096766893421
22642,5113.521625720426
21786,5113.521625720426
20930,4827.2953051586455
20074,4819.013778128951
19218,4844.767024703923
18362,4889.51983503097
17506,5005.6567548264
16650,5135.926433405718
15794,5135.926433405718
14938,6903.252276498337
14082,6015.023448173641
13226,5802.552998812682
12370,5834.395885932849
11514,5834.395885932849
10658,5175.8165982621185
9802,5175.8165982621185
8946,5031.322991647904
8090,4943.409643893837
7234,4945.380327581058
6378,4945.380327581058
5522,5002.039792745764
4666,5135.926433405718
3810,5135.926433405718
2954,6294.7421380658725
2098,5939.995944419747
1242,5736.415171349623
386,5722.168757784351
40619,6667.717247476609
39763,6667.717247476609
38907,7862.8184136787395
38051,7465.30341103902
37195,7261.98656206211
36339,7243.672173708425
35483,7243.672173708425
34627,6602.520695658802
33771,6602.520695658802
32915,6366.667111966239
32059,6319.989415500863
31203,6240.017647223187
30347,6240.017647223187
29491,6423.865062988543
28635,6554.85321851514
27779,6554.85321851514
26923,7643.472183048568
26067,7288.09653429543
25211,7120.697663308534
24355,7093.661587919898
23499,7093.661587919898
22643,6553.333316896333
21787,6553.333316896333
20931,6221.431292019256
20075,6238.70322754005
19219,6264.4564741150225
18363,6309.2092844420695
17507,6448.303889880379
16651,6575.738124581625
15795,6575.738124581625
14939,8480.776348220501
14083,7397.433151228893
13227,7221.144603951162
12371,7240.197829247963
11515,7240.197829247963
10659,6615.865411726663
9803,6615.865411726663
8947,6425.696100797152
8091,6363.336215593574
7235,6365.306899280795
6379,6365.306899280795
5523,6444.686927799743
4667,6575.738124581625
3811,6575.738124581625
2955,7664.985326390778
2099,7322.168525186361
1243,7154.769654199466
387,7127.733578810829
40620,5760.369790860225
39764,5760.369790860225
38908,6983.629602951464
38052,6537.980794595465
37196,6307.296508395824
36340,6301.771781865504
35484,6301.771781865504
34628,5690.664622518246
33772,5690.664622518246
32916,5476.632247871174
32060,5391.8932935436815
31204,5311.921525266003
30348,5311.921525266003
29492,5482.10814483554
28636,5638.065366031611
27780,5638.065366031611
26924,6776.914910853421
26068,6355.842138508904
25212,6161.075830299277
24356,6146.8294167340055
23500,6146.8294167340055
22644,5636.545464412806
21788,5636.545464412806
20932,5326.46464858122
20076,5310.607105582868
19220,5336.360352157841
18364,5381.113162484888
17508,5506.546971727375
16652,5658.950272098098
15796,5658.950272098098
14940,7646.58442425524
14084,6470.110534785338
13228,6266.454550284876
12372,6298.297437405042
11516,6298.297437405042
10660,5704.0093385861055
9804,5704.0093385861055
8948,5535.661236702087
8092,5440.171872979363
7236,5442.142556666582
6380,5442.142556666582
5524,5502.93000964674
4668,5658.950272098098
3812,5658.950272098098
2956,6798.428054195631
2100,6389.9141293998355
1244,6195.147821190209
388,6180.901407624937
40621,6229.787956072659
39765,6229.787956072659
38909,7398.079634263353
38053,7024.8492179242485
37197,6812.717904086842
36341,6794.403515733157
35485,6794.403515733157
34629,6180.845165673537
33773,6180.845165673537
32917,5936.307773964046
32061,5862.791169275301
31205,5835.7628675761225
30349,5835.7628675761225
29493,5995.400233869664
28637,6128.245909186903
27781,6128.245909186903
26925,7187.991249771175
26069,6856.900187318652
25213,6680.68685147126
24357,6681.937842104579
23501,6681.937842104579
22645,6114.535221353865
21789,6114.535221353865
20933,5830.077821470941
20077,5822.257661678755
19221,5848.010908253727
18365,5876.687126358554
17509,6007.648274547269
16653,6136.940029039158
15797,6136.940029039158
14941,8053.985410765215
14085,6971.168583595086
13229,6786.065571456858
12373,6805.11879675366
11517,6805.11879675366
10661,6178.592883029216
9805,6178.592883029216
8949,6012.27806736951
8093,5928.011053285534
7237,5929.981736972754
6381,5929.981736972754
5525,5995.133096701673
4669,6133.533816541208
3813,6133.533816541208
2957,7195.314767632421
2101,6876.782552728619
1245,6700.569216881227
389,6673.53314149259
40622,5723.125078864963
39766,5723.125078864963
38910,6506.526828526297
38054,6181.413120045715
37198,6009.93090755544
36342,5997.409450034982
35486,5997.409450034982
34630,5653.419910522984
33774,5653.419910522984
32918,5417.566326830421
32062,5343.087302768668
31206,5263.115534490991
30350,5263.115534490991
29494,5446.9629502563475
28638,5605.752433379321
27782,5605.752433379321
26926,6303.841490039433
26070,6004.206243302125
25214,5868.642008801864
24358,5847.398864246455
23502,5847.398864246455
22646,5604.232531760515
21790,5604.232531760515
20934,5272.330506883437
20078,5261.801114807855
19222,5287.554361382828
18366,5332.307171709875
17510,5471.401777148184
16654,5626.637339445807
15798,5626.637339445807
14942,6732.301030155756
14086,6113.542860235588
13230,5969.088949444492
12374,5993.93510557452
11518,5993.93510557452
10662,5666.764626590844
9806,5666.764626590844
8950,5476.595315661333
8094,5386.434102861379
7238,5388.404786548599
6382,5388.404786548599
5526,5467.784815067548
4670,5626.637339445807
3814,5626.637339445807
2958,6325.354633381643
2102,6038.278234193056
1246,5902.713999692795
390,5881.470855137386
40623,5147.762637457219
39767,5147.762637457219
38911,6103.910896246107
38055,5731.842799221813
37199,5540.773257266132
36343,5541.041461569038
35487,5541.041461569038
34631,5098.819847058097
33775,5098.819847058097
32919,4854.282455348606
32063,4772.225621934833
31207,4745.197320235654
30351,4745.197320235654
29495,4904.834686529195
28639,5046.220590571464
27783,5046.220590571464
26927,5910.483403897236
26071,5563.893768616216
25215,5408.742204650549
24359,5428.57578794046
23503,5428.57578794046
22647,5032.509902738426
21791,5032.509902738426
20935,4748.052502855501
20079,4731.692114338286
19223,4757.445360913259
18367,4786.121579018086
17511,4917.0827272068
16655,5054.914710423718
15799,5054.914710423718
14943,6357.948900316324
14087,5678.16216489265
13231,5514.120924636148
12375,5537.567117108576
11519,5537.567117108576
10663,5096.567564413776
9807,5096.567564413776
8951,4930.25274875407
8095,4837.445505945066
7239,4839.416189632286
6383,4839.416189632286
5527,4904.567549361204
4671,5051.508497925768
3815,5051.508497925768
2959,5917.806921758482
2103,5583.776134026183
1247,5428.624570060516
391,5420.171087328471
40624,4104.39076524354
39768,4138.368261152826
38912,4533.50248987639
38056,4377.52951482484
37200,4528.281427459568
36344,4538.403762790982
35488,4538.403762790982
34632,4034.6855969015587
33776,4068.663092810848
32920,3871.2610832532037
32064,3410.1244217469216
31208,3383.0961200477427
30352,3383.0961200477427
29496,3520.0902746551997
28640,4002.0407623867623
27784,4036.01825829605
26928,3942.2060271934743
26072,3810.8090881534063
25216,3997.478978778146
24360,4027.1666930965657
23504,4027.1666930965657
22648,3616.547137620511
21792,4034.498356677244
20936,3381.057407612655
20080,3369.590914150376
19224,3395.3441607253485
18368,3413.2018349548007
17512,3532.3383153328055
16656,3638.9519453058024
15800,4056.9031643625353
14944,4541.713420276607
14088,3925.077484429838
13232,4102.857698763744
12376,4150.347647745645
11520,4150.347647745645
10664,3684.0110117938125
9808,4101.962230850546
8952,3563.358859635928
8096,3472.2605454492764
7240,3474.231229136497
6384,3474.231229136497
5528,3528.7213532521696
4672,3638.9519453058024
3816,4056.9031643625353
2960,3963.719170535684
2104,3830.691453563372
1248,4017.3613441881116
392,4018.761992484576
40625,5393.110570600934
39769,5393.110570600934
38913,6509.265403450574
38057,6183.067584670935
37201,5937.506042976299
36345,5948.862999518114
35489,5948.862999518114
34633,5327.914018783126
33777,5327.914018783126
32921,5123.317685557128
32065,5039.277737261667
31209,5012.2494355624885
30353,5012.2494355624885
29497,5147.5925034506545
28641,5282.460722667535
27785,5282.460722667535
26929,6323.886297204538
26073,6022.2645144363805
25217,5812.620950731759
24361,5843.5432862605785
23505,5843.5432862605785
22649,5280.940821048729
21793,5280.940821048729
20937,5024.233693435066
20081,4998.744229665121
19225,5024.497476240093
18369,5053.1736943449205
17513,5159.840544128259
16657,5303.345628734021
15801,5303.345628734021
14945,7186.886444403435
14089,6129.386950341772
13233,5910.853710346315
12377,5959.578280538616
11521,5959.578280538616
10665,5341.258734850987
9809,5341.258734850987
8953,5210.20772896267
8097,5105.086444468353
7241,5107.057128155573
6385,5107.057128155573
5529,5156.2235820476235
4673,5303.345628734021
3817,5303.345628734021
2961,6345.399440546748
2105,6042.1468798463475
1249,5832.503316141726
393,5835.1385856485895
40626,7136.965606371378
39770,7136.965606371378
38914,8559.646623664254
38058,8122.785820517288
37202,7919.468971540377
36346,7901.154583186692
35490,7901.154583186692
34634,7067.260438029399
33778,7067.260438029399
32922,6786.2837441514675
32066,6723.777818695265
31210,6643.806050417586
30354,6643.806050417586
29498,6880.936989217982
28642,7019.592960885735
27786,7019.592960885735
26930,8348.882067058785
26074,7945.578943773698
25218,7778.180072786801
24362,7751.143997398165
23506,7751.143997398165
22650,7018.07305926693
21794,7018.07305926693
20938,6641.047924204485
20082,6642.491630734451
19226,6668.244877309424
18370,6712.997687636471
17514,6905.375816109818
16658,7040.477866952222
15802,7040.477866952222
14946,9002.508870535188
14090,8054.915560707161
13234,7878.627013429429
12378,7897.6802387262305
11522,7897.6802387262305
10666,7080.6051540972585
9810,7080.6051540972585
8954,6845.312732982381
8098,6767.124618787975
7242,6769.095302475194
6386,6769.095302475194
5530,6901.758854029182
4674,7040.477866952222
3818,7040.477866952222
2962,8370.395210400993
2106,7979.650934664629
1250,7812.252063677733
394,7785.2159882890965
40627,4729.769067329793
39771,4729.769067329793
38915,6056.702242114519
38059,5670.819736269937
37203,5440.1354500702955
36347,5442.454055177559
35491,5442.454055177559
34635,4675.336407018996
33779,4675.336407018996
32923,4501.864993849467
32067,4445.677986252342
31211,4365.706217974664
30355,4365.706217974664
29499,4531.100777801229
28643,4630.647993929683
27787,4630.647993929683
26931,5854.153578675412
26075,5507.465707110459
25219,5312.699398900832
24363,5298.452985335561
23507,5298.452985335561
22651,4629.128092310876
21795,4629.128092310876
20939,4353.830626730261
20083,4360.480358232121
19227,4378.210521106286
18371,4422.963331433333
17515,4543.605080932852
16659,4643.509816295361
15803,4643.509816295361
14947,6365.062043950761
14091,5609.799579626679
13235,5406.1435951262165
12379,5437.986482246382
11523,5437.986482246382
10667,4688.56888278337
9811,4688.56888278337
8955,4555.004131150321
8099,4482.0220419278085
7243,4483.992725615028
6387,4483.992725615028
5531,4539.988118852216
4675,4643.509816295361
3819,4643.509816295361
2963,5867.643638316815
2107,5529.603174241176
1251,5334.836866031549
395,5320.590452466277
40628,5456.998645668408
39772,5456.998645668408
38916,6245.5657745604185
38060,5920.452066079836
37204,5748.969853589561
36348,5736.448396069103
35492,5736.448396069103
34636,5408.055855269286
33780,5408.055855269286
32924,5156.605272864542
32068,5082.12624880279
31212,5055.097947103611
30356,5055.097947103611
29500,5207.09089826966
28644,5360.388378125624
27788,5360.388378125624
26932,6057.070061554518
26076,5757.43481481721
25220,5621.87058031695
24364,5628.914501783496
23508,5628.914501783496
22652,5346.677690292586
21796,5346.677690292586
20940,5055.307099714408
20084,5041.592741206243
19228,5067.345987781216
18372,5096.022205886043
17516,5219.338938947265
16660,5369.082497977878
15804,5369.082497977878
14948,6509.709729466162
14092,5866.771431750673
13236,5722.317520959577
12380,5747.163677089606
11524,5747.163677089606
10668,5405.803572624965
9812,5405.803572624965
8956,5215.634261695454
8100,5125.4730488955
7244,5127.44373258272
6388,5127.44373258272
5532,5206.823761101669
4676,5365.676285479928
3820,5365.676285479928
2964,6064.393579415764
2108,5777.317180227177
1252,5641.752945726917
396,5620.509801171507
40629,6912.03637045548
39773,6912.03637045548
38917,8414.550408889565
38061,7910.905329037923
37205,7680.221042838282
36349,7674.696316307961
35493,7674.696316307961
34637,6839.441053808384
33781,6839.441053808384
32925,6550.3039470807835
32069,6498.754719729063
31213,6471.726418029885
30357,6471.726418029885
29501,6677.002892230971
28645,6792.01069895336
27789,6792.01069895336
26933,8200.649282178603
26077,7748.125200063934
25221,7553.358891854308
24365,7567.3995443109925
23509,7567.3995443109925
22653,6790.490797334553
21797,6790.490797334553
20941,6449.242896219287
20085,6458.2212121325165
19229,6483.97445870749
18373,6512.650676812317
17517,6689.250932908576
16661,6812.895605019845
15805,6812.895605019845
14949,9089.48092880659
14093,7857.224694708761
13237,7653.5687102082975
12381,7685.411597328464
11525,7685.411597328464
10669,6852.7857698762455
9813,6852.7857698762455
8957,6637.193990486326
8101,6566.540485675184
7245,6568.511169362403
6389,6568.511169362403
5533,6685.63397082794
4677,6812.895605019845
3821,6812.895605019845
2965,8222.162425520813
2109,7768.007565473902
1253,7573.241257264274
397,7558.994843699003
40630,5424.95470125345
39774,5424.95470125345
38918,6440.232289667518
38062,6050.6783143453185
37206,5833.570238751342
36350,5849.25622791461
35494,5849.25622791461
34638,5355.249532911471
33782,5355.249532911471
32926,5151.550009312397
32070,5070.192181930656
31214,5043.163880231477
30358,5043.163880231477
29502,5192.167744315464
28646,5309.79623679588
27790,5309.79623679588
26934,6253.950757689689
26078,5889.8752441107645
25222,5708.685146506802
24366,5743.936514657074
23510,5743.936514657074
22654,5308.276335177074
21798,5308.276335177074
20942,5052.466017190335
20086,5029.6586743341095
19230,5055.411920909082
18374,5084.088139013909
17518,5204.415784993069
16662,5330.681142862366
15806,5330.681142862366
14950,7073.881933846665
14094,5982.808054535191
13238,5792.728280640394
12382,5845.781883454148
11526,5845.781883454148
10670,5368.5942489793315
9814,5368.5942489793315
8958,5210.57899814331
8102,5117.771755334305
7246,5119.742439021526
6390,5119.742439021526
5534,5191.900607147473
4678,5330.681142862366
3822,5330.681142862366
2966,6261.274275550935
2110,5909.757609520731
1254,5728.567511916769
398,5735.531814045085
40631,5746.595429975337
39775,5746.595429975337
38919,6758.428014654749
38063,6456.7965773751375
37207,6238.602472903233
36351,6237.169767621684
35495,6237.169767621684
34639,5676.890261633357
33783,5676.890261633357
32927,5458.633132211538
32071,5363.742776326908
31215,5336.714474627729
30359,5336.714474627729
29503,5479.271384372705
28647,5624.291005146723
27791,5624.291005146723
26935,6565.90294803767
26079,6288.847546769541
25223,6106.571420287651
24367,6124.704093993106
23511,6124.704093993106
22655,5622.771103527917
21799,5622.771103527917
20943,5352.403179718433
20087,5323.209268730361
19231,5348.962515305334
18375,5377.638733410161
17519,5491.51942505031
16663,5645.1759112132095
15807,5645.1759112132095
14951,7127.945289841108
14095,6388.92631756501
13239,6197.760514792285
12383,6233.695423161222
11527,6233.695423161222
10671,5690.234977701218
9815,5690.234977701218
8959,5517.662121042451
8103,5412.021355762589
7247,5413.992039449809
6391,5413.992039449809
5535,5479.004247204714
4679,5645.1759112132095
3823,5645.1759112132095
2967,6573.226465898916
2111,6308.729912179508
1255,6126.453785697618
399,6116.299393381117
40632,6604.157580846783
39776,6604.157580846783
38920,8062.5716923986765
38064,7664.326588464072
37208,7452.195274626667
36352,7433.880886272982
35496,7433.880886272982
34640,6534.452412504804
33784,6534.452412504804
32928,6275.890335060205
32072,6209.425355715979
31216,6182.3970540168
30360,6182.3970540168
29504,6395.317943345379
28648,6486.784935361141
27792,6486.784935361141
26936,7865.996761274171
26080,7501.309337201446
25224,7325.096001354055
24368,7326.346991987375
23512,7326.346991987375
22656,6485.265033742335
21800,6485.265033742335
20944,6174.592161910071
20088,6165.2748860387965
19232,6191.028132613769
18376,6219.704350718596
17520,6403.949021942348
16664,6507.669841427627
15808,6507.669841427627
14952,8413.235508790978
14096,7610.6459541349095
13240,7425.542941996683
12384,7444.5961672934845
11528,7444.5961672934845
10672,6547.797128572664
9816,6547.797128572664
8960,6351.860628465669
8104,6266.096498302605
7248,6268.067181989825
6392,6268.067181989825
5536,6395.050806177388
4680,6507.669841427627
3824,6507.669841427627
2968,7873.320279135417
2112,7521.191702611413
1256,7344.978366764022
400,7317.942291375386
40633,7062.1874382768965
39777,7062.1874382768965
38921,8489.377072093943
38065,8052.029494149229
37209,7848.712645172319
36353,7830.398256818634
35497,7830.398256818634
34641,6996.990886459089
33785,6996.990886459089
32929,6716.0141925811595
32073,6653.021492327205
31217,6625.993190628027
30361,6625.993190628027
29505,6831.269664829113
28649,6949.323409315425
27793,6949.323409315425
26937,8292.802140969434
26081,7889.012242886603
25225,7721.613371899707
24369,7722.864362533027
23513,7722.864362533027
22657,6947.80350769662
21801,6947.80350769662
20945,6614.7160194310245
20089,6612.487984730659
19233,6638.241231305632
18377,6666.917449410459
17521,6843.517705506718
16665,6970.208315381912
15809,6970.208315381912
14953,9138.954126209983
14097,7998.3488598200665
13241,7822.060312542335
12385,7841.113537839136
11529,7841.113537839136
10673,7010.335602526949
9817,7010.335602526949
8961,6802.904235986701
8105,6721.044380561963
7249,6723.015064249183
6393,6723.015064249183
5537,6839.900743426082
4681,6970.208315381912
3825,6970.208315381912
2969,8314.315284311646
2113,7908.89460829657
1257,7741.495737309674
401,7714.459661921038
40634,5550.912672516373
39778,5550.912672516373
38922,6251.033010229694
38066,6006.310565392009
37210,5834.828352901734
36354,5822.306895381276
35498,5822.306895381276
34642,5478.317355869277
33786,5478.317355869277
32930,5242.463772176714
32074,5173.153649746571
31218,5146.1253480473915
30362,5146.1253480473915
29506,5298.118299213442
28650,5435.818780357224
27794,5435.818780357224
26938,6067.706198855401
26082,5848.462215760991
25226,5712.897981260731
24370,5719.941902727277
23514,5719.941902727277
22658,5434.2988787384165
21802,5434.2988787384165
20946,5146.3345006581885
20090,5132.620142150025
19234,5158.373388724996
18378,5187.0496068298235
17522,5310.366339891047
16666,5456.703686423709
15810,5456.703686423709
14954,6542.602038297292
14098,5938.440305581882
13242,5793.986394790785
12386,5818.832550920813
11530,5818.832550920813
10674,5491.6620719371385
9818,5491.6620719371385
8962,5301.4927610076265
8106,5211.331548207673
7250,5213.302231894892
6394,5213.302231894892
5538,5297.851162045451
4682,5456.703686423709
3826,5456.703686423709
2970,6075.029716716647
2114,5868.344581170959
1258,5732.780346670697
402,5711.537202115289
40635,6481.647696665153
39779,6481.647696665153
38923,7556.181491810165
38067,7189.807306328767
37211,7018.325093838491
36355,7005.803636318033
35499,7005.803636318033
34643,6411.942528323173
33787,6411.942528323173
32931,6137.363027418318
32075,6059.9227743892225
31219,5979.951006111545
30363,5979.951006111545
29507,6217.081944911939
28651,6359.343271836539
27795,6359.343271836539
26939,7339.582730129932
26083,7007.668650242205
25227,6872.104415741944
24371,6850.861271186534
23515,6850.861271186534
22659,6357.823370217733
21803,6357.823370217733
20947,5987.195428128363
20091,5978.636586428409
19235,6004.389833003382
18379,6049.142643330429
17523,6241.5207718037755
16667,6380.228177903025
15811,6380.228177903025
14955,7826.111280467496
14099,7121.937046518639
13243,6977.4831357275425
12387,7002.329291857571
11531,7002.329291857571
10675,6425.287244391034
9819,6425.287244391034
8963,6196.39201624923
8107,6108.201353824904
7251,6110.172037512124
6395,6110.172037512124
5539,6237.90380972314
4683,6380.228177903025
3827,6380.228177903025
2971,7361.095873472143
2115,7041.740641133137
1259,6906.176406632875
403,6884.933262077466
40636,6506.484657889363
39780,6506.484657889363
38924,7697.077207567321
38068,7299.562204927602
37212,7096.245355950692
36356,7077.930967597007
35500,7077.930967597007
34644,6436.7794895473835
33788,6436.7794895473835
32932,6200.9259058548205
32076,6154.248209389445
31220,6074.276441111769
30364,6074.276441111769
29508,6258.123856877125
28652,6389.112012403722
27796,6389.112012403722
26940,7477.7309769371495
26084,7122.355328184011
25228,6954.956457197116
24372,6927.92038180848
23516,6927.92038180848
22660,6387.592110784914
21804,6387.592110784914
20948,6055.690085907838
20092,6072.9620214286315
19236,6098.715268003604
18380,6143.468078330651
17524,6282.562683768961
16668,6409.996918470207
15812,6409.996918470207
14956,8324.67752859091
14100,7231.6919451174745
13244,7055.403397839744
12388,7074.456623136545
11532,7074.456623136545
10676,6450.124205615245
9820,6450.124205615245
8964,6259.954894685734
8108,6197.595009482156
7252,6199.565693169377
6396,6199.565693169377
5540,6278.945721688325
4684,6409.996918470207
3828,6409.996918470207
2972,7499.24412027936
2116,7156.427319074943
1260,6989.028448088047
404,6961.992372699411
40637,6573.976663118903
39781,6573.976663118903
38925,7583.640630644127
38069,7295.687158429997
37213,7124.204945939721
36357,7111.683488419263
35501,7111.683488419263
34645,6508.7801113010955
33789,6508.7801113010955
32933,6219.643004573494
32077,6145.163980511742
31221,6118.135678812563
30365,6118.135678812563
29509,6323.412153013651
28653,6461.112634157433
27797,6461.112634157433
26941,7386.163273787829
26085,7132.669907167371
25229,6997.1056726671095
24373,7004.149594133656
23517,7004.149594133656
22661,6459.5927325386265
21805,6459.5927325386265
20949,6118.34483142336
20093,6104.630472915195
19237,6130.383719490168
18381,6159.059937594995
17525,6335.660193691256
16669,6481.997540223919
15813,6481.997540223919
14957,7848.387407637316
14101,7227.81689861987
13245,7083.362987828773
12389,7108.209143958801
11533,7108.209143958801
10677,6522.124827368956
9821,6522.124827368956
8965,6278.671993404407
8109,6188.5107806044525
7253,6190.481464291673
6397,6190.481464291673
5541,6323.14501584566
4685,6481.997540223919
3829,6481.997540223919
2973,7393.486791649075
2117,7152.552272577338
1261,7016.988038077076
405,6995.744893521667
40638,5302.006202103897
39782,5302.006202103897
38926,6085.407951765231
38070,5760.2942432846485
37214,5588.812030794374
36358,5576.2905732739155
35502,5576.2905732739155
34646,5232.301033761917
33790,5232.301033761917
32934,4996.447450069354
32078,4921.968426007602
31222,4894.940124308423
30366,4894.940124308423
29510,5046.933075474472
28654,5184.633556618254
27798,5184.633556618254
26942,5896.912238759331
26086,5597.276992022023
25230,5461.712757521762
24374,5468.7566789883085
23518,5468.7566789883085
22662,5183.113654999448
21806,5183.113654999448
20950,4895.14927691922
20094,4881.434918411055
19238,4907.188164986028
18382,4935.864383090855
17526,5059.181116152077
16670,5205.51846268474
15814,5205.51846268474
14958,6344.362639858722
14102,5692.423983474521
13246,5547.970072683425
12390,5572.816228813454
11534,5572.816228813454
10678,5245.645749829778
9822,5245.645749829778
8966,5055.476438900267
8110,4965.315226100312
7254,4967.285909787533
6398,4967.285909787533
5542,5046.665938306482
4686,5205.51846268474
3830,5205.51846268474
2974,5904.2357566205765
2118,5617.1593574319895
1262,5481.595122931729
406,5460.3519783763195
40639,5432.288590455269
39783,5432.288590455269
38927,6353.179787341157
38071,6030.036629236202
37215,5809.35613343705
36359,5796.834675916592
35503,5796.834675916592
34647,5362.583422113289
33791,5362.583422113289
32935,5126.729838420726
32079,5049.289585391631
31223,5022.261283692452
30367,5022.261283692452
29511,5174.254234858501
28655,5309.984165626655
27799,5309.984165626655
26943,6159.752294992286
26087,5862.0875986306055
25231,5677.325080821467
24375,5684.369002288014
23519,5684.369002288014
22663,5308.464264007849
21807,5308.464264007849
20951,5020.499885927621
20095,5008.756077795084
19239,5034.509324370057
18383,5038.509454332837
17527,5177.604059771146
16671,5330.869071693141
15815,5330.869071693141
14959,6606.38755785753
14103,5962.166369426075
13247,5768.514175326101
12391,5793.36033145613
11535,5793.36033145613
10679,5375.92813818115
9823,5375.92813818115
8967,5185.758827251639
8111,5097.568164827312
7255,5099.538848514532
6399,5099.538848514532
5543,5173.98709769051
4687,5330.869071693141
3831,5330.869071693141
2975,6167.075812853532
2119,5881.969964040572
1263,5697.207446231434
407,5675.964301676025
40640,5114.789432381111
39784,5114.789432381111
38928,5786.219625437343
38072,5570.008424124247
37216,5375.1727549025245
36360,5393.937949765124
35504,5393.937949765124
34648,5049.592880563303
33792,5049.592880563303
32936,4827.400093066561
32080,4745.343259652787
31224,4665.37149137511
30368,4665.37149137511
29512,4835.558110944646
28656,4996.993624076669
27800,4996.993624076669
26944,5592.1279373528105
26088,5387.869768037685
25232,5228.952076805977
24376,5238.995584633626
23520,5238.995584633626
22664,4995.473722457863
21808,4995.473722457863
20952,4677.232493776606
20096,4664.057071691974
19240,4689.8103182669465
18384,4734.5631285939935
17528,4859.996937836482
16672,5017.878530143155
15816,5017.878530143155
14960,6043.268786179678
14104,5502.138164314119
13248,5334.330796791576
12392,5390.463605304662
11536,5390.463605304662
10680,5062.937596631164
9824,5062.937596631164
8968,4886.429081897473
8112,4793.621839088469
7256,4795.592522775689
6400,4795.592522775689
5544,4856.379975755846
4688,5017.878530143155
3832,5017.878530143155
2976,5613.641080695021
2120,5421.941758928617
1264,5263.024067696909
408,5273.0675755245575
40641,5619.552178415712
39785,5619.552178415712
38929,6402.953928077046
38073,6079.810769972091
37217,5908.3285574818165
36361,5895.807099961358
35505,5895.807099961358
34649,5549.847010073732
33793,5549.847010073732
32937,5313.993426381169
32081,5236.553173352074
31225,5209.524871652895
30369,5209.524871652895
29513,5361.517822818944
28657,5497.2477535870985
27801,5497.2477535870985
26945,6209.526435728175
26089,5911.8617393664945
25233,5776.297504866234
24377,5783.34142633278
23521,5783.34142633278
22665,5495.727851968292
21809,5495.727851968292
20953,5207.763473888064
20097,5196.019665755527
19241,5221.7729123305
18385,5250.449130435327
17529,5373.765863496549
16673,5518.132659653585
15817,5518.132659653585
14961,6661.350965405671
14105,6026.1301356429285
13249,5881.676224851833
12393,5906.522380981861
11537,5906.522380981861
10681,5563.191726141593
9825,5563.191726141593
8969,5400.883469786711
8113,5309.507840929802
7257,5311.478524617022
6401,5311.478524617022
5545,5370.148901415913
4689,5518.132659653585
3833,5518.132659653585
2977,6216.849953589421
2121,5931.744104776461
1265,5796.179870276201
409,5774.936725720791
40642,6494.098095993725
39786,6494.098095993725
38930,8026.6077163063555
38074,7570.811909148963
37218,7331.313158088826
36362,7325.788431558505
35506,7325.788431558505
34650,6424.392927651746
33794,6424.392927651746
32938,6150.907443277029
32082,6076.391220284243
31226,6049.362918585064
30370,6049.362918585064
29514,6248.623011717822
28658,6371.793671165112
27802,6371.793671165112
26946,7807.53768796378
26090,7402.862878543367
25234,7199.282105473243
24378,7213.322757929927
23522,7213.322757929927
22666,6370.273769546306
21810,6370.273769546306
20954,6044.677490783924
20098,6032.24075060706
19242,6057.993997182033
18386,6086.67021528686
17530,6257.254090314791
16674,6392.678577231598
15818,6392.678577231598
14962,8707.691901163966
14106,7517.131274819801
13250,7304.660825458842
12394,7336.503712579008
11538,7336.503712579008
10682,6437.737643719606
9826,6437.737643719606
8970,6237.797486682572
8114,6145.728925781335
7258,6147.6996094685555
6402,6147.6996094685555
5546,6257.254090314791
4690,6392.678577231598
3834,6392.678577231598
2978,7829.05083130599
2122,7422.745243953334
1266,7219.16447088321
410,7204.918057317938
40643,5269.356175908398
39787,5269.356175908398
38931,6229.4104227759
38075,5848.476868010451
37219,5657.407326054769
36363,5657.675530357676
35507,5657.675530357676
34651,5199.651007566418
33795,5199.651007566418
32939,4970.710614569109
32083,4893.270361540013
31227,4830.239897836887
30371,4830.239897836887
29515,5004.790424155184
28659,5147.0517510797845
27803,5147.0517510797845
26947,6021.793304946064
26091,5666.3382119238895
25235,5511.186647958222
24379,5502.733165226177
23523,5502.733165226177
22667,5145.531849460978
21811,5145.531849460978
20955,4837.4843198537055
20099,4828.925478153751
19243,4854.678724728724
18387,4899.431535055771
17531,5029.229251047021
16675,5167.936657146271
15819,5167.936657146271
14963,6478.259160033866
14107,5780.6066082003235
13251,5616.565367943821
12395,5654.201185897214
11539,5654.201185897214
10683,5212.995723634279
9827,5212.995723634279
8971,5046.680907974573
8115,4958.490245550246
7259,4960.460929237466
6403,4960.460929237466
5547,5025.612288966385
4691,5167.936657146271
3835,5167.936657146271
2979,6043.306448288275
2123,5700.410202814821
1267,5545.258638849154
411,5536.805156117109
40644,5740.547000013373
39788,5740.547000013373
38932,6701.160253620238
38076,6414.296798282442
37220,6196.102693810538
36364,6203.235336758407
35508,6203.235336758407
34652,5670.841831671393
33796,5670.841831671393
32940,5467.14230807232
32084,5387.019934129505
31228,5307.048165851827
30372,5307.048165851827
29516,5481.4595401961105
28660,5618.2425751847595
27804,5618.2425751847595
26948,6494.445561522195
26092,6232.158142195881
25236,6049.882015713991
24380,6048.292971626909
23524,6048.292971626909
22668,5616.722673565953
21812,5616.722673565953
20956,5316.974708782365
20100,5305.733746168691
19244,5331.486992743664
18388,5376.239803070711
17532,5505.898367087947
16676,5639.127481251246
15820,5639.127481251246
14964,7008.311892201879
14108,6346.426538472315
13252,6155.2607356995895
12396,6199.760992297945
11540,6199.760992297945
10684,5684.186547739254
9828,5684.186547739254
8972,5526.171296903232
8116,5435.298513565186
7260,5437.269197252406
6404,5437.269197252406
5548,5502.281405007311
4692,5639.127481251246
3836,5639.127481251246
2980,6515.958704864405
2124,6266.230133086812
1268,6083.954006604922
412,6082.3649625178405
40645,4745.961884482849
39789,4745.961884482849
38933,5729.1057607283565
38077,5495.408681117355
37221,5269.486140662882
36365,5299.527881839606
35509,5299.527881839606
34653,4676.25671614087
33797,4676.25671614087
32941,4474.888853610684
32085,4392.832020196911
31229,4365.803718497732
30373,4365.803718497732
29517,4520.786800015182
28661,4623.657459654236
27805,4623.657459654236
26949,5549.203698124788
26093,5327.459650511758
25237,5137.455088047299
24381,5187.0622082110285
23525,5187.0622082110285
22669,4622.13755803543
21813,4622.13755803543
20957,4368.658901117579
20101,4352.298512600364
19245,4378.051759175337
18389,4406.727977280164
17533,4533.034840692787
16677,4644.542365720722
15821,4644.542365720722
14965,6395.644182351721
14109,5441.728046788192
13253,5242.833808032898
12397,5310.243162860109
11541,5310.243162860109
10685,4689.60143220873
9829,4689.60143220873
8973,4561.778897016226
8117,4465.786687774639
7261,4467.757371461859
6405,4467.757371461859
5549,4529.417878612151
4693,4644.542365720722
3837,4644.542365720722
2981,5556.527215986034
2125,5347.342015921725
1269,5157.337453457266
413,5178.6575075990395
40646,4920.079085200128
39790,4920.079085200128
38934,5692.074542899678
38078,5475.863341586582
37222,5272.213207504363
36366,5290.978402366963
35510,5290.978402366963
34654,4854.882533382321
33798,4854.882533382321
32942,4621.160383740029
32086,4539.103550326256
31230,4512.075248627077
30374,4512.075248627077
29518,4676.4943715656
28662,4802.283276895687
27806,4802.283276895687
26950,5512.17248029611
26094,5307.914310980985
25238,5140.18215488878
24382,5178.512728738385
23526,5178.512728738385
22670,4800.763375276881
21814,4800.763375276881
20958,4514.930431246924
20102,4498.570042729709
19246,4524.323289304682
18390,4552.999507409509
17534,4688.742412243205
16678,4823.168182962173
15822,4823.168182962173
14966,5954.448709902947
14110,5407.993081776454
13254,5231.3712493934145
12398,5287.504057906501
11542,5287.504057906501
10686,4868.227249450181
9830,4868.227249450181
8974,4697.130677145493
8118,4604.323434336488
7262,4606.2941180237085
6406,4606.2941180237085
5550,4676.227234397609
4694,4823.168182962173
3838,4823.168182962173
2982,5519.495998157356
2126,5327.796676390952
1270,5160.064520298747
414,5170.108028126396
40647,5969.589386122738
39791,5969.589386122738
38935,6836.489929946993
38079,6510.292111167353
37223,6255.916104612221
36367,6275.838409383455
35511,6275.838409383455
34655,5896.9940694756415
33799,5896.9940694756415
32943,5434.437969778921
32087,5345.2485278046
31231,5318.22022610542
30375,5318.22022610542
29519,5606.304306312301
28663,5839.94432534218
27807,5839.94432534218
26951,6639.514375683086
26095,6337.892592914928
25239,6119.434564349809
24383,6158.922248108049
23527,6158.922248108049
22671,5838.424423723374
21815,5838.424423723374
20959,5323.757529638987
20103,5304.715020208053
19247,5330.468266783025
18391,5359.144484887852
17535,5618.552346989906
16679,5860.829231408667
15823,5860.829231408667
14967,7480.225048141581
14111,6456.61147683819
13255,6229.263771982236
12399,6286.553690403956
11543,6286.553690403956
10687,5910.338785543503
9831,5910.338785543503
8975,5521.328013184463
8119,5422.653683029156
7263,5424.624366716375
6407,5424.624366716375
5551,5614.93538490927
4695,5860.829231408667
3839,5860.829231408667
2983,6661.027519025296
2127,6357.774958324894
1271,6139.316929759777
415,6150.517547496059
40648,6661.542623868809
39792,6661.542623868809
38936,7977.319709724024
38080,7607.89086356794
37224,7362.329321873304
36368,7373.686278415119
35512,7373.686278415119
34656,6591.837455526829
33800,6591.837455526829
32944,6270.1771281846995
32088,6189.055135937842
31232,6162.0268342386635
30376,6162.0268342386635
29520,6362.649023663659
28664,6539.2381990401955
27808,6539.2381990401955
26952,7775.812999256547
26096,7439.941832962343
25240,7230.298269257722
24384,7261.220604786541
23528,7261.220604786541
22672,6537.718297421389
21816,6537.718297421389
20960,6163.947175691595
20104,6144.90466626066
19248,6170.6579128356325
18392,6199.3341309404595
17536,6371.280102260628
16680,6560.123105106682
15824,6560.123105106682
14968,8670.642206195804
14112,7554.210229238777
13256,7335.67698924332
12400,7384.4015594356215
11544,7384.4015594356215
10688,6605.18217159469
9832,6605.18217159469
8976,6357.067171590242
8120,6258.392841434935
7264,6260.363525122155
6408,6260.363525122155
5552,6371.280102260628
4696,6560.123105106682
3840,6560.123105106682
2984,7797.3261425987575
2128,7459.82419837231
1272,7250.1806346676885
416,7252.815904174552
40649,4855.111406856835
39793,4855.111406856835
38937,5535.965130865692
38081,5319.753929552596
37225,5124.918260330874
36369,5143.6834551934735
35513,5143.6834551934735
34657,4785.406238514855
33801,4785.406238514855
32945,4574.0863368414175
32089,4492.029503427644
31233,4412.057735149967
30377,4412.057735149967
29521,4600.686907560305
28665,4732.806982028222
27809,4732.806982028222
26953,5341.87344278116
26097,5137.6152734660345
25241,4978.697582234327
24385,4988.741090061975
23529,4988.741090061975
22673,4731.2870804094155
21817,4731.2870804094155
20961,4423.918737551463
20105,4410.743315466831
19249,4436.496562041803
18393,4481.24937236885
17537,4625.125734452142
16681,4753.691888094708
15825,4753.691888094708
14969,5774.688264145465
14113,5251.883669742469
13257,5084.076302219925
12401,5140.209110733012
11545,5140.209110733012
10689,4798.750954582716
9833,4798.750954582716
8977,4633.11532567233
8121,4540.308082863326
7265,4542.278766550546
6409,4542.278766550546
5553,4621.508772371506
4697,4753.691888094708
3841,4753.691888094708
2985,5363.38658612337
2129,5171.687264356966
1273,5012.769573125258
417,5022.813080952907
40650,5772.495411155912
39794,5772.495411155912
38938,6725.848977835563
38082,6483.715121578667
37226,6268.565445729104
36370,6280.027121298426
35514,6280.027121298426
34658,5707.298859338104
33802,5707.298859338104
32946,5495.954920611539
32090,5428.068325302647
31234,5401.040023603468
30378,5401.040023603468
29522,5551.241348475936
28666,5659.631382194441
27810,5659.631382194441
26954,6537.353264829663
26098,6320.697870316041
25242,6141.466172456492
24386,6172.493227012819
23530,6172.493227012819
22674,5658.111480575635
21818,5658.111480575635
20962,5394.656747461405
20106,5387.5348177061005
19250,5413.288064281073
18394,5441.9642823859
17538,5563.489389153541
16682,5680.5162882609275
15826,5680.5162882609275
14970,7321.50246975452
14114,6430.034487249504
13258,6241.91311309912
12402,6290.742402318929
11546,6290.742402318929
10690,5720.643575405965
9834,5720.643575405965
8978,5582.844964017081
8122,5496.091213537405
7266,5498.061897224625
6410,5498.061897224625
5554,5559.872427072905
4698,5680.5162882609275
3842,5680.5162882609275
2986,6558.866408171873
2130,6340.580235726008
1274,6161.348537866459
418,6164.08852640083
40651,4804.38056457293
39795,4804.38056457293
38939,5585.952072319698
38083,5369.740871006602
37227,5166.090736924383
36371,5184.855931786983
35515,5184.855931786983
34659,4759.94639069798
33803,4759.94639069798
32947,4519.39553215716
32091,4438.037704775419
31235,4411.00940307624
30379,4411.00940307624
29523,4573.10719054012
28667,4714.493094582389
27811,4714.493094582389
26955,5413.195970087173
26099,5208.937800772048
25243,5041.205644679843
24387,5079.536218529448
23531,5079.536218529448
22675,4700.782406749351
21819,4700.782406749351
20963,4420.311540035098
20107,4397.504197178872
19251,4423.257443753845
18395,4451.933661858672
17539,4585.355231217725
16683,4723.1872144346435
15827,4723.1872144346435
14971,5871.550778257656
14115,5316.060236677439
13259,5139.438404294399
12403,5195.571212807486
11547,5195.571212807486
10691,4757.694108053659
9835,4757.694108053659
8979,4595.365825562624
8123,4502.55858275362
7267,4504.52926644084
6411,4504.52926644084
5555,4572.84005337213
4699,4719.781001936693
3843,4719.781001936693
2987,5420.519487948419
2131,5228.820166182015
1275,5061.08801008981
419,5071.131517917459
40652,5986.754565026514
39796,5986.754565026514
38940,6814.860579436808
38084,6535.57314006767
37228,6317.379035595765
36372,6324.511678543635
35516,6324.511678543635
34660,5917.049396684534
33804,5917.049396684534
32948,5598.49499407928
32092,5516.329246826686
31236,5436.357478549009
30380,5436.357478549009
29524,5665.611436089798
28668,5854.830750919464
27812,5854.830750919464
26956,6598.526498060328
26100,6343.815094702672
25244,6161.5389682207815
24388,6159.9499241337
23532,6159.9499241337
22676,5853.3108493006575
21820,5853.3108493006575
20964,5438.708005510889
20108,5435.043058865873
19252,5460.796305440846
18396,5505.5491157678925
17540,5690.050262981635
16684,5875.71565698595
15828,5875.71565698595
14972,7096.668906756434
14116,6467.702880257542
13260,6276.537077484817
12404,6321.037334083173
11548,6321.037334083173
10692,5930.394112752395
9836,5930.394112752395
8980,5657.523982910193
8124,5574.2272155408045
7268,5576.197899228025
6412,5576.197899228025
5556,5686.433300900999
4700,5875.71565698595
3844,5875.71565698595
2988,6620.039641402538
2132,6377.887085593603
1276,6195.610959111713
420,6194.021915024631
40653,7115.193212389271
39797,7115.193212389271
38941,8556.051491975175
38085,8115.305461959007
37229,7911.988612982098
36373,7893.674224628413
35517,7893.674224628413
34661,7045.488044047292
33805,7045.488044047292
32949,6770.908543142436
32093,6724.230846677061
31237,6697.202544977881
30381,6697.202544977881
29525,6902.479019178969
28669,6997.820566903628
27813,6997.820566903628
26957,8341.913242975572
26101,7952.288210696381
25245,7784.889339709486
24389,7786.140330342806
23533,7786.140330342806
22677,6996.300665284823
21821,6996.300665284823
20965,6669.6103699923015
20109,6683.697339080513
19253,6709.450585655486
18397,6738.126803760313
17541,6914.727059856574
16685,7018.705472970115
15829,7018.705472970115
14973,8855.858570287051
14117,8061.624827629844
13261,7885.336280352114
12405,7904.3895056489155
11549,7904.3895056489155
10693,7058.832760115151
9837,7058.832760115151
8981,6857.798586547978
8125,6792.253734911817
7269,6794.2244185990385
6413,6794.2244185990385
5557,6911.110097775938
4701,7018.705472970115
3845,7018.705472970115
2989,8363.42638631778
2133,7972.170576106348
1277,7804.771705119453
421,7777.735629730817
40654,6273.849590277869
39798,6273.849590277869
38942,7439.823131350779
38086,7015.658549208886
37230,6833.403472113701
36374,6833.671676416608
35518,6833.671676416608
34662,6224.906799878747
33806,6224.906799878747
32950,5934.73030026171
32094,5857.290047232615
31238,5830.261745533436
30382,5830.261745533436
29526,6035.5382197345225
28670,6172.307543392113
27814,6172.307543392113
26958,7237.41399515151
26102,6847.709518603289
25246,6701.372419498119
24390,6721.20600278803
23534,6721.20600278803
22678,6158.596855559075
21822,6158.596855559075
20966,5828.500347768605
20110,5816.756539636068
19254,5842.509786211041
18398,5871.186004315868
17542,6047.786260412127
16686,6181.001663244368
15830,6181.001663244368
14974,7714.942186820361
14118,6961.977914879723
13262,6806.751139483717
12406,6844.38695743711
11550,6844.38695743711
10694,6222.654517234426
9838,6222.654517234426
8982,5993.759289092623
8126,5905.568626668296
7270,5907.539310355516
6414,5907.539310355516
5558,6035.271082566532
4702,6177.595450746418
3846,6177.595450746418
2990,7244.737513012756
2134,6867.591884013256
1278,6721.254784908086
422,6712.801302176041
40655,5399.140620278683
39799,5399.140620278683
38943,6255.334698511406
38087,5883.266601487112
37231,5701.011524391927
36375,5701.2797286948335
35519,5701.2797286948335
34663,5329.435451936703
33807,5329.435451936703
32951,5093.58186824414
32095,5011.525034830367
31239,4984.496733131188
30383,4984.496733131188
29527,5136.4896842972375
28671,5276.83619545007
27815,5276.83619545007
26959,6061.907206162535
26103,5715.317570881515
25247,5568.9804717763445
24391,5588.814055066256
23535,5588.814055066256
22679,5275.3162938312635
21823,5275.3162938312635
20967,4987.351915751035
20111,4970.99152723382
19255,4996.744773808793
18399,5000.744903771573
17543,5139.839509209883
16687,5297.721101516556
15831,5297.721101516556
14975,6508.542469027779
14119,5815.396341676985
13263,5660.169566280979
12407,5697.805384234372
11551,5697.805384234372
10695,5342.780168004564
9839,5342.780168004564
8983,5152.610857075053
8127,5059.8036142660485
7271,5061.774297953269
6415,5061.774297953269
5559,5136.222547129247
4703,5297.721101516556
3847,5297.721101516556
2991,6069.230724023781
2135,5735.199936291482
1279,5588.8628371863115
423,5580.409354454267
40656,6338.96833050818
39800,6338.96833050818
38944,7412.7133989691
38088,7153.271170279559
37232,6958.4355010578365
36376,6977.200695920436
35520,6977.200695920436
34664,6287.13539180394
33808,6287.13539180394
32952,6039.5305648593185
32096,5962.642633077153
31240,5935.614331377975
30384,5935.614331377975
29528,6122.43794964027
28672,6239.705036948916
27816,6239.705036948916
26960,7228.998594146743
26104,6990.491041305571
25248,6831.5733500738625
24392,6869.903923923468
23536,6869.903923923468
22680,6225.994349115878
21824,6225.994349115878
20968,5938.469513997822
20112,5922.109125480606
19256,5947.86237205558
18400,5976.538590160407
17544,6134.685990317875
16688,6248.399156801171
15832,6248.399156801171
14976,7734.458932759416
14120,7099.590535950396
13264,6931.7831684278535
12408,6987.91597694094
11552,6987.91597694094
10696,6284.883109159619
9840,6284.883109159619
8984,6098.559553690231
8128,6005.752310881226
7272,6007.722994568447
6416,6007.722994568447
5560,6122.170812472279
4704,6244.992944303221
3848,6244.992944303221
2992,7236.322112007989
2136,7010.373406715537
1280,6851.45571548383
424,6861.499223311478
40657,5059.414829743643
39801,5059.414829743643
38945,5832.327496028352
38089,5540.650662646955
37233,5358.395585551771
36377,5358.663789854677
35521,5358.663789854677
34665,4986.819513096547
33809,4986.819513096547
32953,4750.965929403984
32097,4674.077997621819
31241,4647.04969592264
30385,4647.04969592264
29529,4799.04264708869
28673,4939.389158241522
27817,4939.389158241522
26961,5644.068905311089
26105,5377.870533672967
25249,5231.533434567797
24393,5251.367017857708
23537,5251.367017857708
22681,4937.8692566227155
21825,4937.8692566227155
20969,4649.9048785424875
20113,4633.544490025272
19257,4659.297736600245
18401,4687.973954705072
17545,4811.2906877662945
16689,4960.274064308008
15833,4960.274064308008
14977,6075.022568345728
14121,5472.780402836828
13265,5317.553627440822
12409,5355.189445394215
11553,5355.189445394215
10697,5000.1642291644075
9841,5000.1642291644075
8985,4809.994918234896
8129,4717.187675425892
7273,4719.158359113112
6417,4719.158359113112
5561,4798.775509920699
4705,4960.274064308008
3849,4960.274064308008
2993,5651.392423172335
2137,5397.752899082934
1281,5251.4157999777635
425,5242.962317245719
40658,6171.169432721927
39802,6171.169432721927
38946,7356.823427337779
38090,6983.593010998675
37234,6771.461697161269
36378,6753.147308807584
35522,6753.147308807584
34666,6122.226642322805
33810,6122.226642322805
32954,5877.689250613314
32098,5804.172645924569
31242,5777.14434422539
30386,5777.14434422539
29530,5936.7817105189315
28674,6069.627385836171
27818,6069.627385836171
26962,7146.735042845601
26106,6815.643980393078
25250,6639.430644545686
24394,6640.681635179006
23538,6640.681635179006
22682,6055.916698003133
21826,6055.916698003133
20970,5771.459298120209
20114,5763.639138328022
19258,5789.392384902995
18402,5818.068603007822
17546,5949.029751196536
16690,6078.3215056884255
15834,6078.3215056884255
14978,8012.729203839642
14122,6929.912376669512
13266,6744.809364531285
12410,6763.862589828086
11554,6763.862589828086
10698,6119.974359678484
9842,6119.974359678484
8986,5953.6595440187775
8130,5869.392529934802
7274,5871.363213622022
6418,5871.363213622022
5562,5936.514573350941
4706,6074.9152931904755
3850,6074.9152931904755
2994,7154.058560706847
2138,6835.526345803045
1282,6659.313009955653
426,6632.276934567017
40659,5312.251271555479
39803,5312.251271555479
38947,6575.158085910346
38091,6144.137272910747
37235,5904.638521850609
36379,5899.113795320289
35523,5899.113795320289
34667,5242.5461032135
33811,5242.5461032135
32955,5003.931447189041
32099,4931.113848532329
31243,4904.08554683315
30387,4904.08554683315
29531,5079.844130492851
28675,5197.092807097909
27819,5197.092807097909
26963,6372.215661789211
26107,5983.334202676193
25251,5779.753429606069
24395,5793.794082062754
23539,5793.794082062754
22683,5195.572905479103
21827,5195.572905479103
20971,4904.847455066979
20115,4890.580340935782
19259,4916.333587510755
18403,4945.009805615582
17547,5092.092171170456
16691,5217.977713164395
15835,5217.977713164395
14979,7241.881062694433
14123,6090.456638581584
13267,5877.986189220625
12411,5909.829076340791
11555,5909.829076340791
10699,5255.890819281361
9843,5255.890819281361
8987,5090.821490594583
8131,4996.922555739015
7275,4998.893239426235
6419,4998.893239426235
5563,5088.47520908982
4707,5217.977713164395
3851,5217.977713164395
2995,6379.539179650456
2139,6003.21656808616
1283,5799.635795016036
427,5785.389381450765
40660,5039.635112538412
39804,5039.635112538412
38948,5716.7438232048435
38092,5500.532621891747
37236,5305.696952670025
36380,5324.462147532625
35524,5324.462147532625
34668,4969.929944196432
33812,4969.929944196432
32956,4747.73715669969
32100,4666.379329317949
31244,4639.35102761877
30388,4639.35102761877
29532,4784.130136928009
28676,4924.476648080841
27820,4924.476648080841
26964,5543.987720972318
26108,5339.729551657193
25252,5180.811860425485
24396,5219.14243427509
23540,5219.14243427509
22684,4922.956746462035
21828,4922.956746462035
20972,4648.653164577628
20116,4625.845821721402
19260,4651.599068296375
18404,4662.0461525981655
17548,4787.479961840654
16692,4945.361554147327
15836,4945.361554147327
14980,5992.953976303353
14124,5432.66236208162
13268,5264.854994559077
12412,5320.987803072163
11556,5320.987803072163
10700,4983.274660264293
9844,4983.274660264293
8988,4806.766145530602
8132,4713.958902721598
7276,4715.929586408818
6420,4715.929586408818
5564,4783.862999760018
4708,4945.361554147327
3852,4945.361554147327
2996,5551.311238833564
2140,5359.61191706716
1284,5200.694225835452
428,5210.737733663101
40661,6091.267349842639
39805,6091.267349842639
38949,7448.475520866651
38093,7086.622690679225
37237,6848.841256741915
36381,6868.7635615131485
35525,6868.7635615131485
34669,6018.672033195543
33813,6018.672033195543
32957,5767.705367629761
32101,5695.711330902534
31245,5668.6830292033555
30389,5668.6830292033555
29533,5858.50708091504
28677,5971.241678340518
27821,5971.241678340518
26965,7252.137712030783
26109,6923.842561705237
25253,6721.9791057579405
24397,6761.466789516179
23541,6761.466789516179
22685,5969.721776721712
21829,5969.721776721712
20973,5666.644316768265
20117,5655.177823305988
19261,5680.93106988096
18405,5709.6072879857875
17549,5870.755121592645
16693,5992.126584407004
15837,5992.126584407004
14981,7802.487803381016
14125,7032.942056350063
13269,6822.188924111931
12413,6879.478842533651
11557,6879.478842533651
10701,6032.016749263404
9845,6032.016749263404
8989,5854.595411035303
8133,5763.497096848654
7277,5765.467780535874
6421,5765.467780535874
5565,5867.138159512009
4709,5992.126584407004
3853,5992.126584407004
2997,7273.650855372994
2141,6943.724927115204
1285,6741.861471167907
429,6753.06208890419
40662,4444.767605332015
39806,4444.767605332015
38950,5311.67284470902
38094,5095.461643395924
37238,4891.811509313705
36382,4910.576704176305
35526,4910.576704176305
34670,4375.062436990035
33814,4375.062436990035
32958,4210.453458803198
32102,4128.396625389425
31246,4065.366161686299
30390,4065.366161686299
29534,4221.463832065805
28678,4322.463180503401
27822,4322.463180503401
26966,5117.581156624487
26110,4913.322987309362
25254,4745.590831217158
24398,4755.634339044806
23542,4755.634339044806
22686,4320.943278884595
21830,4320.943278884595
20974,4077.2271640877952
20118,4064.0517420031633
19262,4089.8049885781365
18406,4134.557798905183
17550,4245.9026589576415
16694,4343.3480865698875
15838,4343.3480865698875
14982,5589.650691504812
14126,5027.591383585796
13270,4850.9695512027565
12414,4907.102359715843
11558,4907.102359715843
10702,4388.407153057896
9846,4388.407153057896
8990,4286.423752208662
8134,4193.616509399658
7278,4195.587193086878
6422,4195.587193086878
5566,4242.285696877006
4710,4343.3480865698875
3854,4343.3480865698875
2998,5139.094299966698
2142,4947.394978200294
1286,4779.662822108089
430,4789.706329935738
40663,5150.564384587944
39807,5150.564384587944
38951,6034.73598433672
38095,5734.193693214169
37239,5543.1241512584875
36383,5543.392355561394
35527,5543.392355561394
34671,5085.367832770136
33815,5085.367832770136
32959,4856.427439772827
32103,4778.987186743731
31247,4751.9588850445525
30391,4751.9588850445525
29535,4911.596251338094
28679,5032.768576283503
27823,5032.768576283503
26967,5841.308491987849
26111,5566.244662608572
25255,5411.093098642905
24399,5430.926681932816
23543,5430.926681932816
22687,5031.248674664696
21831,5031.248674664696
20975,4750.197487279722
20119,4738.453679147185
19263,4764.206925722157
18407,4785.148360259489
17551,4914.946076250739
16695,5053.653482349989
15839,5053.653482349989
14983,6283.584721594686
14127,5666.323433404042
13271,5502.282193147539
12415,5539.918011100932
11559,5539.918011100932
10703,5098.712548837997
9847,5098.712548837997
8991,4932.397733178291
8135,4844.207070753964
7279,4846.177754441184
6423,4846.177754441184
5567,4911.329114170103
4711,5053.653482349989
3855,5053.653482349989
2999,5848.632009849095
2143,5586.127028018539
1287,5430.975464052872
431,5422.521981320827
40664,6375.587559930169
39808,6375.587559930169
38952,7526.816270777499
38096,7158.471534920473
37240,6978.1748575697
36384,6965.653400049242
35528,6965.653400049242
34672,6305.882391588189
33816,6305.882391588189
32960,6023.658475555842
32104,5949.17945149409
31248,5886.148987790964
30392,5886.148987790964
29536,6113.983037144299
28680,6258.214914444527
27824,6258.214914444527
26968,7315.149288440237
26112,6981.264658176882
25256,6836.885958816124
24400,6815.642814260715
23544,6815.642814260715
22688,6256.69501282572
21832,6256.69501282572
20976,5895.36396018341
20120,5884.834568107828
19264,5910.587814682801
18408,5955.340625009848
17552,6138.421864036135
16696,6279.099820511013
15840,6279.099820511013
14984,7835.828050254785
14128,7090.601275110345
13272,6937.332899458752
12416,6962.17905558878
11560,6962.17905558878
10704,6319.22710765605
9848,6319.22710765605
8992,6099.628768961306
8136,6009.467556161352
7280,6011.438239848572
6424,6011.438239848572
5568,6134.804901955499
4712,6279.099820511013
3856,6279.099820511013
3000,7336.662431782447
2144,7015.336649067814
1288,6870.957949707055
432,6849.714805151646
40665,4865.064961152987
39809,4842.449798885422
38953,5464.9326820755205
38097,5248.721480762424
37241,5053.885811540702
36385,5072.651006403302
35529,5072.651006403302
34673,4816.122170753865
33817,4793.5070084863
32961,4598.2868065167795
32105,4393.145166447422
31249,4366.116864748243
30393,4366.116864748243
29537,4504.449019718471
28681,4660.392529583485
27825,4760.8621739715045
26969,5181.900234788206
26113,4977.642065473081
25257,4818.724374241373
24401,4857.054948090978
23545,4857.054948090978
22689,4646.681841750447
21833,4747.151486138467
20977,4368.97204736809
20121,4352.611658850875
19265,4378.364905425848
18409,4407.041123530675
17553,4516.697060396076
16697,4669.08664943574
15841,4769.556293823759
14985,5633.724764465702
14129,5091.910461749515
13273,4924.103094226972
12417,4966.046277259094
11561,4966.046277259094
10705,4710.739503425798
9849,4811.209147813817
8993,4534.2309886921075
8137,4441.423745883103
7281,4443.394429570323
6425,4443.394429570323
5569,4504.181882550481
4713,4665.68043693779
3857,4766.150081325809
3001,5189.223752649452
2145,4997.524430883048
1289,4838.60673965134
433,4848.650247478989
40666,4866.788431189926
39810,4866.788431189926
38954,5929.2061485322465
38098,5610.584345721265
37242,5372.802911783954
36386,5392.725216555188
35530,5392.725216555188
34674,4794.19311454283
33818,4794.19311454283
32962,4524.794489836792
32106,4443.181063831129
31250,4380.150600128003
30394,4380.150600128003
29538,4597.085081144329
28682,4737.143370409368
27826,4737.143370409368
26970,5718.040968787375
26114,5423.995201987876
25258,5222.131746040579
24402,5233.332363776862
23546,5233.332363776862
22690,4735.623468790562
21834,4735.623468790562
20978,4387.117707474561
20122,4378.836180444867
19266,4404.58942701984
18410,4449.342237346887
17554,4621.523908036165
16698,4758.028276475854
15842,4758.028276475854
14986,6548.198323147476
14130,5542.714085911138
13274,5331.960953673006
12418,5389.250872094726
11562,5389.250872094726
10706,4807.53783061069
9850,4807.53783061069
8994,4600.764783242256
8138,4512.85143548819
7282,4514.82211917541
6426,4514.82211917541
5570,4617.906945955529
4714,4758.028276475854
3858,4758.028276475854
3002,5739.5541121295855
2146,5458.067192878807
1290,5256.20373693151
434,5267.404354667793
40667,6751.248456881015
39811,6751.248456881015
38955,8001.293802012073
38099,7678.77533526649
37243,7460.581230794585
36387,7467.713873742455
35531,7467.713873742455
34675,6681.5432885390355
33819,6681.5432885390355
32963,6410.002636082179
32107,6337.456278108022
31251,6257.484509830345
30395,6257.484509830345
29539,6485.179407209665
28683,6628.944032052402
27827,6628.944032052402
26971,7785.597466063632
26115,7496.636679179929
25259,7314.360552698038
24403,7312.7715086109565
23547,7312.7715086109565
22691,6627.424130433596
21835,6627.424130433596
20979,6259.835036792225
20123,6256.170090147209
19267,6281.923336722181
18411,6326.676147049228
17555,6509.618234101502
16699,6649.828938118888
15843,6649.828938118888
14987,8691.805624555533
14131,7610.905075456363
13275,7419.739272683637
12419,7464.239529281993
11563,7464.239529281993
10707,6694.888004606896
9851,6694.888004606896
8995,6469.031624913092
8139,6385.734857543704
7283,6387.705541230924
6427,6387.705541230924
5571,6506.001272020866
4715,6649.828938118888
3859,6649.828938118888
3003,7807.110609405842
2147,7530.7086700708605
1291,7348.43254358897
435,7346.843499501888
40668,4617.45590101743
39812,4617.45590101743
38956,5382.9701903865525
38100,5166.758989073456
37244,4971.923319851734
36388,4990.688514714334
35532,4990.688514714334
34676,4547.75073267545
33820,4547.75073267545
32964,4390.786169616105
32108,4308.729336202332
31252,4228.757567924655
30396,4228.757567924655
29540,4394.15212775122
28684,4495.151476188817
27828,4495.151476188817
26972,5188.87850230202
26116,4984.620332986895
25260,4825.702641755187
24404,4835.746149582836
23548,4835.746149582836
22692,4493.63157457001
21836,4493.63157457001
20980,4240.618570326151
20124,4227.443148241518
19268,4253.196394816491
18412,4297.949205143538
17556,4418.590954643057
16700,4516.036382255303
15844,4516.036382255303
14988,5627.612963939508
14132,5098.888729263329
13276,4931.081361740786
12420,4987.214170253872
11564,4987.214170253872
10708,4561.095448743311
9852,4561.095448743311
8996,4449.815158447018
8140,4357.007915638013
7284,4358.9785993252335
6428,4358.9785993252335
5572,4414.973992562421
4716,4516.036382255303
3860,4516.036382255303
3004,5210.39164564423
2148,5018.692323877826
1292,4859.774632646118
436,4869.818140473767
40669,5605.749590579925
39813,5605.749590579925
38957,6712.330676179436
38101,6367.676824181145
37245,6113.300817626013
36389,6133.223122397247
35533,6133.223122397247
34677,5536.044422237946
33821,5536.044422237946
32965,5324.70048351138
32109,5244.578109568565
31253,5217.549807869386
30397,5217.549807869386
29541,5367.751132741854
28685,5483.445165751312
27829,5483.445165751312
26973,6519.805609562357
26117,6199.727793575548
25261,5981.26976501043
24405,6020.757448768669
23549,6020.757448768669
22693,5481.925264132506
21837,5481.925264132506
20981,5218.470531018275
20125,5204.044601972018
19269,5229.797848546991
18413,5250.739283084323
17557,5371.100957654499
16701,5504.330071817798
15845,5504.330071817798
14989,7366.9964461407735
14133,6299.806564371018
13277,6072.458859515064
12421,6129.748777936785
11565,6129.748777936785
10709,5549.389138305806
9853,5549.389138305806
8997,5400.670776916844
8141,5309.797993578798
7285,5311.768677266018
6429,5311.768677266018
5573,5367.4839955738635
4717,5504.330071817798
3861,5504.330071817798
3005,6527.129127423603
2149,6219.610158985515
1293,6001.152130420397
437,6012.35274815668
40670,4923.6036658849725
39814,4923.6036658849725
38958,6208.109558963736
38102,5816.228481757408
37246,5576.7297306972705
36390,5571.20500416695
35534,5571.20500416695
34678,4858.407114067165
33822,4858.407114067165
32966,4623.171114247395
32110,4546.707181920592
31254,4490.123672556477
30398,4490.123672556477
29542,4679.130218546905
28686,4812.953817951574
27830,4812.953817951574
26974,6008.540827236736
26118,5641.23578604189
25262,5437.655012971766
24406,5423.408599406494
23550,5423.408599406494
22694,4811.433916332768
21838,4811.433916332768
20982,4497.090779903035
20126,4488.8092528733405
19270,4514.562499448313
18414,4559.31530977536
17558,4703.569045438741
16702,4833.83872401806
15846,4833.83872401806
14990,6655.450981074069
14134,5748.358221947281
13278,5535.887772586322
12422,5567.730659706488
11566,5567.730659706488
10710,4871.751830135026
9854,4871.751830135026
8998,4699.141407652859
8142,4611.228059898793
7286,4613.198743586013
6430,4613.198743586013
5574,4699.9520833581055
4718,4833.83872401806
3862,4833.83872401806
3006,6030.053970578946
2150,5675.307776932821
1294,5471.7270038626975
438,5457.480590297426
40671,6614.629070494587
39815,6614.629070494587
38959,7839.103485977151
38103,7468.72546032368
37247,7262.390249334613
36391,7273.8519249039355
35535,7273.8519249039355
34679,6565.686280095465
33823,6565.686280095465
32967,6278.548628926427
32111,6201.108375897332
31255,6174.080074198153
30399,6174.080074198153
29543,6369.9205069781665
28687,6513.087023608831
27831,6513.087023608831
26975,7636.694349777882
26119,7300.776429718083
25263,7130.3591967190305
24407,7161.386251275358
23551,7161.386251275358
22695,6499.376335775793
21839,6499.376335775793
20983,6172.318676433322
20127,6160.574868300785
19271,6186.328114875758
18415,6215.004332980585
17559,6382.168547655771
16703,6521.781143461086
15847,6521.781143461086
14991,8517.909499113764
14135,7415.044825994517
13279,7235.737916704629
12423,7284.567205924438
11567,7284.567205924438
10711,6563.433997451144
9855,6563.433997451144
8999,6337.57761775734
8143,6249.386955333013
7287,6251.357639020233
6431,6251.357639020233
5575,6369.653369810176
4719,6518.374930963136
3863,6518.374930963136
3007,7644.017867639128
2151,7320.65879512805
1295,7150.241562128997
439,7152.981550663369
40672,4382.961032731502
39816,4382.961032731502
38960,5254.27694292505
38104,5038.065741611954
37248,4834.415607529735
36392,4853.180802392335
35536,4853.180802392335
34680,4313.255864389523
33824,4313.255864389523
32968,4148.646886202686
32112,4066.5900527889144
31256,4003.5595890857894
30400,4003.5595890857894
29544,4159.657259465293
28688,4260.656607902889
27832,4260.656607902889
26976,5060.185254840518
26120,4855.927085525393
25264,4688.194929433188
24408,4698.238437260837
23552,4698.238437260837
22696,4259.136706284083
21840,4259.136706284083
20984,4015.4205914872855
20128,4002.2451694026527
19272,4027.998415977625
18416,4072.751226304672
17560,4184.096086357129
16704,4281.541513969375
15848,4281.541513969375
14992,5522.570750201501
14136,4970.195481801827
13280,4793.573649418787
12424,4849.706457931873
11568,4849.706457931873
10712,4326.600580457383
9856,4326.600580457383
9000,4224.61717960815
8144,4131.809936799145
7288,4133.7806204863655
6432,4133.7806204863655
5576,4180.479124276493
4720,4281.541513969375
3864,4281.541513969375
3008,5081.698398182728
2152,4889.999076416324
1296,4722.266920324119
440,4732.310428151768
40673,7009.230411109513
39817,7009.230411109513
38961,8053.549285058703
38105,7661.04782529929
37249,7406.6718187441575
36393,7426.594123515391
35537,7426.594123515391
34681,6939.525242767533
33825,6939.525242767533
32969,6385.142868901756
32113,6290.784525295826
31257,6263.756223596647
30401,6263.756223596647
29545,6600.342070193583
28689,6877.306597002463
27833,6877.306597002463
26977,7842.42318531279
26121,7483.479405415256
25265,7265.021376850138
24409,7304.509060608377
23553,7304.509060608377
22697,6875.7866953836565
21841,6875.7866953836565
20985,6269.293527130214
20129,6250.251017699279
19273,6276.004264274252
18417,6304.680482379079
17561,6612.590110871188
16705,6898.191503068949
15849,6898.191503068949
14993,8713.23941892603
14137,7607.367190970127
13281,7380.019486114174
12425,7437.309404535894
11569,7437.309404535894
10713,6952.869958835394
9857,6952.869958835394
9001,6472.032912307298
8145,6373.358582151991
7289,6375.329265839211
6433,6375.329265839211
5577,6608.973148790552
4721,6898.191503068949
3865,6898.191503068949
3009,7863.936328655001
2153,7503.361770825223
1297,7284.903742260105
441,7296.104359996388
40674,7245.501086084065
39818,7245.501086084065
38962,8686.359365669967
38106,8245.613335653801
37250,8042.2964866768925
36394,8023.9820983232075
35538,8023.9820983232075
34682,7175.795917742085
33826,7175.795917742085
32970,6901.21641683723
32114,6854.538720371855
31258,6774.566952094178
30402,6774.566952094178
29546,7011.697890894572
28690,7128.128440598423
27834,7128.128440598423
26978,8458.031491189397
26122,8068.406458910211
25266,7901.007587923316
24410,7873.97151253468
23554,7873.97151253468
22698,7126.608538979616
21842,7126.608538979616
20986,6755.980596890247
20130,6773.252532411041
19274,6799.005778986014
18418,6843.758589313061
17562,7036.136717786408
16706,7149.013346664909
15850,7149.013346664909
14994,9311.169681104911
14138,8177.743075843674
13282,8001.454528565944
12426,8020.507753862746
11570,8020.507753862746
10714,7189.140633809947
9858,7189.140633809947
9002,6960.245405668144
8146,6897.885520464565
7290,6899.856204151786
6434,6899.856204151786
5578,7032.519755705772
4722,7149.013346664909
3866,7149.013346664909
3010,8479.544634531605
2154,8102.478449801142
1298,7935.079578814248
442,7908.043503425612
40675,5241.049614922049
39819,5241.049614922049
38963,6421.78480299917
38107,6095.586984219531
37251,5841.210977664398
36395,5861.133282435632
35539,5861.133282435632
34683,5175.853063104241
33827,5175.853063104241
32971,4978.169920573497
32115,4893.430966246004
31259,4866.402664546825
30403,4866.402664546825
29547,5002.943193223472
28691,5123.253806617608
27835,5123.253806617608
26979,6229.259736382091
26123,5927.637953613934
25267,5709.179925048816
24411,5748.667608807054
23555,5748.667608807054
22699,5121.733904998801
21843,5121.733904998801
20987,4871.939968080392
20131,4852.897458649457
19275,4878.65070522443
18419,4907.326923329257
17563,5015.191233901077
16707,5144.138712684094
15851,5144.138712684094
14995,7081.63983977276
14139,6041.906349890368
13283,5814.558645034414
12427,5871.848563456135
11571,5871.848563456135
10715,5189.197779172102
9859,5189.197779172102
9003,5065.059963979039
8147,4966.385633823732
7291,4968.356317510952
6435,4968.356317510952
5579,5011.574271820441
4723,5144.138712684094
3867,5144.138712684094
3011,6250.772879724302
2155,5947.520319023901
1299,5729.062290458783
443,5740.262908195065
40676,6454.126891753912
39820,6454.126891753912
38964,7605.355602601242
38108,7238.981417119843
37252,7058.684739769071
36396,7046.163282248613
35540,7046.163282248613
34684,6384.421723411932
33828,6384.421723411932
32972,6102.197807379585
32116,6024.75755435049
31260,5997.729252651311
30404,5997.729252651311
29548,6210.65014197989
28692,6331.822466925299
27836,6331.822466925299
26980,7402.946466401973
26124,7071.032386514246
25268,6926.653687153488
24412,6933.697608620035
23556,6933.697608620035
22700,6330.302565306492
21844,6330.302565306492
20988,5995.96785488648
20132,5984.224046753943
19276,6009.977293328916
18420,6038.653511433743
17564,6222.8981826574945
16708,6352.707372991785
15852,6352.707372991785
14996,7913.809731313661
14140,7185.30078279068
13284,7032.032407139087
12428,7056.878563269115
11572,7056.878563269115
10716,6397.766439479793
9860,6397.766439479793
9004,6189.087850785128
8148,6097.712221928218
7292,6099.682905615438
6436,6099.682905615438
5580,6219.281220576859
4724,6352.707372991785
3868,6352.707372991785
3012,7410.269984263219
2156,7090.914751924213
1300,6946.536052563455
444,6925.292908008046
40677,5214.307946909592
39821,5214.307946909592
38965,6500.082618144004
38109,6087.517838363056
37253,5848.019087302919
36397,5842.494360772598
35541,5842.494360772598
34685,5144.602778567612
33829,5144.602778567612
32973,4910.880628925321
32117,4832.747443851898
31261,4805.7191421527195
30405,4805.7191421527195
29549,4970.138265091243
28693,5092.003522080979
27837,5092.003522080979
26981,6289.994233651826
26125,5919.56880775746
25269,5715.988034687336
24413,5730.02868714402
23557,5730.02868714402
22701,5090.483620462172
21845,5090.483620462172
20989,4804.650676432216
20133,4792.213936255352
19277,4817.967182830324
18421,4846.6434009351515
17565,4982.386305768848
16709,5112.888428147465
15853,5112.888428147465
14997,7136.434717878758
14141,6033.837204033894
13285,5821.366754672935
12429,5853.209641793101
11573,5853.209641793101
10717,5157.947494635473
9861,5157.947494635473
9005,4997.770672330863
8149,4905.702111429627
7293,4907.672795116847
6437,4907.672795116847
5581,4978.769343688212
4725,5112.888428147465
3869,5112.888428147465
3013,6311.507376994036
2157,5939.4511731674265
1301,5735.870400097303
445,5721.623986532031
40678,5438.024302033775
39822,5438.024302033775
38966,6522.3919906631545
38110,6173.121558280186
37254,5927.56001658555
36398,5938.916973127365
35542,5938.916973127365
34686,5368.319133691795
33830,5368.319133691795
32974,5150.062004269977
32118,5065.3230499424835
31262,5038.294748243305
30406,5038.294748243305
29550,5180.851657988281
28694,5315.7198772051615
27838,5315.7198772051615
26982,6329.866924046076
26126,6005.172527674589
25270,5795.528963969968
24414,5826.451299498787
23558,5826.451299498787
22702,5314.199975586355
21846,5314.199975586355
20990,5043.832051776872
20134,5024.789542345937
19278,5050.5427889209095
18422,5079.219007025737
17566,5193.099698665886
16710,5336.604783271648
15854,5336.604783271648
14998,6855.154308031609
14142,6105.251298470059
13286,5886.718058474602
12430,5935.442628666903
11574,5935.442628666903
10718,5381.663849759656
9862,5381.663849759656
9006,5209.090993100889
8150,5113.601629378165
7294,5115.572313065385
6438,5115.572313065385
5582,5180.58452082029
4726,5336.604783271648
3870,5336.604783271648
3014,6337.190441907322
2158,6025.054893084556
1302,5815.411329379935
446,5818.046598886798
40679,6362.5922585325225
39823,6362.5922585325225
38967,7430.539557431838
38111,7142.586085217708
37255,6962.289407866936
36399,6949.767950346478
35543,6949.767950346478
34687,6289.996941885426
33831,6289.996941885426
32975,6007.773025853078
32119,5938.462903422935
31263,5911.434601723756
30407,5911.434601723756
29551,6124.355491052335
28695,6247.498366373372
27839,6247.498366373372
26983,7238.231102207149
26127,6984.737735586691
25271,6840.359036225933
24415,6847.4029576924795
23559,6847.4029576924795
22703,6245.978464754566
21847,6245.978464754566
20991,5911.643754334553
20135,5897.929395826388
19279,5923.682642401361
18423,5952.358860506188
17567,6136.60353172994
16711,6268.383272439858
15855,6268.383272439858
14999,7719.652349123757
14143,7074.715825407581
13287,6921.447449755988
12431,6946.293605886016
11575,6946.293605886016
10719,6303.341657953287
9863,6303.341657953287
9007,6083.743319258542
8151,5993.582106458588
7295,5995.552790145808
6439,5995.552790145808
5583,6124.0883538843445
4727,6268.383272439858
3871,6268.383272439858
3015,7245.554620068395
2159,7004.620100996658
1303,6860.2414016359
447,6838.9982570804905
40680,5472.333947144906
39824,5472.333947144906
38968,6249.945816707438
38112,6005.2233718697535
37256,5824.926694518982
36400,5812.405236998524
35544,5812.405236998524
34688,5407.137395327099
33832,5407.137395327099
32976,5168.52273930264
32120,5094.74272127292
31264,5038.1592119088045
30408,5038.1592119088045
29552,5222.3840012542505
28696,5366.6158785544785
27840,5366.6158785544785
26984,6054.406438591616
26128,5835.162455497206
25272,5690.783756136449
24416,5669.540611581039
23560,5669.540611581039
22704,5365.095976935672
21848,5365.095976935672
20992,5047.37418430125
20136,5036.844792225668
19280,5062.598038800641
18424,5107.350849127688
17568,5246.822828146087
16712,5387.500784620965
15856,5387.500784620965
15000,6500.355240439043
14144,5937.353112059626
13288,5784.084736408034
12432,5808.930892538062
11576,5808.930892538062
10720,5420.482111394959
9864,5420.482111394959
9008,5244.493032708104
8152,5154.33181990815
7296,5156.30250359537
6440,5156.30250359537
5584,5243.205866065451
4728,5387.500784620965
3872,5387.500784620965
3016,6075.9195819338265
2160,5869.234446388137
1304,5724.85574702738
448,5703.612602471971
40681,4617.015510625688
39825,4617.015510625688
38969,5382.529799994811
38113,5166.318598681714
37257,4971.482929459992
36401,4990.248124322592
35545,4990.248124322592
34689,4547.310342283708
33833,4547.310342283708
32977,4390.3457792243635
32121,4308.28894581059
31265,4281.260644111411
30409,4281.260644111411
29553,4414.80073933867
28697,4494.711085797075
27841,4494.711085797075
26985,5202.627737391243
26129,4998.3695680761175
25273,4839.4518768444095
24417,4877.782450694014
23561,4877.782450694014
22705,4493.1911841782685
21849,4493.1911841782685
20993,4284.1158267312585
20137,4267.755438214043
19281,4293.508684789016
18425,4322.184902893843
17569,4427.048780016275
16713,4515.595991863561
15857,4515.595991863561
15001,5627.172573547766
14145,5098.448338871587
13289,4930.640971349044
12433,4986.77377986213
11577,4986.77377986213
10721,4560.655058351569
9865,4560.655058351569
9009,4449.374768055276
8153,4356.5675252462715
7297,4358.538208933492
6441,4358.538208933492
5585,4414.533602170679
4729,4515.595991863561
3873,4515.595991863561
3017,5209.951255252488
2161,5018.251933486084
1305,4859.3342422543765
449,4869.377750082025
40682,5480.0428545465775
39826,5480.0428545465775
38970,6250.255959279821
38114,6012.125943194997
37258,5831.829265844225
36402,5819.307808323767
35546,5819.307808323767
34690,5407.447537899481
33834,5407.447537899481
32978,5178.507144902172
32122,5115.789451224889
31266,5088.76114952571
30410,5088.76114952571
29554,5248.398515819251
28698,5364.948962387427
27842,5364.948962387427
26986,6066.929147905529
26130,5854.277593563979
25274,5709.898894203222
24418,5716.942815669769
23562,5716.942815669769
22706,5363.429060768621
21850,5363.429060768621
20994,5082.377873383646
20138,5075.255943628342
19282,5101.009190203315
18426,5129.685408308142
17570,5260.646556496856
16714,5385.833868453913
15858,5385.833868453913
15002,6479.589365016027
14146,5958.445308865834
13290,5805.176933214241
12434,5830.0230893442695
11578,5830.0230893442695
10722,5420.792253967342
9866,5420.792253967342
9010,5254.477438307636
8154,5170.908654260542
7298,5172.879337947762
6442,5172.879337947762
5586,5248.13137865126
4730,5385.833868453913
3874,5385.833868453913
3018,6074.252665766775
2162,5874.159958973946
1306,5729.781259613189
450,5708.53811505778
40683,4459.561659916338
39827,4459.561659916338
38971,5331.632278524019
38115,5115.421077210923
37259,4911.770943128704
36403,4930.536137991304
35547,4930.536137991304
34691,4410.618869517216
33835,4410.618869517216
32979,4230.4128926181975
32123,4148.356059204424
31267,4121.327757505245
30411,4121.327757505245
29555,4262.5122678599955
28699,4358.019613030582
27843,4358.019613030582
26987,5151.730215920451
26131,4947.472046605326
25275,4779.739890513121
24419,4818.070464362726
23563,4818.070464362726
22707,4344.308925197544
21851,4344.308925197544
20995,4124.1829401250925
20139,4107.822551607877
19283,4133.57579818285
18427,4162.252016287677
17571,4274.7603085376
16715,4366.713732882837
15859,4366.713732882837
15003,5614.799392132063
14147,5061.74044288176
13291,4885.11861049872
12435,4941.251419011806
11579,4941.251419011806
10723,4408.366586872895
9867,4408.366586872895
9011,4306.383186023661
8155,4213.575943214657
7299,4215.546626901877
6443,4215.546626901877
5587,4262.245130692005
4731,4363.307520384887
3875,4363.307520384887
3019,5159.053733781697
2163,4967.354412015293
1307,4799.622255923088
451,4809.665763750737
40684,6269.705908647695
39828,6269.705908647695
38972,7803.526982914534
38116,7347.7311757571415
37260,7108.232424697004
36404,7102.707698166683
35548,7102.707698166683
34692,6220.763118248573
33836,6220.763118248573
32980,5936.602999699865
32124,5858.469814626443
31268,5831.441512927264
30412,5831.441512927264
29556,6030.701606060022
28700,6168.163861761939
27844,6168.163861761939
26988,7584.456954571958
26132,7179.782145151545
25276,6976.201372081421
24420,6990.242024538105
23564,6990.242024538105
22708,6154.453173928901
21852,6154.453173928901
20996,5830.37304720676
20140,5817.936307029896
19284,5843.689553604869
18428,5872.365771709696
17572,6042.949646737627
16716,6176.857981614194
15860,6176.857981614194
15004,8154.418663836826
14148,7294.050541427979
13292,7081.58009206702
12436,7113.422979187186
11580,7113.422979187186
10724,6218.510835604252
9868,6218.510835604252
9012,6012.573293105329
8156,5923.6896986366755
7300,5925.660382323896
6444,5925.660382323896
5588,6030.434468892031
4732,6173.451769116244
3876,6173.451769116244
3020,7591.780472433204
2164,7199.664510561512
1308,6996.083737491388
452,6981.837323926116
40685,5158.43467714558
39829,5396.186487699148
38973,6192.339141228889
38117,5932.896912539349
37261,5738.061243317627
36405,5756.826438180226
35549,5756.826438180226
34693,5085.839360498483
33837,5323.59117105205
32981,4861.033668581356
32125,4784.145736799191
31269,4757.117435100013
30413,4757.117435100013
29557,4943.941053362308
28701,5038.409005643459
27845,5276.160816197026
26989,6008.624336406532
26133,5770.1167835653605
25277,5611.199092333653
24421,5649.529666183257
23565,5649.529666183257
22709,5036.889104024652
21853,5274.640914578219
20997,4759.972617719859
20141,4743.612229202645
19285,4769.365475777618
18429,4798.041693882445
17573,4956.189094039913
16717,5059.293911709944
15861,5295.960261168785
15005,6499.211368687612
14149,5865.026652729222
13293,5697.219285206678
12437,5753.3520937197645
11581,5753.3520937197645
10725,5099.184076566345
9869,5335.850426025184
9013,4920.062657412268
8157,4827.2554146032635
7301,4829.2260982904845
6445,4829.2260982904845
5589,4943.673916194317
4733,5059.293911709944
3877,5295.960261168785
3021,6015.947854267779
2165,5789.999148975328
1309,5631.0814577436195
453,5641.124965571269
40686,4581.86628933419
39830,4581.86628933419
38974,5347.3805787033125
38118,5131.169377390216
37262,4936.333708168494
36406,4955.098903031094
35550,4955.098903031094
34694,4512.16112099221
33838,4512.16112099221
32982,4355.196557932865
32126,4273.139724519092
31270,4193.167956241415
30414,4193.167956241415
29558,4358.56251606798
28702,4459.5618645055765
27846,4459.5618645055765
26990,5153.28889061878
26134,4949.030721303655
25278,4790.113030071947
24422,4800.156537899596
23566,4800.156537899596
22710,4458.04196288677
21854,4458.04196288677
20998,4205.028958642911
20142,4191.853536558278
19286,4217.606783133251
18430,4262.359593460298
17574,4383.001342959817
16718,4480.446770572063
15862,4480.446770572063
15006,5592.023352256268
14150,5063.299117580089
13294,4895.491750057546
12438,4951.624558570632
11582,4951.624558570632
10726,4525.505837060071
9870,4525.505837060071
9014,4414.225546763778
8158,4321.418303954773
7302,4323.3889876419935
6446,4323.3889876419935
5590,4379.384380879181
4734,4480.446770572063
3878,4480.446770572063
3022,5174.80203396099
2166,4983.102712194586
1310,4824.185020962878
454,4834.228528790527
40687,6581.786519076722
39831,6581.786519076722
38975,8173.684730422735
38119,7692.38091065895
37263,7461.696624459309
36407,7456.171897928988
35551,7456.171897928988
34695,6512.081350734742
33839,6512.081350734742
32983,6309.99367749003
32127,6232.8307391311955
31271,6205.802437432016
30415,6205.802437432016
29559,6392.6260556943125
28703,6459.482094248107
27847,6459.482094248107
26991,7972.178019955259
26135,7524.431880053353
25279,7329.665571843726
24423,7343.70622430041
23567,7343.70622430041
22711,6457.962192629302
21855,6457.962192629302
20999,6203.763724996926
20143,6192.297231534648
19287,6218.050478109621
18431,6246.726696214448
17575,6404.874096371917
16719,6480.367000314594
15863,6480.367000314594
15007,8854.600839705136
14151,7638.700276329787
13295,7435.044291829325
12439,7466.887178949491
11583,7466.887178949491
10727,6525.426066802602
9871,6525.426066802602
9015,6396.883720895573
8159,6305.785406708923
7303,6307.756090396144
6447,6307.756090396144
5591,6401.257134291282
4735,6480.367000314594
3879,6480.367000314594
3023,7993.691163297469
2167,7544.31424546332
1311,7349.547937253693
455,7335.301523688421
40688,6380.33843737038
39832,6380.33843737038
38976,7378.989585396667
38120,7091.036113182538
37264,6919.553900692263
36408,6907.0324431718045
35552,6907.0324431718045
34696,6315.141885552573
33840,6315.141885552573
32984,6040.562384647717
32128,5966.083360585965
31272,5939.055058886786
30416,5939.055058886786
29560,6144.331533087873
28704,6267.47440840891
27848,6267.47440840891
26992,7181.5122285403695
26136,6928.0188619199125
25280,6792.454627419651
24424,6799.498548886198
23568,6799.498548886198
22712,6265.954506790104
21856,6265.954506790104
21000,5939.264211497583
20144,5925.5498529894185
19288,5951.303099564391
18432,5979.979317669218
17576,6156.579573765478
16720,6288.359314475396
15864,6288.359314475396
15008,7654.666291631116
14152,7023.165853372411
13296,6878.711942581314
12440,6903.558098711343
11584,6903.558098711343
10728,6328.486601620433
9872,6328.486601620433
9016,6099.59137347863
8160,6009.430160678676
7304,6011.400844365896
6448,6011.400844365896
5592,6144.064395919882
4736,6288.359314475396
3880,6288.359314475396
3024,7188.835746401615
2168,6947.9012273298795
1312,6812.336992829618
456,6791.0938482742085
40689,4782.623215166907
39833,4782.623215166907
38977,5975.787419969445
38121,5657.165617158464
37265,5411.604075463828
36409,5431.526380235062
35553,5431.526380235062
34697,4733.680424767786
33841,4733.680424767786
32985,4564.157711444258
32129,4486.994773085423
31273,4459.966471386244
30417,4459.966471386244
29561,4584.070525192429
28705,4681.081168281152
27849,4681.081168281152
26993,5783.2623533523665
26137,5489.216586552867
25281,5279.573022848245
24425,5319.060706606484
23569,5319.060706606484
22713,4667.370480448114
21857,4667.370480448114
21001,4457.927758951153
20145,4446.461265488876
19289,4472.214512063849
18433,4500.890730168676
17577,4596.318565870034
16721,4689.775288133406
15865,4689.775288133406
15009,6397.263413178469
14153,5603.484982829301
13297,5384.951742833844
12441,5442.241661255564
11585,5442.241661255564
10729,4731.428142123465
9873,4731.428142123465
9017,4623.186700275171
8161,4535.273352521104
7305,4537.244036208324
6449,4537.244036208324
5593,4583.803388024438
4737,4686.369075635456
3881,4686.369075635456
3025,5790.585871213612
2169,5509.098951962834
1313,5299.455388258212
457,5310.656005994495
40690,6788.873037459087
39834,6788.873037459087
38978,8016.099142361569
38122,7686.0046596473285
37266,7467.810555175423
36410,7474.943198123293
35554,7474.943198123293
34698,6723.676485641279
33842,6723.676485641279
32986,6452.135833184423
32130,6372.013459241608
31274,6344.985157542429
30418,6344.985157542429
29562,6540.825590322443
28706,6671.0772291546455
27850,6671.0772291546455
26994,7814.592431894092
26138,7518.055629041732
25282,7335.779502559841
24426,7362.477524494715
23570,7362.477524494715
22714,6669.557327535839
21858,6669.557327535839
21002,6345.905880691318
20146,6331.479951645061
19290,6357.233198220034
18434,6385.909416324861
17578,6553.0736310000475
16722,6691.962135221132
15866,6691.962135221132
15010,8695.807581229978
14154,7632.324025318166
13298,7441.1582225454395
12442,7485.658479143795
11586,7485.658479143795
10730,6737.02120170914
9874,6737.02120170914
9018,6539.025876589965
8162,6444.968126819336
7306,6446.938810506556
6450,6446.938810506556
5594,6549.456668919412
4738,6691.962135221132
3882,6691.962135221132
3026,7821.915949755338
2170,7537.937994451699
1314,7355.661867969808
458,7354.072823882726
40691,5559.997759282256
39835,5559.997759282256
38979,6644.365447911636
38123,6307.287611882003
37267,6061.726070187367
36411,6073.083026729182
35555,6073.083026729182
34699,5490.292590940277
33843,5490.292590940277
32987,5272.035461518458
32131,5199.489103544301
31275,5172.460801845122
30419,5172.460801845122
29563,5315.017711590098
28707,5437.693334453643
27851,5437.693334453643
26995,6451.840381294557
26139,6139.338581276406
25283,5929.695017571785
24427,5960.617353100604
23571,5960.617353100604
22715,5436.173432834837
21859,5436.173432834837
21003,5165.805509025353
20147,5158.955595947754
19291,5184.708842522727
18435,5213.385060627554
17579,5327.265752267703
16723,5458.578240520129
15867,5458.578240520129
15011,6982.317032092342
14155,6253.60697755284
13299,6035.0737375573835
12443,6083.798307749685
11587,6083.798307749685
10731,5503.637307008137
9875,5503.637307008137
9019,5358.925504924
8163,5272.443771122029
7307,5274.414454809249
6451,5274.414454809249
5595,5323.648790187067
4739,5458.578240520129
3883,5458.578240520129
3027,6459.163899155803
2171,6159.220946686373
1315,5949.577382981752
459,5952.212652488615
40692,5219.886560998089
39836,5219.886560998089
38980,6166.458769739758
38124,5794.3906727154645
37268,5603.321130759783
36412,5603.589335062689
35556,5603.589335062689
34700,5150.18139265611
33844,5150.18139265611
32988,4921.2409996588
32132,4839.184166245027
31276,4776.153702541901
30420,4776.153702541901
29564,4950.704228860198
28708,5097.582136169476
27852,5097.582136169476
26996,5958.841651909923
26140,5612.252016628903
25284,5457.100452663236
24428,5448.646969931191
23572,5448.646969931191
22716,5096.06223455067
21860,5096.06223455067
21004,4788.014704943397
20148,4774.839282858765
19292,4800.592529433738
18436,4845.345339760785
17580,4975.143055752034
16724,5118.467042235962
15868,5118.467042235962
15012,6415.307506997724
14156,5726.520412905337
13300,5562.479172648835
12444,5600.114990602227
11588,5600.114990602227
10732,5163.5261087239705
9876,5163.5261087239705
9020,4997.211293064264
8164,4904.40405025526
7308,4906.37473394248
6452,4906.37473394248
5596,4971.5260936713985
4740,5118.467042235962
3884,5118.467042235962
3028,5980.354795252133
2172,5646.324007519835
1316,5491.172443554167
460,5482.718960822122
40693,5435.006936377542
39837,5435.006936377542
38981,6159.419257530617
38125,5914.696812692932
37269,5743.2146002026575
36413,5730.693142682199
35557,5730.693142682199
34701,5369.810384559734
33845,5369.810384559734
32989,5148.5144066899165
32133,5074.035382628164
31277,5047.0070809289855
30421,5047.0070809289855
29565,5199.000032095035
28709,5322.1429074160715
27853,5322.1429074160715
26997,5970.923544524717
26141,5751.679561430306
25285,5616.115326930046
24429,5623.159248396592
23573,5623.159248396592
22717,5320.623005797265
21861,5320.623005797265
21005,5047.2162335397825
20149,5033.501875031618
19293,5059.25512160659
18437,5087.931339711417
17581,5211.24807277264
16725,5343.027813482558
15869,5343.027813482558
15013,6409.510386160214
14157,5846.826552882805
13301,5702.372642091709
12445,5727.218798221737
11589,5727.218798221737
10733,5383.155100627595
9877,5383.155100627595
9021,5207.543395520829
8165,5117.382182720875
7309,5119.352866408095
6453,5119.352866408095
5597,5198.732894927044
4741,5343.027813482558
3885,5343.027813482558
3029,5978.247062385963
2173,5771.561926840273
1317,5635.997692340013
461,5614.754547784603
40694,4318.761310354202
39838,4318.761310354202
38982,5390.976422776517
38126,5157.2793431655155
37270,4931.356802711042
36414,4961.398543887767
35558,4961.398543887767
34702,4249.056142012222
33846,4249.056142012222
32990,4102.04361809613
32134,4019.9867846823568
31278,3992.9584829831792
30422,3992.9584829831792
29566,4124.706951916854
28710,4196.456885525588
27854,4196.456885525588
26998,5211.074360172949
26142,4989.330312559919
25286,4799.32575009546
24430,4848.932870259189
23574,4848.932870259189
22718,4194.936983906782
21862,4194.936983906782
21006,3995.813665603027
20150,3979.4532770858114
19294,4005.2065236607837
18438,4033.8827417656116
17582,4136.954992594459
16726,4217.3417915920745
15870,4217.3417915920745
15014,5733.241980737742
14158,5103.598708836353
13302,4904.704470081058
12446,4972.11382490827
11590,4972.11382490827
10734,4262.400858080083
9878,4262.400858080083
9022,4178.013911501594
8166,4085.20666869259
7310,4087.1773523798092
6454,4087.1773523798092
5598,4124.439814748864
4742,4217.3417915920745
3886,4217.3417915920745
3030,5218.397878034195
2174,5009.212677969886
1318,4819.208115505427
462,4840.5281696472
40695,5478.178259685789
39839,5478.178259685789
38983,6375.4862159135155
38127,6049.288397133876
37271,5794.912390578744
36415,5814.834695349978
35559,5814.834695349978
34703,5405.582943038693
33847,5405.582943038693
32991,4959.349321901752
32135,4870.858885959463
31279,4843.830584260284
30423,4843.830584260284
29567,5148.035881833324
28711,5355.679159276274
27855,5355.679159276274
26999,6185.656622020651
26143,5884.034839252494
25287,5665.576810687376
24431,5705.064494445614
23575,5705.064494445614
22719,5354.159257657468
21863,5354.159257657468
21007,4855.8148421328615
20151,4830.325378362916
19295,4856.078624937889
18439,4884.754843042716
17583,5160.283922510929
16727,5376.56406534276
15871,5376.56406534276
15015,7042.928476851451
14159,5995.607762804713
13303,5768.26005794876
12447,5825.54997637048
11591,5825.54997637048
10735,5418.927659106554
9879,5418.927659106554
9023,5046.239365307294
8167,4941.118080812977
7311,4943.088764500197
6455,4943.088764500197
5599,5156.666960430293
4743,5376.56406534276
3887,5376.56406534276
3031,6207.169765362862
2175,5903.917204662461
1319,5685.459176097343
463,5696.659793833625
40696,6741.476867626768
39840,6741.476867626768
38984,8157.653681944873
38128,7720.7928787979135
37272,7517.476029821003
36416,7499.161641467318
35560,7499.161641467318
34704,6676.28031580896
33848,6676.28031580896
32992,6409.861227753776
32136,6347.355302297571
31280,6320.327000598393
30424,6320.327000598393
29568,6525.603474799479
28712,6628.612838665296
27856,6628.612838665296
27000,7961.0787508203675
26144,7557.775627535288
25288,7390.376756548391
24432,7391.627747181711
23576,7391.627747181711
22720,6627.092937046491
21864,6627.092937046491
21008,6308.563054603641
20152,6306.821794701025
19296,6332.575041275998
18440,6361.251259380825
17584,6537.851515477084
16728,6649.497744731783
15872,6649.497744731783
15016,8615.37038781728
14160,7652.922618987786
13304,7476.634071710055
12448,7495.687297006856
11592,7495.687297006856
10736,6689.62503187682
9880,6689.62503187682
9024,6468.890216584688
8168,6390.702102390282
7312,6392.672786077503
6456,6392.672786077503
5600,6525.336337631488
4744,6649.497744731783
3888,6649.497744731783
3032,7968.402268681613
2176,7577.657992945255
1320,7410.259121958358
464,7383.223046569722
40697,7036.911677014025
39841,7036.911677014025
38985,8451.542397132891
38129,8060.873309166946
37273,7848.741995329538
36417,7830.427606975853
35561,7830.427606975853
34705,6985.078738309787
33849,6985.078738309787
32993,6695.418236414929
32137,6638.081212590334
31281,6611.052910891155
30425,6611.052910891155
29569,6823.973800219734
28713,6942.580162797733
27857,6942.580162797733
27001,8260.136367639996
26145,7903.024959535928
25289,7726.811623688535
24433,7728.062614321855
23577,7728.062614321855
22721,6928.869474964695
21865,6928.869474964695
21009,6599.288964896404
20153,6597.547704993787
19297,6623.30095156876
18441,6651.977169673587
17585,6836.221840897339
16729,6951.274282649987
15873,6951.274282649987
15017,9113.526478639067
14161,8007.192674837783
13305,7822.0896626995545
12449,7841.142887996356
11593,7841.142887996356
10737,6982.826455665466
9881,6982.826455665466
9025,6771.388529820393
8169,6693.200415625987
7313,6695.171099313207
6457,6695.171099313207
5601,6823.706663051743
4745,6947.868070152037
3889,6947.868070152037
3033,8267.459885501241
2177,7922.907324945895
1321,7746.693989098502
465,7719.657913709866
40698,5432.494461365161
39842,5432.494461365161
38986,6605.2630025913895
38130,6268.185166561757
37274,6013.809160006625
36418,6025.166116548439
35562,6025.166116548439
34706,5383.55167096604
33850,5383.55167096604
32994,5156.610733527293
32138,5084.0643755531355
31282,5057.036073853957
30426,5057.036073853957
29570,5207.2373987264245
28714,5330.952414479406
27858,5330.952414479406
27002,6412.737935974311
26146,6100.23613595616
25290,5881.778107391042
24434,5912.700442919861
23578,5912.700442919861
22722,5317.241726646368
21866,5317.241726646368
21010,5050.380781034188
20154,5043.530867956589
19298,5069.2841145315615
18442,5097.960332636389
17586,5219.485439404029
16730,5339.64653433166
15874,5339.64653433166
15018,6948.53959303303
14162,6214.504532232594
13306,5987.156827376641
12450,6035.881397568942
11594,6035.881397568942
10738,5381.299388321719
9882,5381.299388321719
9026,5232.581026932757
8170,5149.284259563368
7314,5151.254943250588
6458,5151.254943250588
5602,5206.970261558434
4746,5336.24032183371
3890,5336.24032183371
3034,6420.061453835557
2178,6120.118501366127
1322,5901.660472801009
466,5904.295742307872
40699,4616.907189046819
39843,4616.907189046819
38987,6002.100258482859
38131,5589.535478701911
37275,5350.036727641774
36419,5344.512001111453
35563,5344.512001111453
34707,4547.20202070484
33851,4547.20202070484
32995,4382.593042518003
32139,4304.459857444581
31283,4277.431555745402
30427,4277.431555745402
29571,4418.616066100152
28715,4494.602764218206
27859,4494.602764218206
27003,5792.011873990681
26147,5421.586448096315
25291,5218.005675026191
24435,5232.046327482875
23579,5232.046327482875
22723,4493.0828625994
21867,4493.0828625994
21011,4276.363090024898
20155,4263.926349848034
19299,4289.679596423007
18443,4318.355814527834
17587,4430.864106777757
16731,4515.487670284692
15875,4515.487670284692
15019,6644.371998490796
14163,5535.854844372749
13307,5323.38439501179
12451,5355.227282131956
11595,5355.227282131956
10739,4560.546736772701
9883,4560.546736772701
9027,4469.483085923545
8171,4377.414525022309
7315,4379.385208709529
6459,4379.385208709529
5603,4427.247144697121
4747,4515.487670284692
3891,4515.487670284692
3035,5799.335391851927
2179,5441.468813506282
1323,5237.888040436158
467,5223.641626870886
40700,6693.857112383678
39844,6693.857112383678
38988,7761.804411282994
38132,7473.850939068864
37276,7293.554261718092
36420,7281.032804197634
35564,7281.032804197634
34708,6621.261795736582
33852,6621.261795736582
32996,6339.037879704234
32140,6269.72775727409
31284,6242.699455574912
30428,6242.699455574912
29572,6455.620344903491
28716,6578.763220224528
27860,6578.763220224528
27004,7569.495956058305
26148,7316.002589437847
25292,7171.623890077089
24436,7178.667811543635
23580,7178.667811543635
22724,6577.2433186057215
21868,6577.2433186057215
21012,6242.9086081857085
20156,6229.194249677544
19300,6254.947496252516
18444,6283.6237143573435
17588,6467.868385581096
16732,6599.648126291014
15876,6599.648126291014
15020,8023.911079249543
14164,7420.170304739701
13308,7266.901929088108
12452,7291.748085218136
11596,7291.748085218136
10740,6634.606511804443
9884,6634.606511804443
9028,6425.927923109776
8172,6332.581743877239
7316,6334.552427564459
6460,6334.552427564459
5604,6464.25142350046
4748,6599.648126291014
3892,6599.648126291014
3036,7591.009099400515
2180,7335.884954847814
1324,7191.506255487056
468,7170.263110931646
40701,7063.3749351625365
39845,7063.3749351625365
38989,8504.920506147811
38133,8093.567715607243
37277,7881.436401769838
36421,7863.122013416153
35565,7863.122013416153
34709,6993.669766820557
33853,6993.669766820557
32997,6711.445850788211
32141,6647.96967861742
31285,6620.941376918241
30429,6620.941376918241
29573,6833.862266246819
28717,6946.002289676894
27861,6946.002289676894
27005,8290.782257148212
26149,7930.5504643446175
25293,7754.337128497226
24437,7755.588119130546
23581,7755.588119130546
22725,6944.482388058088
21869,6944.482388058088
21013,6610.147677638077
20157,6607.436171020873
19301,6633.189417595846
18445,6661.865635700673
17589,6846.110306924424
16733,6966.88719574338
15877,6966.88719574338
15021,9158.571122118503
14165,8039.887081278081
13309,7854.784069139854
12453,7873.837294436656
11597,7873.837294436656
10741,7007.014482888418
9885,7007.014482888418
9029,6798.335894193753
8173,6715.992566852177
7317,6717.963250539397
6461,6717.963250539397
5605,6842.493344843788
4749,6966.88719574338
3893,6966.88719574338
3037,8298.105775009455
2181,7950.432829754584
1325,7774.219493907193
469,7747.183418518557
40702,4727.044203857149
39846,4727.044203857149
38990,5516.491014189202
38134,5300.279812876106
37278,5096.629678793887
36422,5115.394873656487
35566,5115.394873656487
34710,4657.33903551517
33854,4657.33903551517
32998,4445.576855029553
32142,4363.52002161578
31286,4300.489557912654
30430,4300.489557912654
29574,4479.821840875933
28718,4604.739779028536
27862,4604.739779028536
27006,5322.39932610467
26150,5118.141156789545
25294,4950.40900069734
24438,4960.452508524989
23582,4960.452508524989
22726,4603.21987740973
21870,4603.21987740973
21014,4312.35056031415
20158,4299.175138229518
19302,4324.928384804491
18446,4369.681195131538
17590,4504.2606677677695
16734,4625.624685095022
15878,4625.624685095022
15022,5778.865181192471
14166,5232.409553065979
13310,5055.787720682939
12454,5111.920529196025
11598,5111.920529196025
10742,4670.68375158303
9886,4670.68375158303
9030,4521.547148435017
8174,4428.739905626013
7318,4430.710589313233
6462,4430.710589313233
5606,4500.643705687134
4750,4625.624685095022
3894,4625.624685095022
3038,5343.91246944688
2182,5152.213147680476
1326,4984.4809915882715
470,4994.52449941592
40703,6637.397876341043
39847,6637.397876341043
38991,7412.419616419838
38135,7130.178039459275
37279,6903.169470126874
36423,6910.302113074744
35567,6910.302113074744
34711,6567.692707999064
33855,6567.692707999064
32999,6097.29212059102
32143,6017.104015089972
31287,5990.075713390793
30431,5990.075713390793
29575,6273.378036952691
28719,6510.405841576964
27863,6510.405841576964
27007,7215.206939867294
26151,6957.5413989182125
25295,6766.450807575826
24439,6793.1488295107
23583,6793.1488295107
22727,6508.885939958158
21871,6508.885939958158
21015,5986.374558162449
20159,5976.570507493425
19303,6002.323754068398
18447,6030.999972173225
17591,6285.626077630296
16735,6531.29074764345
15879,6531.29074764345
15023,8018.9098215592585
14167,7076.497405130112
13311,6876.51713749689
12455,6921.017394095246
11599,6921.017394095246
10743,6581.037424066924
9887,6581.037424066924
9031,6184.182163996562
8175,6094.746292603166
7319,6096.716976290386
6463,6096.716976290386
5607,6282.00911554966
4751,6531.29074764345
3895,6531.29074764345
3039,7236.720083209504
2183,6977.4237643281795
1327,6786.333172985793
471,6784.744128898711
40704,6774.555754286675
39848,6774.555754286675
38992,8303.47057384565
38136,7795.208913609333
37280,7564.524627409692
36424,7558.999900879371
35568,7558.999900879371
34712,6709.359202468868
33856,6709.359202468868
33000,6420.222095741267
32144,6358.887386373261
31288,6331.859084674083
30432,6331.859084674083
29576,6537.1355588751685
28720,6656.759945982235
27864,6656.759945982235
27008,8084.4005455030765
26152,7627.259883003736
25296,7432.493574794109
24440,7446.534227250793
23584,7446.534227250793
22728,6655.240044363428
21872,6655.240044363428
21016,6313.992143248163
20160,6318.353878776715
19304,6344.1071253516875
18448,6372.783343456515
17592,6549.383599552773
16736,6677.64485204872
15880,6677.64485204872
15024,8979.22975244233
14168,7741.52827928017
13312,7537.872294779708
12456,7569.715181899874
11600,7569.715181899874
10744,6722.703918536729
9888,6722.703918536729
9032,6507.1121391468105
8176,6431.84205395099
7320,6433.812737638209
6464,6433.812737638209
5608,6545.7666374721375
4752,6677.64485204872
3896,6677.64485204872
3040,8105.913688845287
2184,7647.142248413703
1328,7452.375940204076
472,7438.129526638804
40705,5914.716780882832
39849,5914.716780882832
38993,7011.473835428176
38137,6752.031606738636
37281,6548.381472656417
36425,6567.146667519017
35569,6567.146667519017
34713,5865.77399048371
33857,5865.77399048371
33001,5585.131288250875
32145,5503.074454837101
31289,5476.046153137922
30433,5476.046153137922
29577,5693.748799111483
28721,5813.174733997076
27865,5813.174733997076
27009,6822.5901289742105
26153,6584.082576133039
25297,6416.350420040834
24441,6454.680993890439
23585,6454.680993890439
22729,5799.464046164038
21873,5799.464046164038
21017,5478.90133575777
20161,5462.5409472405545
19305,5488.294193815527
18449,5516.970411920354
17593,5705.996839789088
16737,5821.868853849331
15881,5821.868853849331
15025,7323.769354366557
14169,6698.350972409473
13313,6521.729140026433
12457,6577.861948539519
11601,6577.861948539519
10745,5863.521707839389
9889,5863.521707839389
9033,5661.101581656339
8177,5568.294338847334
7321,5570.265022534554
6465,5570.265022534554
5609,5693.481661943492
4753,5818.462641351381
3897,5818.462641351381
3041,6829.913646835456
2185,6603.964941543006
1329,6436.232785450801
473,6446.27629327845
40706,5780.531208643502
39850,5780.531208643502
38994,7048.167478795599
38138,6587.7534263204025
37282,6357.069140120761
36426,6351.544413590441
35570,6351.544413590441
34714,5715.334656825695
33858,5715.334656825695
33002,5479.481073133132
32146,5422.762944149803
31290,5342.791175872125
30434,5342.791175872125
29578,5526.638591637481
28722,5662.73540033906
27866,5662.73540033906
27010,6823.889468822456
26154,6405.614770233841
25298,6210.848462024214
24442,6196.602048458943
23586,6196.602048458943
22730,5661.215498720255
21874,5661.215498720255
21018,5329.313473843176
20162,5341.476756188989
19306,5367.230002763962
18450,5411.982813091009
17594,5551.0774185293185
16738,5683.620306405547
15882,5683.620306405547
15026,7363.366478288954
14170,6519.883166510275
13314,6316.227182009813
12458,6348.070069129979
11602,6348.070069129979
10746,5728.6793728935545
9890,5728.6793728935545
9034,5538.510061964043
8178,5471.041523585484
7322,5473.012207272704
6466,5473.012207272704
5610,5547.460456448683
4754,5683.620306405547
3898,5683.620306405547
3042,6845.402612164667
2186,6439.686761124773
1330,6244.920452915146
474,6230.674039349874
40707,6630.729114326931
39851,6630.729114326931
38995,7721.441108201557
38139,7353.096372344529
37283,7181.614159854254
36427,7169.092702333795
35571,7169.092702333795
34715,6581.7863239278095
33859,6581.7863239278095
33003,6277.0522184880265
32147,6202.573194426274
31291,6175.544892727095
30435,6175.544892727095
29579,6380.821366928183
28723,6534.118846784147
27867,6534.118846784147
27011,7523.963751345259
26155,7190.079121081903
25299,7054.514886581642
24443,7061.558808048188
23587,7061.558808048188
22731,6520.408158951109
21875,6520.408158951109
21019,6175.754045337892
20163,6162.0396868297275
19307,6187.7929334047
18451,6216.469151509527
17595,6393.069407605788
16739,6542.812966636401
15883,6542.812966636401
15027,7997.136661766128
14171,7299.4157380153665
13315,7154.96182722427
12459,7179.807983354298
11603,7179.807983354298
10747,6579.5340412834885
9891,6579.5340412834885
9035,6336.081207318939
8179,6245.919994518985
7323,6247.890678206205
6467,6247.890678206205
5611,6380.554229760192
4755,6539.406754138451
3899,6539.406754138451
3043,7531.287269206505
2187,7209.96148649187
1331,7074.397251991609
475,7053.154107436199
40708,5617.813240189901
39852,5617.813240189901
38996,6847.234098378377
38140,6434.669318597429
37284,6195.170567537291
36428,6189.645841006971
35572,6189.645841006971
34716,5548.108071847922
33860,5548.108071847922
33004,5327.906110508243
32148,5253.389887515456
31292,5226.3615858162775
30436,5226.3615858162775
29580,5372.338155913998
28724,5495.508815361288
27868,5495.508815361288
27012,6637.145713886199
26156,6266.720287991832
25300,6063.139514921709
24444,6077.180167378393
23588,6077.180167378393
22732,5493.988913742482
21876,5493.988913742482
21020,5221.676158015138
20164,5209.239417838274
19308,5234.9926644132465
18452,5263.668882518074
17596,5380.969234510967
16740,5516.393721427774
15884,5516.393721427774
15028,7179.276777224039
14172,6380.988684268266
13316,6168.5182349073075
12460,6200.361122027473
11604,6200.361122027473
10748,5561.452787915782
9892,5561.452787915782
9036,5414.796153913785
8180,5322.727593012549
7324,5324.698276699769
6468,5324.698276699769
5612,5380.969234510967
4756,5516.393721427774
3900,5516.393721427774
3044,6658.658857228409
2188,6286.602653401799
1332,6083.021880331676
476,6068.775466766404
40709,7292.974875343756
39853,7292.974875343756
38997,8237.948864952048
38141,7907.854382237805
37285,7689.6602777659
36429,7696.7929207137695
35573,7696.7929207137695
34717,7223.269707001777
33861,7223.269707001777
33005,6684.868062141056
32149,6595.126298919804
31293,6568.097997220625
30437,6568.097997220625
29581,6904.843772412455
28725,7161.051061236706
27869,7161.051061236706
27013,8026.822765206132
26157,7730.2859623537715
25301,7548.009835871881
24445,7574.707857806755
23589,7574.707857806755
22733,7159.5311596179
21877,7159.5311596179
21021,6569.018720369514
20165,6554.592791323257
19309,6580.34603789823
18453,6609.022256003057
17597,6917.09181309006
16741,7181.935967303192
15885,7181.935967303192
15029,8892.313992558436
14173,7854.173747908642
13317,7663.007945135916
12461,7707.508201734272
11605,7707.508201734272
10749,7236.614423069637
9893,7236.614423069637
9037,6771.758105546598
8181,6677.700355775969
7325,6679.671039463189
6469,6679.671039463189
5613,6913.474851009424
4757,7181.935967303192
3901,7181.935967303192
3045,8048.335908548343
2189,7750.1683277637385
1333,7567.8922012818475
477,7566.303157194766
40710,4463.731219167937
39854,4463.731219167937
38998,5248.97114611621
38142,5103.6548804465665
37286,4900.004746364348
36430,4926.613272864532
35574,4926.613272864532
34718,4409.298558857141
33862,4409.298558857141
33006,4249.942472698178
32150,4173.033341055286
31294,4110.00287735216
30438,4110.00287735216
29582,4266.100547731666
28726,4364.610145767827
27870,4364.610145767827
27014,5076.6088045657125
26158,4940.300851287089
25302,4772.568695194885
24446,4782.612203022533
23590,4782.612203022533
22734,4363.090244149021
21878,4363.090244149021
21022,4118.849410153524
20166,4104.777017609616
19310,4122.507180483782
18454,4167.259990810829
17598,4278.6048508632875
16742,4377.4719681335055
15886,4377.4719681335055
15030,5504.506115462365
14174,5042.634723803309
13318,4866.012891420269
12462,4922.145699933355
11606,4922.145699933355
10750,4422.531034621514
9894,4422.531034621514
9038,4320.022914573584
8182,4226.318701305304
7326,4228.289384992524
6470,4228.289384992524
5614,4274.987888782652
4758,4377.4719681335055
3902,4377.4719681335055
3046,5090.098864207115
2190,4962.438318417806
1334,4794.706162325601
478,4804.74967015325
40711,5406.298290788785
39855,5406.298290788785
38999,6262.492369021508
38143,5890.424271997214
37287,5708.16919490203
36431,5708.437399204936
35575,5708.437399204936
34719,5336.593122446806
33863,5336.593122446806
33007,5100.739538754243
32151,5018.6827053404695
31295,4991.654403641291
30439,4991.654403641291
29583,5143.64735480734
28727,5283.993865960172
27871,5283.993865960172
27015,6069.064876672637
26159,5722.475241391618
25303,5576.138142286447
24447,5595.971725576358
23591,5595.971725576358
22735,5282.473964341366
21879,5282.473964341366
21023,4994.509586261138
20167,4978.149197743923
19311,5003.9024443188955
18455,5032.578662423723
17599,5155.895395484945
16743,5304.878772026658
15887,5304.878772026658
15031,6515.700139537881
14175,5822.554012187087
13319,5667.327236791081
12463,5704.963054744474
11607,5704.963054744474
10751,5349.9378385146665
9895,5349.9378385146665
9039,5159.768527585155
8183,5066.961284776151
7327,5068.931968463371
6471,5068.931968463371
5615,5143.380217639349
4759,5304.878772026658
3903,5304.878772026658
3047,6076.388394533883
2191,5742.357606801585
1335,5596.020507696414
479,5587.567024964369
40712,5395.664094568069
39856,5395.664094568069
39000,6710.978041018736
38144,6337.747624679631
37288,6076.418027533347
36432,6058.103639179662
35576,6058.103639179662
34720,5330.467542750262
33864,5330.467542750262
33008,5101.527149752952
32152,5028.010545064208
31296,4964.980081361082
30440,4964.980081361082
29584,5139.530607679379
28728,5277.868286263628
27872,5277.868286263628
27016,6486.700031045593
26160,6155.60896859307
25304,5930.1973494368
24448,5903.161274048164
23592,5903.161274048164
22736,5276.348384644822
21880,5276.348384644822
21024,4968.300855037549
20168,4963.6656616779455
19312,4989.418908252918
18456,5034.171718579965
17600,5163.969434571215
16744,5298.753192330114
15888,5298.753192330114
15032,7342.140873941238
14176,6269.877364869504
13320,6035.576069422399
12464,6054.6292947192005
11608,6054.6292947192005
10752,5343.812258818122
9896,5343.812258818122
9040,5177.497443158416
8184,5093.2304290744405
7328,5095.201112761661
6472,5095.201112761661
5616,5160.352472490579
4760,5298.753192330114
3904,5298.753192330114
3048,6508.2131743878035
2192,6189.6809594840015
1336,5964.269340327732
480,5937.2332649390955
40713,5718.860313552222
39857,5718.860313552222
39001,6426.37941609483
38145,6188.249400010006
37289,6016.767187519731
36433,6004.245729999273
35577,6004.245729999273
34721,5653.663761734414
33865,5653.663761734414
33009,5417.810178041851
32153,5349.923582732959
31297,5269.951814455282
30441,5269.951814455282
29585,5453.7992302206385
28729,5605.996284590751
27873,5605.996284590751
27017,6223.6940776079655
26161,6011.042523266416
25305,5875.478288766155
24449,5854.235144210746
23593,5854.235144210746
22737,5604.476382971945
21881,5604.476382971945
21025,5272.574358094867
20169,5268.637394772146
19313,5294.390641347119
18457,5339.143451674166
17601,5478.238057112475
16745,5626.881190657237
15889,5626.881190657237
15033,6626.157704736129
14177,6120.379140199879
13321,5975.925229408783
12465,6000.771385538811
11609,6000.771385538811
10753,5667.008477802275
9897,5667.008477802275
9041,5476.839166872764
8185,5393.27038282567
7329,5395.24106651289
6473,5395.24106651289
5617,5474.621095031839
4761,5626.881190657237
3905,5626.881190657237
3049,6245.207220950176
2193,6045.114514157347
1337,5909.550279657086
481,5888.307135101677
40714,5318.368513268616
39858,5318.368513268616
39002,6517.758819484428
38146,6199.137016673447
37290,5944.7610101183145
36434,5956.117966660129
35578,5956.117966660129
34722,5253.171961450808
33866,5253.171961450808
33010,5055.488818920064
32154,4978.325880561229
31298,4915.295416858103
30442,4915.295416858103
29586,5066.749105559506
28730,5200.572704964175
27874,5200.572704964175
27018,6311.044127386385
26162,6016.998360586886
25306,5798.540332021767
24450,5801.175601528631
23594,5801.175601528631
22738,5199.052803345368
21882,5199.052803345368
21026,4922.262524204661
20170,4913.980997174966
19314,4939.734243749939
18458,4984.487054076986
17602,5091.187932451342
16746,5221.457611030661
15890,5221.457611030661
15034,6947.064969472324
14178,6131.26675686332
13322,5903.919052007366
12466,5952.643622199667
11610,5952.643622199667
10754,5266.516677518669
9898,5266.516677518669
9042,5131.459112325528
8186,5043.545764571461
7330,5045.5164482586815
6474,5045.5164482586815
5618,5087.570970370706
4762,5221.457611030661
3906,5221.457611030661
3050,6332.5572707285955
2194,6051.070351477817
1338,5832.612322912699
482,5835.247592419562
40715,5338.39563904954
39859,5338.39563904954
39003,6177.556748548442
38147,5934.804854086385
37291,5714.124358287232
36435,5701.602900766774
35579,5701.602900766774
34723,5293.96146517459
33867,5293.96146517459
33011,5057.06848859259
32155,4980.327241595527
31299,4953.298939896348
30443,4953.298939896348
29587,5111.738845401408
28731,5248.508169058999
27875,5248.508169058999
27019,5991.275216570613
26163,5774.001783851831
25307,5589.239266042692
24451,5596.283187509239
23595,5596.283187509239
22739,5234.797481225961
21883,5234.797481225961
21027,4957.984496470528
20171,4939.79373399898
19315,4965.546980573953
18459,4994.22319867878
17603,5123.986886079013
16747,5257.202288911253
15891,5257.202288911253
15035,6417.420671731997
14179,5881.124219757222
13323,5687.472025657248
12467,5712.318181787276
11611,5712.318181787276
10755,5291.709182530269
9899,5291.709182530269
9043,5116.097477423503
8187,5027.906814999176
7331,5029.877498686396
6475,5029.877498686396
5619,5111.471708233417
4763,5253.796076413303
3907,5253.796076413303
3051,5998.598734431859
2195,5793.884149261798
1339,5609.121631452659
483,5587.87848689725
40716,5401.132911558109
39860,5401.132911558109
39004,6262.492369021508
38148,5890.424271997214
37292,5708.16919490203
36436,5708.437399204936
35580,5708.437399204936
34724,5352.1901211589875
33868,5352.1901211589875
33012,5100.739538754243
32156,5018.6827053404695
31300,4991.654403641291
30444,4991.654403641291
29588,5143.64735480734
28732,5299.590864672354
27876,5299.590864672354
27020,6069.064876672637
26164,5722.475241391618
25308,5576.138142286447
24452,5595.971725576358
23596,5595.971725576358
22740,5285.880176839316
21884,5285.880176839316
21028,4994.509586261138
20172,4978.149197743923
19316,5003.9024443188955
18460,5032.578662423723
17604,5155.895395484945
16748,5308.284984524608
15892,5308.284984524608
15036,6520.889406350133
14180,5836.743637668052
13324,5681.516862272046
12468,5704.963054744474
11612,5704.963054744474
10756,5349.9378385146665
9900,5349.9378385146665
9044,5159.768527585155
8188,5066.961284776151
7332,5068.931968463371
6476,5068.931968463371
5620,5143.380217639349
4764,5304.878772026658
3908,5304.878772026658
3052,6076.388394533883
2196,5742.357606801585
1340,5596.020507696414
484,5587.567024964369
40717,6644.022860576052
39861,6644.022860576052
39005,7927.985281337696
38149,7558.556435181612
37293,7304.18042862648
36437,7324.102733397714
35581,7324.102733397714
34725,6571.427543928956
33869,6571.427543928956
33013,6181.4772422441865
32157,6092.287800269865
31301,6065.259498570686
30445,6065.259498570686
29589,6406.627101812604
28733,6514.377799795494
27877,6514.377799795494
27021,7722.028083223391
26165,7386.156916929187
25309,7167.698888364069
24453,7207.186572122308
23597,7207.186572122308
22741,6512.857898176688
21885,6512.857898176688
21029,6070.796802104253
20173,6051.754292673319
19317,6077.507539248291
18461,6106.183757353118
17605,6418.875142490209
16749,6535.26270586198
15893,6535.26270586198
15037,8260.667121333383
14181,7504.875800852449
13325,7277.528095996496
12469,7334.818014418216
11613,7334.818014418216
10757,6584.7722599968165
9901,6584.7722599968165
9045,6268.367285649729
8189,6169.692955494422
7333,6171.663639181642
6477,6171.663639181642
5621,6415.2581804095735
4765,6535.26270586198
3909,6535.26270586198
3053,7743.541226565601
2197,7406.039282339154
1341,7187.581253774036
485,7198.7818715103185
40718,6413.821814931704
39862,6413.821814931704
39006,7759.468052967963
38150,7371.583173593227
37294,7126.021631898591
36438,7137.378588440406
35582,7137.378588440406
34726,6344.116646589724
33870,6344.116646589724
33014,6072.575994132868
32158,5992.453620190053
31302,5965.425318490874
30446,5965.425318490874
29590,6161.265751270887
28734,6291.51739010309
27878,6291.51739010309
27022,7557.961342500486
26166,7203.63414298763
25310,6993.990579283009
24454,7024.912914811828
23598,7024.912914811828
22742,6289.997488484284
21886,6289.997488484284
21030,5966.346041639763
20174,5951.920112593506
19318,5977.673359168479
18462,6006.349577273306
17606,6173.513791948492
16750,6312.402296169576
15894,6312.402296169576
15038,8117.408778692169
14182,7303.7129137831
13326,7085.179673787643
12470,7133.904243979944
11614,7133.904243979944
10758,6357.461362657585
9902,6357.461362657585
9046,6131.6049829637805
8190,6040.732199625734
7334,6042.702883312954
6478,6042.702883312954
5622,6160.998614102897
4766,6312.402296169576
3910,6312.402296169576
3054,7565.284860361732
2198,7223.516508397597
1342,7013.872944692976
486,7016.508214199839
40719,5174.043699831769
39863,5174.043699831769
39007,6058.215299580545
38151,5757.673008457994
37295,5566.603466502313
36439,5566.871670805219
35583,5566.871670805219
34727,5108.8471480139615
33871,5108.8471480139615
33015,4879.906755016652
32159,4802.4665019875565
31303,4775.438200288378
30447,4775.438200288378
29591,4935.075566581919
28735,5056.247891527328
27879,5056.247891527328
27023,5864.787807231674
26167,5589.723977852397
25311,5434.57241388673
24455,5454.405997176641
23599,5454.405997176641
22743,5054.7279899085215
21887,5054.7279899085215
21031,4773.676802523547
20175,4761.93299439101
19319,4787.6862409659825
18463,4808.627675503314
17607,4938.425391494564
16751,5077.132797593814
15895,5077.132797593814
15039,6307.064036838511
14183,5689.802748647867
13327,5525.761508391364
12471,5563.397326344757
11615,5563.397326344757
10759,5122.191864081822
9903,5122.191864081822
9047,4955.877048422116
8191,4867.686385997789
7335,4869.657069685009
6479,4869.657069685009
5623,4934.808429413928
4767,5077.132797593814
3911,5077.132797593814
3055,5872.11132509292
2199,5609.606343262364
1343,5454.454779296697
487,5446.001296564652
40720,6997.853621596666
39864,6997.853621596666
39008,8410.209110789974
38152,8019.540022824026
37296,7807.408708986621
36440,7789.094320632936
35584,7789.094320632936
34728,6928.1484532546865
33872,6928.1484532546865
33016,6654.084950072011
32160,6591.579024615808
31304,6564.550722916629
30448,6564.550722916629
29592,6777.471612245206
28736,6880.480976111024
27880,6880.480976111024
27024,8213.63417966547
26168,7856.5227715614
25312,7680.309435714009
24456,7681.560426347329
23600,7681.560426347329
22744,6878.961074492217
21888,6878.961074492217
21032,6552.786776921877
20176,6551.045517019261
19320,6576.798763594234
18464,6605.474981699061
17608,6789.719652922811
16752,6901.36588217751
15896,6901.36588217751
15040,9081.423044635765
14184,7965.859388494863
13328,7780.756376356637
12472,7799.809601653438
11616,7799.809601653438
10760,6941.493169322547
9904,6941.493169322547
9048,6740.974993477554
8192,6659.601912850565
7336,6661.572596537785
6480,6661.572596537785
5624,6786.102690842175
4768,6901.36588217751
3912,6901.36588217751
3056,8235.147323007677
2200,7876.405136971367
1344,7700.191801123976
488,7673.15572573534
40721,4753.830990808309
39865,4753.830990808309
39009,6065.97630201594
38153,5653.411522234992
37297,5413.912771174854
36441,5408.388044644534
35585,5408.388044644534
34729,4684.12582246633
33873,4684.12582246633
33017,4462.689378953564
32161,4385.255199912174
31305,4358.226898212995
30449,4358.226898212995
29593,4538.767238517678
28737,4638.672526350739
27881,4638.672526350739
27025,5863.033877894804
26169,5492.608452000438
25313,5289.027678930314
24457,5303.068331386999
23601,5303.068331386999
22745,4637.1526247319325
21889,4637.1526247319325
21033,4363.605386831502
20177,4344.7216923156275
19321,4370.4749388906
18465,4399.151156995427
17609,4551.015279195283
16753,4659.557432417225
15897,4659.557432417225
15041,6732.699278800027
14185,5599.730887905829
13329,5387.26043854487
12473,5419.103325665036
11617,5419.103325665036
10761,4697.47053853419
9905,4697.47053853419
9049,4549.5794223591065
8193,4451.06390711886
7337,4453.03459080608
6481,4453.03459080608
5625,4547.398317114647
4769,4659.557432417225
3913,4659.557432417225
3057,5884.547021237015
2201,5512.490817410405
1345,5308.910044340281
489,5294.66363077501
40722,7215.264268000277
39866,7215.264268000277
39010,8667.135367085117
38154,8226.389337068953
37298,8023.072488092041
36442,8004.758099738356
35586,8004.758099738356
34730,7145.559099658298
33874,7145.559099658298
33018,6856.421992930697
32162,6809.744296465322
31306,6782.715994766142
30450,6782.715994766142
29594,6987.99246896723
28738,7097.891622514634
27882,7097.891622514634
27026,8452.997118085514
26170,8063.372085806323
25314,7895.973214819429
24458,7897.224205452749
23602,7897.224205452749
22746,7096.371720895829
21890,7096.371720895829
21034,6755.123819780562
20178,6769.210788868774
19322,6794.964035443747
18466,6823.640253548574
17610,7000.240509644835
16754,7118.776528581121
15898,7118.776528581121
15042,9097.623562893205
14186,8172.7087027397865
13330,7996.420155462057
12474,8015.473380758858
11618,8015.473380758858
10762,7158.9038157261575
9906,7158.9038157261575
9050,6943.312036336239
8194,6877.767184700078
7338,6879.737868387299
6482,6879.737868387299
5626,6996.623547564199
4770,7118.776528581121
3914,7118.776528581121
3058,8474.510261427724
2202,8083.25445121629
1346,7915.855580229396
490,7888.81950484076
40723,6570.5149289007
39867,6570.5149289007
39011,7726.154310564573
38155,7357.809574707546
37299,7177.5128973567735
36443,7164.991439836315
35587,7164.991439836315
34731,6500.809760558721
33875,6500.809760558721
33019,6218.585844526373
32163,6144.106820464621
31307,6117.078518765442
30451,6117.078518765442
29595,6329.999408094021
28739,6453.142283415058
27883,6453.142283415058
27027,7528.6769537082755
26171,7194.79232344492
25315,7050.413624084162
24459,7057.457545550708
23603,7057.457545550708
22747,6451.622381796252
21891,6451.622381796252
21035,6117.287671376239
20179,6103.573312868074
19323,6129.326559443047
18467,6158.002777547874
17611,6342.247448771626
16755,6474.027189481544
15899,6474.027189481544
15043,7997.490830870737
14187,7304.128940378383
13331,7150.86056472679
12475,7175.706720856818
11619,7175.706720856818
10763,6514.1544766265815
9907,6514.1544766265815
9051,6305.475887931915
8195,6212.129708699378
7339,6214.100392386598
6483,6214.100392386598
5627,6338.63048669099
4771,6474.027189481544
3915,6474.027189481544
3059,7550.190097050486
2203,7214.674688854887
1347,7070.295989494129
491,7049.052844938719
40724,5671.150176214639
39868,5671.150176214639
39012,6524.644692895897
38156,6206.123413168175
37300,6025.8267358174035
36444,6013.305278296945
35588,6013.305278296945
34732,5601.4450078726595
33876,5601.4450078726595
33020,5372.50461487535
32164,5304.618019566458
31308,5241.587555863332
30452,5241.587555863332
29596,5416.138082181629
28740,5553.777530728997
27884,5553.777530728997
27028,6321.959354409032
26172,6028.916536424585
25316,5884.537837063827
24460,5863.294692508418
23604,5863.294692508418
22748,5552.2576291101905
21892,5552.2576291101905
21036,5244.210099502918
20180,5240.273136180196
19324,5266.026382755169
18468,5310.779193082216
17612,5440.576909073466
16756,5574.662436795483
15900,5574.662436795483
15044,6729.7479877981295
14188,6138.253153358048
13332,5984.984777706455
12476,6009.830933836483
11620,6009.830933836483
10764,5614.78972394052
9908,5614.78972394052
9052,5448.474908280814
8196,5364.90612423372
7340,5366.87680792094
6484,5366.87680792094
5628,5436.95994699283
4772,5574.662436795483
3916,5574.662436795483
3060,6343.472497751242
2204,6062.988527315516
1348,5918.609827954759
492,5897.366683399349
40725,6617.737413818601
39869,6617.737413818601
39013,7703.284028462551
38157,7341.531721358385
37301,7170.049508868109
36445,7157.528051347651
35589,7157.528051347651
34733,6548.032245476622
33877,6548.032245476622
33021,6258.8951387490215
32165,6191.00854344013
31309,6111.036775162453
30453,6111.036775162453
29597,6348.167713962846
28741,6500.364768332959
27885,6500.364768332959
27029,7491.617046125289
26173,7164.3248446147945
25317,7028.760610114533
24461,7007.517465559124
23605,7007.517465559124
22749,6498.844866714153
21893,6498.844866714153
21037,6113.659318802038
20181,6109.722355479316
19325,6135.475602054289
18469,6180.228412381336
17613,6372.606540854683
16757,6521.249674399445
15901,6521.249674399445
15045,7957.478441746051
14189,7273.661461548258
13333,7129.207550757161
12477,7154.053706887189
11621,7154.053706887189
10765,6561.376961544483
9909,6561.376961544483
9053,6317.924127579934
8197,6234.35534353284
7341,6236.3260272200605
6485,6236.3260272200605
5629,6368.989578774047
4773,6521.249674399445
3917,6521.249674399445
3061,7513.130189467499
2205,7198.396835505726
1349,7062.832601005464
493,7041.589456450055
40726,5108.96584840426
39870,5108.96584840426
39014,6208.493425432233
38158,5882.295606652594
37302,5636.734064957958
36446,5656.656369729192
35590,5656.656369729192
34734,5039.260680062281
33878,5039.260680062281
33022,4852.739368974901
32166,4768.0004146474075
31310,4688.02864636973
30454,4688.02864636973
29598,4867.2217773589955
28742,4986.661423575647
27886,4986.661423575647
27030,6001.77873333419
26174,5700.156950566033
25318,5490.513386861411
24462,5501.714004597694
23606,5501.714004597694
22750,4985.141521956841
21894,4985.141521956841
21038,4702.571769684946
20182,4686.714226686594
19326,4712.467473261567
18470,4757.220283588614
17614,4891.660604250832
16758,5007.546329642133
15902,5007.546329642133
15046,6509.315657734754
14190,5814.425346842467
13334,5595.89210684701
12478,5653.18202526873
11622,5653.18202526873
10766,5052.605396130141
9910,5052.605396130141
9054,4911.768357805813
8198,4816.278994083089
7342,4818.249677770309
6486,4818.249677770309
5630,4888.043642170196
4774,5007.546329642133
3918,5007.546329642133
3062,6023.2918766764005
2206,5734.228941456964
1350,5524.5853777523425
494,5535.785995488625
40727,5164.324983695875
39871,5164.324983695875
39015,6476.222813795861
38159,6034.2647945393155
37303,5803.580508339674
36447,5798.055781809354
35591,5798.055781809354
34735,5094.619815353895
33879,5094.619815353895
33023,4896.282620327481
32167,4835.646916991505
31311,4762.122103052839
30455,4762.122103052839
29599,4950.751275463178
28743,5049.166519238305
27887,5049.166519238305
27031,6259.090764193761
26175,5859.272098823797
25319,5664.50579061417
24463,5650.259377048898
23607,5650.259377048898
22751,5047.646617619498
21895,5047.646617619498
21039,4753.260981408568
20183,4760.807683369703
19327,4786.560929944676
18471,4831.313740271723
17615,4975.190102355014
16759,5070.05142530479
15903,5070.05142530479
15047,6788.492378936669
14191,5966.394534729188
13335,5762.738550228726
12479,5794.581437348892
11623,5794.581437348892
10767,5107.964531421757
9911,5107.964531421757
9055,4955.3116091583925
8199,4883.226490395155
7343,4885.197174082375
6487,4885.197174082375
5631,4971.573140274378
4775,5070.05142530479
3919,5070.05142530479
3063,6280.603907535971
2207,5893.344089714728
1351,5698.5777815051015
495,5684.33136793983
40728,4587.669734475553
39872,4587.669734475553
39016,5996.373436731368
38160,5583.80865695042
37304,5344.309905890283
36448,5338.785179359962
35592,5338.785179359962
34736,4522.473182657745
33880,4522.473182657745
33024,4357.864204470909
32168,4279.731019397486
31312,4252.702717698307
30456,4252.702717698307
29600,4393.887228053058
28744,4469.873926171112
27888,4469.873926171112
27032,5786.28505223919
26176,5415.8596263448235
25320,5212.2788532747
24464,5226.319505731384
23608,5226.319505731384
22752,4468.354024552305
21896,4468.354024552305
21040,4251.634251977804
20184,4239.1975118009395
19328,4264.950758375912
18472,4293.626976480739
17616,4406.135268730663
16760,4490.758832237598
15904,4490.758832237598
15048,6414.035909117347
14192,5515.938397140293
13336,5303.467947779334
12480,5335.3108348995
11624,5335.3108348995
10768,4535.817898725606
9912,4535.817898725606
9056,4433.834497876373
8200,4344.950903407719
7344,4346.921587094939
6488,4346.921587094939
5632,4393.620090885067
4776,4490.758832237598
3920,4490.758832237598
3064,5793.608570100436
2208,5435.74199175479
1352,5232.161218684667
496,5217.914805119395
40729,5214.429546228708
39873,5214.429546228708
39017,6500.455465179779
38161,6147.908751415294
37305,5886.57915426901
36449,5868.264765915325
35593,5868.264765915325
34737,5144.724377886729
33881,5144.724377886729
33025,4914.270134711941
32169,4842.422782769816
31313,4815.394481070637
30457,4815.394481070637
29601,4991.153064730338
28745,5099.271081771138
27889,5099.271081771138
27033,6315.076358933743
26177,5987.10568118074
25321,5761.69406202447
24465,5762.94505265779
23609,5762.94505265779
22753,5097.7511801523315
21897,5097.7511801523315
21041,4815.186142589879
20185,4801.889275173269
19329,4827.642521748242
18473,4856.318739853069
17617,5003.401105407943
16761,5120.155987837624
15905,5120.155987837624
15049,7184.741759838966
14193,6094.2281170861315
13337,5859.9268216390265
12481,5878.980046935828
11625,5878.980046935828
10769,5158.069093954589
9913,5158.069093954589
9057,5001.160178117483
8201,4908.2314899765015
7345,4910.202173663722
6489,4910.202173663722
5633,4999.784143327307
4777,5120.155987837624
3921,5120.155987837624
3065,6336.589502275953
2209,6006.988046590707
1353,5781.576427434437
497,5754.540352045801
40730,4937.360708928095
39874,4937.360708928095
39018,6294.475864034583
38162,5881.911084253635
37306,5642.412333193497
36450,5636.8876066631765
35594,5636.8876066631765
34738,4867.655540586115
33882,4867.655540586115
33026,4689.000554676741
32170,4614.484331683954
31314,4587.456029984775
30458,4587.456029984775
29602,4728.640540339526
28746,4815.056284099482
27890,4815.056284099482
27034,6084.387479542404
26178,5713.962053648038
25322,5510.381280577914
24466,5524.421933034599
23610,5524.421933034599
22754,4813.5363824806755
21898,4813.5363824806755
21042,4582.770602183636
20186,4570.333862006772
19330,4596.087108581744
18474,4624.763326686571
17618,4737.271618936495
16762,4835.941190165968
15906,4835.941190165968
15050,6717.327603232813
14194,5828.230449924472
13338,5615.760000563513
12482,5647.602887683679
11626,5647.602887683679
10770,4881.000256653976
9914,4881.000256653976
9058,4775.890598082283
8202,4683.822037181047
7346,4685.792720868267
6490,4685.792720868267
5634,4737.271618936495
4778,4835.941190165968
3922,4835.941190165968
3066,6091.71099740365
2210,5733.844419058005
1354,5530.263645987881
498,5516.01723242261
40731,4837.8791518530625
39875,4837.8791518530625
39019,5628.846484696542
38163,5412.635283383445
37307,5208.985149301227
36451,5227.750344163826
35595,5227.750344163826
34739,4765.283835205966
33883,4765.283835205966
33027,4553.52165472035
32171,4476.633722938185
31315,4449.605421239006
30459,4449.605421239006
29603,4614.02454417753
28747,4717.853480350941
27891,4717.853480350941
27035,5454.113323724582
26179,5249.855154409457
25323,5082.1229983172525
24467,5120.453572166857
23611,5120.453572166857
22755,4716.333578732135
21899,4716.333578732135
21043,4452.460603858854
20187,4436.100215341638
19331,4461.853461916611
18475,4490.529680021438
17619,4626.2725848551345
16763,4738.738386417427
15907,4738.738386417427
15051,5883.62243693989
14195,5358.9546490542825
13339,5182.332816671243
12483,5238.465625184329
11627,5238.465625184329
10771,4778.628551273827
9915,4778.628551273827
9059,4640.411698125892
8203,4544.419488884305
7347,4546.390172571525
6491,4546.390172571525
5635,4622.655622774499
4779,4738.738386417427
3923,4738.738386417427
3067,5475.626467066792
2211,5269.737519819424
1355,5102.005363727219
499,5112.048871554868
40732,5819.956841581093
39876,5819.956841581093
39020,6520.077179294412
38164,6281.947163209588
37308,6110.4649507193135
36452,6097.943493198855
35596,6097.943493198855
34740,5747.361524933996
33884,5747.361524933996
33028,5511.507941241433
32172,5448.79024756415
31316,5421.7619458649715
30460,5421.7619458649715
29604,5573.754897031021
28748,5704.862949421942
27892,5704.862949421942
27036,6336.750367920121
26180,6124.098813578571
25324,5988.53457907831
24468,5995.578500544857
23612,5995.578500544857
22756,5703.343047803136
21900,5703.343047803136
21044,5415.378669722908
20188,5408.256739967604
19332,5434.009986542576
18476,5462.686204647403
17620,5586.002937708626
16764,5725.747855488428
15908,5725.747855488428
15052,6742.4071627284575
14196,6214.076903399461
13340,6069.622992608365
12484,6094.469148738393
11628,6094.469148738393
10772,5760.706241001857
9916,5760.706241001857
9060,5570.536930072346
8204,5486.968146025252
7348,5488.938829712472
6492,5488.938829712472
5636,5573.48775986303
4780,5725.747855488428
3924,5725.747855488428
3068,6344.073885781367
2212,6143.981178988538
1356,6008.416944488277
500,5987.173799932868
40733,6041.662332436902
39877,6041.662332436902
39021,6839.648262227254
38165,6513.450443447615
37309,6259.0744368924825
36453,6278.996741663716
35597,6278.996741663716
34741,5976.465780619094
33885,5976.465780619094
33029,5489.027725984175
32173,5394.669382378245
31317,5367.641080679066
30461,5367.641080679066
29605,5637.282608045144
28749,5914.247134854024
27893,5914.247134854024
27037,6637.503806331739
26181,6335.882023563581
25325,6117.423994998463
24469,6156.911678756702
23613,6156.911678756702
22757,5912.727233235218
21901,5912.727233235218
21045,5373.178384212633
20189,5354.1358747816985
19333,5379.889121356671
18477,5408.565339461498
17621,5649.530648722749
16765,5935.13204092051
15909,5935.13204092051
15053,7474.159987738829
14197,6459.769809118452
13341,6232.422104262499
12485,6289.712022684219
11629,6289.712022684219
10773,5989.810496686955
9917,5989.810496686955
9061,5575.917769389717
8205,5477.24343923441
7349,5479.21412292163
6493,5479.21412292163
5637,5645.913686642113
4781,5935.13204092051
3925,5935.13204092051
3069,6659.016949673949
2213,6355.764388973548
1357,6137.30636040843
501,6148.506978144713
40734,4488.206354390839
39878,4488.206354390839
39022,5355.111593767844
38166,5138.900392454748
37310,4935.250258372529
36454,4954.015453235129
35598,4954.015453235129
34742,4418.501186048859
33886,4418.501186048859
33030,4253.892207862023
32174,4171.835374448249
31318,4108.804910745123
30462,4108.804910745123
29606,4264.902581124629
28750,4365.901929562226
27894,4365.901929562226
27038,5161.019905683312
26182,4956.761736368187
25326,4789.029580275982
24470,4799.073088103631
23614,4799.073088103631
22758,4364.382027943419
21902,4364.382027943419
21046,4120.6659131466195
20190,4107.490491061987
19334,4133.24373763696
18478,4177.996547964007
17622,4289.341408016466
16766,4386.786835628712
15910,4386.786835628712
15054,5633.089440563636
14198,5071.030132644621
13342,4894.408300261581
12486,4950.541108774667
11630,4950.541108774667
10774,4431.84590211672
9918,4431.84590211672
9062,4329.862501267487
8206,4237.055258458482
7350,4239.025942145702
6494,4239.025942145702
5638,4285.72444593583
4782,4386.786835628712
3926,4386.786835628712
3070,5182.533049025522
2214,4990.833727259118
1358,4823.101571166913
502,4833.145078994562
40735,7176.915062687929
39879,7176.915062687929
39023,8625.896013467649
38167,8184.663208653736
37311,7981.346359676827
36455,7963.031971323142
35599,7963.031971323142
34743,7104.319746040834
33887,7104.319746040834
33031,6810.260274775043
32175,6771.881667224163
31319,6691.909898946485
30463,6691.909898946485
29607,6929.040837746878
28751,7061.821170528779
27895,7061.821170528779
27039,8402.73704061869
26183,8012.625233541754
25327,7845.226362554859
24471,7818.190287166223
23615,7818.190287166223
22759,7060.301268909973
21903,7060.301268909973
21047,6670.1933564596675
20191,6686.978517182713
19335,6712.731763757686
18479,6757.484574084733
17623,6949.86270255808
16767,7082.706076595266
15911,7082.706076595266
15055,9057.434763787414
14199,8116.792948843608
13343,7940.504401565879
12487,7959.55762686268
11631,7959.55762686268
10775,7117.664462108693
9919,7117.664462108693
9063,6869.289263605955
8207,6806.442603604629
7351,6808.413287291848
6495,6808.413287291848
5639,6949.86270255808
4783,7082.706076595266
3927,7082.706076595266
3071,8424.2501839609
2215,8046.697224432685
1359,7879.298353445791
503,7852.262278057155
40736,6303.4428620253575
39880,6303.4428620253575
39024,7622.213866413217
38168,7260.361036225791
37312,7031.394067148977
36456,7051.316371920211
35600,7051.316371920211
34744,6238.24631020755
33888,6238.24631020755
33032,5961.923901105712
32176,5884.760962746876
31320,5804.789194469199
30464,5804.789194469199
29608,6037.265848493502
28752,6185.647053720916
27896,6185.647053720916
27040,7406.517530464776
26184,7078.22238013923
25328,6885.17338905243
24472,6896.374006788713
23616,6896.374006788713
22760,6184.12715210211
21904,6184.12715210211
21048,5811.756301815757
20192,5803.474774786063
19336,5829.228021361036
18480,5873.980831688083
17624,6061.704675385338
16768,6206.531959787402
15912,6206.531959787402
15056,8078.8956245677
14200,7192.490776415664
13344,6990.552109038029
12488,7047.842027459749
11632,7047.842027459749
10776,6251.5910262754105
9920,6251.5910262754105
9064,6020.952889936624
8208,5933.039542182558
7352,5935.010225869778
6496,5935.010225869778
5640,6058.087713304702
4784,6206.531959787402
3928,6206.531959787402
3072,7428.030673806987
2216,7112.2943710301615
1360,6919.2453799433615
504,6930.445997679644
40737,6090.213733022259
39881,6090.213733022259
39025,7741.850731095854
38169,7286.054923938463
37313,7046.556172878324
36457,7041.0314463480045
35601,7041.0314463480045
34745,6041.270942623138
33889,6041.270942623138
33033,5807.781442689082
32177,5729.648257615659
31321,5702.619955916481
30465,5702.619955916481
29609,5897.087989306267
28753,5988.671686136503
27897,5988.671686136503
27041,7522.780702753278
26185,7118.105893332866
25329,6914.525120262742
24473,6928.565772719427
23617,6928.565772719427
22761,5974.960998303465
21905,5974.960998303465
21049,5701.551490195976
20193,5689.114750019113
19337,5714.8679965940855
18481,5743.544214698913
17625,5909.336029983872
16769,5997.3658059887575
15913,5997.3658059887575
15057,8428.854556226652
14201,7232.374289609299
13345,7019.90384024834
12489,7051.746727368507
11633,7051.746727368507
10777,6039.018659978817
9921,6039.018659978817
9065,5883.751736094545
8209,5794.868141625891
7353,5796.8388253131125
6497,5796.8388253131125
5641,5896.820852138277
4785,5993.9595934908075
3929,5993.9595934908075
3073,7530.104220614525
2217,7137.988258742832
1361,6934.407485672708
505,6920.161072107437
40738,4817.2766197946585
39882,4817.2766197946585
39026,5878.722262674825
38170,5560.100459863844
37314,5331.13349078703
36458,5351.0557955582635
35602,5351.0557955582635
34746,4747.571451452679
33890,4747.571451452679
33034,4538.180135390434
32178,4452.096813785194
31322,4378.571999846527
30466,4378.571999846527
29610,4589.373101448526
28754,4692.498766058651
27898,4692.498766058651
27042,5669.534141669388
26186,5375.4883748698885
25330,5182.4393837830885
24474,5193.640001519371
23618,5193.640001519371
22762,4690.978864439845
21906,4690.978864439845
21050,4385.539107193085
20194,4377.257580163391
19338,4403.010826738364
18482,4447.763637065411
17626,4613.811928340362
16770,4713.383672125137
15914,4713.383672125137
15058,6485.908474614468
14202,5492.2302000537165
13346,5290.291532676081
12490,5347.581451097802
11634,5347.581451097802
10778,4760.91616752054
9922,4760.91616752054
9066,4597.209124221346
8210,4509.29577646728
7354,4511.2664601545
6498,4511.2664601545
5642,4610.194966259726
4786,4713.383672125137
3930,4713.383672125137
3074,5691.047285011598
2218,5409.56036576082
1362,5216.51137467402
506,5227.711992410303
40739,6686.472929358741
39883,6686.472929358741
39027,8232.705840923736
38171,7747.516794290746
37315,7516.8325080911045
36459,7511.307781560784
35603,7511.307781560784
34747,6616.767761016761
33891,6616.767761016761
33035,6350.589437132564
32179,6289.254727764557
31323,6209.282959486879
30467,6209.282959486879
29611,6451.195654932256
28755,6564.168504530128
27899,6564.168504530128
27043,7999.446187100195
26187,7565.378138204184
25331,7370.611829994557
24475,7356.365416429286
23619,7356.365416429286
22763,6562.648602911321
21907,6562.648602911321
21051,6200.4218378426085
20195,6207.968539803744
19339,6233.721786378716
18483,6278.474596705763
17627,6475.634481824091
16771,6585.0534105966135
15915,6585.0534105966135
15059,8909.19539298134
14203,7679.646534480618
13347,7475.990549980156
12491,7507.833437100322
11635,7507.833437100322
10779,6630.112477084623
9923,6630.112477084623
9067,6409.618425963476
8211,6337.533307200239
7355,6339.503990887458
6499,6339.503990887458
5643,6472.0175197434555
4787,6585.0534105966135
3931,6585.0534105966135
3075,8020.959330442405
2219,7599.450129095116
1363,7404.683820885489
507,7390.437407320217
40740,5919.743688394233
39884,5919.743688394233
39028,6961.649848406341
38172,6702.207619716801
37316,6498.557485634582
36460,6517.322680497182
35604,6517.322680497182
34748,5875.309514519283
33892,5875.309514519283
33036,5591.149395970575
32180,5509.092562556802
31324,5482.064260857623
30468,5482.064260857623
29612,5681.324353990381
28756,5822.710258032649
27900,5822.710258032649
27044,6772.766141952376
26188,6534.258589111204
25332,6366.526433018999
24476,6404.857006868604
23620,6404.857006868604
22764,5808.999570199611
21908,5808.999570199611
21052,5484.91944347747
20196,5468.559054960255
19340,5494.312301535228
18484,5522.988519640055
17628,5693.5723946679855
16772,5831.404377884904
15916,5831.404377884904
15060,7273.945367344722
14204,6648.526985387638
13348,6471.905153004598
12492,6528.037961517684
11636,6528.037961517684
10780,5873.057231874962
9924,5873.057231874962
9068,5667.119689376039
8212,5574.312446567034
7356,5576.2831302542545
6500,5576.2831302542545
5644,5681.05721682239
4788,5827.998165386954
3932,5827.998165386954
3076,6780.089659813621
2220,6554.140954521171
1364,6386.408798428966
508,6396.452306256615
40741,5863.932521655091
39885,5863.932521655091
39029,6694.809376822003
38173,6368.611558042364
37317,6114.2355514872315
36461,6134.1578562584655
35605,6134.1578562584655
34749,5794.227353313111
33893,5794.227353313111
33037,5306.789298678192
32181,5212.430955072262
31325,5185.402653373083
30469,5185.402653373083
29613,5455.044180739161
28757,5732.008707548041
27901,5732.008707548041
27045,6492.664920926488
26189,6191.04313815833
25333,5972.585109593212
24477,6012.072793351451
23621,6012.072793351451
22765,5730.488805929234
21909,5730.488805929234
21053,5190.93995690665
20197,5171.897447475715
19341,5197.650694050688
18485,5226.326912155515
17629,5467.292221416766
16773,5752.893613614527
15917,5752.893613614527
15061,7329.321102333578
14205,6314.930923713201
13349,6087.583218857248
12493,6144.873137278968
11637,6144.873137278968
10781,5807.572069380972
9925,5807.572069380972
9069,5393.679342083734
8213,5295.005011928427
7357,5296.975695615647
6501,5296.975695615647
5645,5463.67525933613
4789,5752.893613614527
3933,5752.893613614527
3077,6514.178064268698
2221,6210.925503568297
1365,5992.467475003179
509,6003.668092739462
40742,6361.27787390675
39886,6361.27787390675
39030,7441.500784404749
38174,7106.592923646909
37318,6924.337846551724
36462,6924.606050854631
35606,6924.606050854631
34750,6309.444935202511
33894,6309.444935202511
33038,6004.710829762729
32182,5927.822897980564
31326,5900.794596281386
30470,5900.794596281386
29614,6106.071070482472
28758,6262.014580347486
27902,6262.014580347486
27046,7244.260549837089
26190,6943.812794672921
25334,6797.47569556775
24478,6817.309278857661
23622,6817.309278857661
22766,6248.303892514448
21910,6248.303892514448
21054,5903.649778901233
20198,5887.289390384018
19342,5913.04263695899
18486,5941.7188550638175
17630,6118.319111160077
16774,6270.708700199741
15918,6270.708700199741
15062,7722.15838576472
14206,7052.912289317746
13350,6897.6855139217405
12494,6935.321331875133
11638,6935.321331875133
10782,6307.19265255819
9926,6307.19265255819
9070,6063.739818593642
8214,5970.932575784637
7358,5972.903259471857
6502,5972.903259471857
5646,6105.803933314482
4790,6267.302487701791
3934,6267.302487701791
3078,7251.584067698334
2222,6963.695160082888
1366,6817.358060977717
510,6808.904578245672
40743,5924.262579040969
39887,5924.262579040969
39031,6999.059664429638
38175,6739.617435740098
37319,6535.967301657879
36463,6554.732496520479
35607,6554.732496520479
34751,5875.3197886418475
33895,5875.3197886418475
33039,5591.1596700931395
32183,5509.102836679366
31327,5482.074534980187
30471,5482.074534980187
29615,5681.334628112945
28759,5822.720532155214
27903,5822.720532155214
27047,6810.175957975673
26191,6571.668405134501
25335,6403.936249042296
24479,6442.266822891901
23623,6442.266822891901
22767,5809.009844322176
21911,5809.009844322176
21055,5484.929717600035
20199,5468.569329082819
19343,5494.322575657792
18487,5522.998793762619
17631,5693.58266879055
16775,5831.414652007468
15919,5831.414652007468
15063,7321.039222887361
14207,6685.936801410935
13351,6509.314969027895
12495,6551.258152060017
11639,6551.258152060017
10783,5873.0675059975265
9927,5873.0675059975265
9071,5667.1299634986035
8215,5574.322720689599
7359,5576.293404376819
6503,5576.293404376819
5647,5681.067490944954
4791,5828.008439509518
3935,5828.008439509518
3079,6817.4994758369185
2223,6591.550770544468
1367,6423.818614452263
511,6433.862122279912
40744,5732.563271936885
39888,5732.563271936885
39032,6504.952202099283
38176,6186.430922371561
37320,6014.948709881286
36464,6002.427252360828
35608,6002.427252360828
34752,5662.8581035949055
33896,5662.8581035949055
33040,5441.562125725088
32184,5373.675530416196
31328,5346.647228717017
30472,5346.647228717017
29616,5498.640179883067
28760,5615.190626451243
27904,5615.190626451243
27048,6316.4564890933825
26192,6023.413671108935
25336,5887.849436608674
24480,5894.893358075221
23624,5894.893358075221
22768,5613.6707248324365
21912,5613.6707248324365
21056,5340.263952574954
20200,5333.142022819649
19344,5358.895269394622
18488,5387.571487499449
17632,5510.8882205606715
16776,5636.075532517729
15920,5636.075532517729
15064,6707.063403753814
14208,6132.750288042398
13352,5988.296377251302
12496,6013.14253338133
11640,6013.14253338133
10784,5676.202819662766
9928,5676.202819662766
9072,5528.45216913063
8216,5441.6984186509535
7360,5443.669102338174
6504,5443.669102338174
5648,5507.271258480036
4792,5636.075532517729
3936,5636.075532517729
3080,6323.780006954628
2224,6043.296036518902
1368,5907.731802018641
512,5886.488657463232
40745,4415.994462706162
39889,4415.994462706162
39033,5786.082116921626
38177,5394.201039715298
37321,5154.70228865516
36465,5149.17756212484
35609,5149.17756212484
34753,4371.560288831212
33897,4371.560288831212
33041,4199.514724781865
32185,4122.35178642303
31329,4095.323484723851
30473,4095.323484723851
29617,4236.507995078601
28761,4318.961032344579
27905,4318.961032344579
27049,5593.557050304547
26193,5226.252009109701
25337,5022.671236039578
24481,5036.711888496262
23625,5036.711888496262
22769,4305.250344511541
21913,4305.250344511541
21057,4093.284772288761
20201,4081.8182788264826
19345,4107.571525401456
18489,4136.247743506283
17633,4248.756035756206
16777,4327.655152196833
15921,4327.655152196833
15065,6445.917174804662
14209,5340.520405386135
13353,5128.0499560251765
12497,5159.892843145342
11641,5159.892843145342
10785,4369.308006186891
9929,4369.308006186891
9073,4275.485018187329
8217,4187.571670433263
7361,4189.542354120483
6505,4189.542354120483
5649,4236.24085791061
4793,4324.248939698883
3937,4324.248939698883
3081,5600.880568165793
2225,5246.134374519668
1369,5042.553601449545
513,5028.307187884273
40746,5439.6292489892
39890,5439.6292489892
39034,6637.970231911733
38178,6181.441406305741
37322,5967.351692723922
36466,5961.826966193601
35610,5961.826966193601
34754,5369.924080647221
33898,5369.924080647221
33042,5142.230909804329
32186,5070.383557862204
31330,5043.355256163024
30474,5043.355256163024
29618,5201.795161668084
28762,5324.470784531629
27906,5324.470784531629
27050,6452.591125665697
26194,6020.638336071187
25338,5842.466600479382
24482,5856.507252936066
23626,5856.507252936066
22770,5322.9508829128235
21914,5322.9508829128235
21058,5043.146917682266
20202,5029.850050265656
19346,5055.603296840629
18490,5084.279514945456
17634,5214.043202345689
16778,5345.355690598116
15922,5345.355690598116
15066,6965.845092162164
14210,6127.760771976578
13354,5940.699360093938
12498,5972.542247214104
11642,5972.542247214104
10786,5383.2687967150805
9930,5383.2687967150805
9074,5229.12095320987
8218,5136.192265068888
7362,5138.1629487561095
6506,5138.1629487561095
5650,5210.426240265053
4794,5345.355690598116
3938,5345.355690598116
3082,6459.914643526943
2226,6040.520701481154
1370,5862.348965889349
514,5848.102552324077
40747,6200.620202729662
39891,6200.620202729662
39035,7333.581482485638
38179,6952.785218453112
37323,6770.530141357927
36467,6770.798345660834
35611,6770.798345660834
34755,6135.423650911855
33899,6135.423650911855
33043,5846.286544184254
32187,5768.846291155159
31331,5741.81798945598
30475,5741.81798945598
29619,5947.094463657067
28763,6082.824394425221
27907,6082.824394425221
27051,7131.172346286369
26195,6784.836187847515
25339,6638.499088742345
24483,6658.332672032256
23627,6658.332672032256
22771,6081.304492806415
21915,6081.304492806415
21059,5740.056591691149
20203,5728.312783558612
19347,5754.066030133585
18491,5782.742248238412
17635,5959.3425043346715
16779,6103.709300491707
15923,6103.709300491707
15067,7621.83729860553
14211,6884.914958642985
13355,6729.688183246979
12499,6767.324001200372
11643,6767.324001200372
10787,6148.768366979715
9931,6148.768366979715
9075,5905.315533015167
8219,5817.12487059084
7363,5819.09555427806
6507,5819.09555427806
5651,5946.827326489076
4795,6103.709300491707
3939,6103.709300491707
3083,7138.495864147615
2227,6804.718553257482
1371,6658.381454152312
515,6649.927971420267
40748,6924.796743447669
39892,6924.796743447669
39036,8237.8901441635
38180,7912.904314624247
37324,7685.895745291847
36468,7693.028388239716
35612,7693.028388239716
34756,6859.600191629861
33900,6859.600191629861
33044,6594.972729868258
32188,6524.890788443397
31332,6497.862486744218
30476,6497.862486744218
29620,6701.347334651723
28764,6811.932714486198
27908,6811.932714486198
27052,8041.315213038999
26196,7749.887063361621
25340,7558.796472019235
24484,7585.494493954109
23628,7585.494493954109
22772,6810.412812867392
21916,6810.412812867392
21060,6493.674556718124
20204,6484.35728084685
19348,6510.110527421823
18492,6538.78674552665
17636,6713.595375329328
16780,6832.817620552684
15924,6832.817620552684
15068,8905.132406887751
14212,7859.223680295084
13356,7659.243412661863
12500,7703.743669260219
11644,7703.743669260219
10788,6872.944907697722
9932,6872.944907697722
9076,6681.8627732738005
8220,6592.913676678154
7364,6594.884360365374
6508,6594.884360365374
5652,6709.978413248692
4796,6832.817620552684
3940,6832.817620552684
3084,8062.828356381209
2228,7769.769428771588
1372,7578.678837429202
516,7577.08979334212
40749,5569.381396813669
39893,5569.381396813669
39037,6808.923269206789
38181,6373.285875822512
37325,6133.787124762374
36469,6128.262398232054
35613,6128.262398232054
34757,5499.67622847169
33901,5499.67622847169
33045,5265.81347093619
32189,5191.297247943404
31333,5164.268946244225
30477,5164.268946244225
29621,5323.906312537766
28765,5447.076971985056
27909,5447.076971985056
27053,6598.834884714611
26197,6205.336845216915
25341,6001.756072146792
24485,6015.796724603476
23629,6015.796724603476
22773,5445.55707036625
21917,5445.55707036625
21061,5159.583518443085
20205,5147.146778266221
19349,5172.900024841194
18493,5201.576242946021
17637,5332.537391134735
16781,5467.961878051542
15925,5467.961878051542
15069,7225.855368131837
14213,6319.605241493349
13357,6107.13479213239
12501,6138.977679252556
11645,6138.977679252556
10789,5513.02094453955
9933,5513.02094453955
9077,5352.703514341732
8221,5260.634953440496
7365,5262.605637127716
6509,5262.605637127716
5653,5332.537391134735
4797,5467.961878051542
3941,5467.961878051542
3085,6620.348028056821
2229,6225.219210626882
1373,6021.638437556759
517,6007.392023991487
40750,6158.9632011099575
39894,6158.9632011099575
39038,7373.121747798139
38182,6908.091114938265
37326,6677.4068287386235
36470,6671.882102208303
35614,6671.882102208303
34758,6089.258032767978
33902,6089.258032767978
33046,5867.96205489816
32190,5806.627345530153
31334,5779.5990438309755
30478,5779.5990438309755
29622,5931.591994997024
28766,6036.658776281345
27910,6036.658776281345
27054,7163.033363305961
26198,6740.142084332668
25342,6545.375776123041
24486,6559.416428579725
23630,6559.416428579725
22774,6035.138874662538
21918,6035.138874662538
21062,5761.732102405056
20206,5766.093837933608
19350,5791.84708450858
18494,5820.523302613407
17638,5943.840035674629
16782,6057.54368234783
15926,6057.54368234783
15070,8005.376490576506
14214,6854.410480609102
13358,6650.75449610864
12502,6682.5973832288055
11646,6682.5973832288055
10790,6102.6027488358395
9934,6102.6027488358395
9078,5954.852098303703
8222,5879.582013107883
7366,5881.552696795102
6510,5881.552696795102
5654,5940.223073593993
4798,6057.54368234783
3942,6057.54368234783
3086,7184.546506648171
2230,6760.024449742635
1374,6565.258141533008
518,6551.011727967736
40751,6750.47475557058
39895,6750.47475557058
39039,8000.520100701638
38183,7683.110287131038
37327,7464.916182659133
36471,7472.048825607002
35615,7472.048825607002
34759,6680.7695872286
33903,6680.7695872286
33047,6409.228934771744
32191,6346.72300931554
31335,6319.6947076163615
30479,6319.6947076163615
29623,6515.535140396375
28767,6633.1021100849375
27911,6633.1021100849375
27055,7803.945169577132
26199,7520.093035868412
25343,7337.816909386521
24487,7364.514931321395
23631,7364.514931321395
22775,6631.582208466131
21919,6631.582208466131
21063,6307.93076162161
20207,6306.189501718994
19351,6331.942748293966
18495,6360.618966398793
17639,6527.78318107398
16783,6653.987016151424
15927,6653.987016151424
15071,8468.138043245493
14215,7629.429652801875
13359,7438.263850029149
12503,7482.764106627505
11647,7482.764106627505
10791,6694.114303296461
9935,6694.114303296461
9079,6496.118978177286
8223,6414.745897550298
7367,6416.716581237518
6511,6416.716581237518
5655,6524.166218993344
4799,6653.987016151424
3943,6653.987016151424
3087,7811.268687438378
2231,7539.975401278379
1375,7357.699274796488
519,7356.110230709406
40752,5249.186145171704
39896,5249.186145171704
39040,6398.134189028565
38184,6053.480337030274
37328,5799.104330475142
36472,5819.026635246376
35616,5819.026635246376
34760,5179.480976829725
33904,5179.480976829725
33048,4968.137038103159
32192,4888.014664160344
31336,4824.984200457218
30480,4824.984200457218
29624,4990.098685354442
28768,5126.881720343091
27912,5126.881720343091
27056,6191.419496930522
26200,5871.341680943713
25344,5652.883652378595
24488,5664.084270114878
23632,5664.084270114878
22776,5125.361818724285
21920,5125.361818724285
21064,4834.910743387756
20208,4823.669780774082
19352,4849.423027349055
18496,4894.175837676102
17640,5014.537512246278
16784,5147.766626409577
15928,5147.766626409577
15072,6728.936861333702
14216,5985.610077220147
13360,5758.262372364194
12504,5815.552290785914
11648,5815.552290785914
10792,5192.825692897585
9936,5192.825692897585
9080,5044.107331508623
8224,4953.234548170577
7368,4955.205231857797
6512,4955.205231857797
5656,5010.920550165642
4800,5147.766626409577
3944,5147.766626409577
3088,6212.932640272732
2232,5905.413671834644
1376,5686.955643269526
520,5698.156261005809
40753,5502.975124980963
39897,5502.975124980963
39041,6729.391038422204
38185,6314.437347612547
37329,6074.938596552409
36473,6069.413870022088
35617,6069.413870022088
34761,5430.379808333867
33905,5430.379808333867
33049,5209.5998281862285
32193,5137.605791459002
31337,5074.575327755876
30481,5074.575327755876
29625,5249.125854074173
28769,5382.949453478842
27913,5382.949453478842
27057,6527.845247955769
26201,6137.467593157594
25345,5933.88682008747
24489,5919.640406522199
23633,5919.640406522199
22777,5381.429551860036
21921,5381.429551860036
21065,5081.542435102434
20209,5073.26090807274
19353,5099.0141546477125
18497,5143.7669649747595
17641,5273.564680966009
16785,5403.834359545328
15929,5403.834359545328
15073,7365.329707647633
14217,6246.567087802419
13361,6034.0966384414605
12505,6065.939525561626
11649,6065.939525561626
10793,5443.724524401728
9937,5443.724524401728
9081,5285.570121591692
8225,5197.656773837626
7369,5199.627457524846
6513,5199.627457524846
5657,5269.947718885373
4801,5403.834359545328
3945,5403.834359545328
3089,6549.358391297979
2233,6171.539584048525
1377,5967.958810978402
521,5953.71239741313
40754,4420.62792798755
39898,4304.938441472135
39042,4623.029537572706
38186,4498.023892153625
37330,4691.088046042521
36474,4690.087904230179
35618,4690.087904230179
34762,4371.685137588428
33906,4255.995651073015
33050,4178.751890956589
32194,3587.8705885871595
31338,3560.8422868879807
30482,3560.8422868879807
29626,3688.8299300757094
28770,3830.2158341179793
27914,4223.35081655822
27058,3954.257427985327
26202,3841.204814564218
25346,4070.186946443122
24490,4088.7521836177852
23634,4088.7521836177852
22778,3816.5051462849424
21922,4209.640128725184
21066,3563.697469507831
20210,3547.337080990614
19354,3573.0903275655864
18498,3590.948001795039
17642,3701.077970753315
16786,3838.909953970234
15930,4232.044936410475
15074,4498.596394799306
14218,3955.4732108406483
13362,4175.565666428719
12506,4211.933138266865
11650,4211.933138266865
10794,3880.562807960294
9938,4273.697790400531
9082,3740.3499562570983
8226,3647.542713448092
7370,3649.5133971353125
6514,3649.5133971353125
5658,3688.562792907719
4802,3835.503741472284
3946,4228.638723912525
3090,3961.580945846572
2234,3861.087179974184
1378,4090.069311853087
522,4080.3474830057958
40755,6587.0427774741775
39899,6587.0427774741775
39043,8074.852036764416
38187,7619.056229607024
37331,7379.557478546886
36475,7374.032752016566
35619,7374.032752016566
34763,6514.447460827081
33907,6514.447460827081
33051,6240.961976452365
32195,6171.614655091187
31339,6144.586353392008
30483,6144.586353392008
29627,6343.846446524766
28771,6467.017105972056
27915,6467.017105972056
27059,7860.950910053449
26203,7456.276100633036
25347,7252.695327562912
24491,7266.735980019596
23635,7266.735980019596
22779,6465.49720435325
21923,6465.49720435325
21067,6139.900925590869
20211,6127.4641854140045
19355,6153.217431988977
18499,6181.893650093804
17643,6352.477525121735
16787,6487.902012038542
15931,6487.902012038542
15075,8525.311326148183
14219,7565.375595277861
13363,7352.905145916902
12507,7384.748033037068
11651,7384.748033037068
10795,6527.792176894942
9939,6527.792176894942
9083,6327.852019857907
8227,6235.783458956671
7371,6237.754142643891
6515,6237.754142643891
5659,6352.477525121735
4803,6487.902012038542
3947,6487.902012038542
3091,7882.464053395659
2235,7476.158466043003
1379,7272.577692972879
523,7258.331279407607
40756,5598.721512581099
39900,5598.721512581099
39044,6809.073303182252
38188,6391.160176788615
37332,6151.661425728477
36476,6146.136699198157
35620,6146.136699198157
34764,5529.0163442391195
33908,5529.0163442391195
33052,5298.562101064332
32196,5219.138733153549
31340,5162.5552237894335
30484,5162.5552237894335
29628,5346.7800131348795
28772,5483.5630481235285
27916,5483.5630481235285
27060,6609.504571455252
26204,6216.1674810730965
25348,6012.586708002973
24492,5998.340294437701
23636,5998.340294437701
22780,5482.043146504722
21924,5482.043146504722
21068,5172.481766719971
20212,5161.240804106297
19356,5186.99405068127
18500,5231.746861008317
17644,5371.218840026716
16788,5504.447954190015
15932,5504.447954190015
15076,7495.388402869399
14220,6323.289916978488
13364,6110.819467617529
12508,6142.662354737695
11652,6142.662354737695
10796,5542.36106030698
9940,5542.36106030698
9084,5374.532394469796
8228,5283.659611131749
7372,5285.63029481897
6516,5285.63029481897
5660,5367.60187794608
4804,5504.447954190015
3948,5504.447954190015
3092,6631.017714797462
2236,6250.239471964028
1380,6046.658698893904
524,6032.412285328633
40757,4432.078069403302
39901,4432.078069403302
39045,5726.37815729657
38189,5400.1803385169305
37333,5145.804331961798
36477,5157.161288503613
35621,5157.161288503613
34765,4362.372901061322
33909,4362.372901061322
33053,4205.686114118081
32197,4121.64616582262
31341,4094.617864123441
30485,4094.617864123441
29629,4242.487550423278
28773,4316.919604945731
27917,4316.919604945731
27061,5540.999051050534
26205,5239.3772682823765
25349,5020.919239717258
24493,5051.841575246078
23637,5051.841575246078
22781,4315.399703326925
21925,4315.399703326925
21069,4106.6021219960185
20213,4081.112658226074
19357,4106.865904801046
18501,4135.542122905873
17645,4254.735591100883
16789,4337.8045110122175
15933,4337.8045110122175
15077,6088.420393321578
14221,5332.310078706803
13365,5104.96237385085
12509,5153.686944043151
11653,5153.686944043151
10797,4375.717617129183
9941,4375.717617129183
9085,4281.656407523545
8229,4186.1670438008205
7373,4188.137727488041
6517,4188.137727488041
5661,4242.220413255287
4805,4337.8045110122175
3949,4337.8045110122175
3093,5548.32256891178
2237,5259.259633692343
1381,5040.801605127225
525,5043.436874634089
40758,5015.271784890464
39902,5015.271784890464
39046,5798.626932725936
38190,5564.929853114934
37334,5347.821777520958
36478,5386.428866927102
35622,5386.428866927102
34766,4945.5666165484845
33910,4945.5666165484845
33054,4661.450457424808
32198,4569.7742347325975
31342,4542.745933033419
30486,4542.745933033419
29630,4744.927182619883
28774,4883.347970783414
27918,4883.347970783414
27062,5609.105480843931
26206,5387.361433230901
25350,5206.171335626938
24494,5264.343804020087
23638,5264.343804020087
22782,4881.828069164608
21926,4881.828069164608
21070,4545.601115653266
20214,4529.240727136051
19358,4554.9939737110235
18502,4583.670191815851
17646,4757.175223297488
16790,4904.2328768499
15934,4904.2328768499
15078,6090.690475287657
14222,5511.2492187857715
13366,5321.169444890974
12510,5397.144147947604
11654,5397.144147947604
10798,4958.911332616345
9942,4958.911332616345
9086,4720.47944625572
8230,4627.672203446716
7374,4629.642887133936
6518,4629.642887133936
5662,4744.660045451892
4806,4904.2328768499
3950,4904.2328768499
3094,5616.428998705177
2238,5407.243798640868
1382,5226.053701036905
526,5255.939103408098
40759,6339.87932018345
39903,6339.87932018345
39047,7734.764055072473
38191,7372.911224885047
37335,7127.349683190411
36479,7138.706639732226
35623,7138.706639732226
34767,6270.17415184147
33911,6270.17415184147
33055,6015.811711896307
32199,5938.648773537472
31343,5911.620471838293
30487,5911.620471838293
29631,6112.242661263289
28775,6217.574895354836
27919,6217.574895354836
27063,7533.257344604996
26207,7204.96219427945
25351,6995.318630574829
24495,7026.240966103648
23639,7026.240966103648
22783,6216.05499373603
21927,6216.05499373603
21071,5909.581759403202
20215,5898.115265940925
19359,5923.868512515898
18503,5952.544730620725
17647,6124.490701940894
16791,6238.4598014213225
15935,6238.4598014213225
15079,8428.086551544257
14223,7319.230590555884
13367,7100.697350560427
12511,7149.4219207527285
11655,7149.4219207527285
10799,6283.518867909331
9943,6283.518867909331
9087,6102.7017553018495
8231,6011.6034411152
7375,6013.574124802421
6519,6013.574124802421
5663,6120.873739860258
4807,6238.4598014213225
3951,6238.4598014213225
3095,7554.770487947207
2239,7224.844559689417
1383,7015.200995984796
527,7017.836265491659
40760,5583.695058483042
39904,5583.695058483042
39048,6873.995950240352
38192,6461.431170459404
37336,6221.932419399266
36480,6216.407692868946
35624,6216.407692868946
34768,5511.099741835946
33912,5511.099741835946
33056,5299.337561350329
32200,5226.373277908516
31344,5163.34281420539
30488,5163.34281420539
29632,5342.675097168669
28776,5463.6693869809205
27920,5463.6693869809205
27064,6654.886841898818
26208,6284.461416004451
25352,6080.880642934328
24496,6066.634229369056
23640,6066.634229369056
22784,5462.149485362114
21928,5462.149485362114
21072,5171.280168266535
20216,5162.028394522254
19360,5187.781641097226
18504,5232.534451424273
17648,5367.113924060505
16792,5484.554293047407
15936,5484.554293047407
15080,7511.92497835779
14224,6393.560910649277
13368,6181.090461288318
12512,6212.933348408484
11656,6212.933348408484
10800,5524.444457903806
9944,5524.444457903806
9088,5375.307854755793
8232,5286.42426028714
7376,5288.39494397436
6520,5288.39494397436
5664,5363.496961979869
4808,5484.554293047407
3952,5484.554293047407
3096,6676.399985241028
2240,6318.5334068953825
1384,6114.952633825259
528,6100.706220259987
40761,6274.676532719505
39905,6274.676532719505
39049,7483.520459594207
38193,7022.332931918783
37337,6840.0778548235985
36481,6840.346059126505
35625,6840.346059126505
34769,6204.971364377526
33913,6204.971364377526
33057,5915.834257649925
32201,5838.39400462083
31345,5758.422236343153
30489,5758.422236343153
29633,5995.5531751435465
28777,6152.372107890892
27921,6152.372107890892
27065,7266.921697913974
26209,6840.194275832222
25353,6693.857176727051
24497,6685.4036939950065
23641,6685.4036939950065
22785,6150.852206272086
21929,6150.852206272086
21073,5765.666658359971
20217,5757.107816660016
19361,5782.861063234989
18505,5827.613873562036
17649,6019.992002035383
16793,6173.257013957378
15937,6173.257013957378
15081,7781.46031523344
14225,6954.462672108656
13369,6799.23589671265
12513,6836.871714666043
11657,6836.871714666043
10801,6218.316080445386
9945,6218.316080445386
9089,5974.863246480838
8233,5886.672584056511
7377,5888.6432677437315
6521,5888.6432677437315
5665,6016.375039954747
4809,6173.257013957378
3953,6173.257013957378
3097,7288.434841256184
2241,6874.266266723153
1385,6727.929167617983
529,6719.475684885938
40762,6354.315048944402
39906,6354.315048944402
39050,7515.119809838951
38194,7146.775073981925
37338,6966.4783966311525
36482,6953.956939110694
35626,6953.956939110694
34770,6305.372258545281
33914,6305.372258545281
33058,6007.551343800752
32202,5933.072319739
31346,5906.044018039821
30490,5906.044018039821
29634,6118.9649073683995
28778,6257.704781401618
27922,6257.704781401618
27066,7317.642452982654
26210,6983.757822719299
25354,6839.379123358541
24498,6846.423044825087
23642,6846.423044825087
22786,6243.99409356858
21930,6243.99409356858
21074,5906.253170650618
20218,5892.538812142453
19362,5918.292058717426
18506,5946.968276822253
17650,6131.212948046004
16794,6266.398901253872
15938,6266.398901253872
15082,7819.636816609148
14226,7093.094439652762
13370,6939.826064001169
12514,6964.672220131197
11658,6964.672220131197
10802,6303.11997590096
9946,6303.11997590096
9090,6083.521637206216
8234,5993.360424406262
7378,5995.331108093482
6522,5995.331108093482
5666,6118.697770200409
4810,6262.992688755922
3954,6262.992688755922
3098,7324.965970843899
2242,7003.640188129266
1386,6859.261488768508
530,6838.018344213098
40763,4427.851723625451
39907,4427.851723625451
39051,5294.756963002456
38195,5078.54576168936
37339,4874.895627607141
36483,4893.660822469741
35627,4893.660822469741
34771,4358.146555283472
33915,4358.146555283472
33059,4193.537577096635
32203,4111.480743682861
31347,4048.4502799797374
30491,4048.4502799797374
29635,4204.547950359241
28779,4305.547298796838
27923,4305.547298796838
27067,5100.665274917924
26211,4896.407105602799
25355,4728.674949510594
24499,4738.718457338243
23643,4738.718457338243
22787,4304.027397178032
21931,4304.027397178032
21075,4060.3112823812326
20219,4047.1358602966
19363,4072.8891068715725
18507,4117.641917198619
17651,4228.986777251078
16795,4326.432204863324
15939,4326.432204863324
15083,5572.7348097982485
14227,5010.675501879233
13371,4834.053669496193
12515,4890.186478009279
11659,4890.186478009279
10803,4371.491271351332
9947,4371.491271351332
9091,4269.507870502099
8235,4176.700627693094
7379,4178.671311380314
6523,4178.671311380314
5667,4225.369815170442
4811,4326.432204863324
3955,4326.432204863324
3099,5122.178418260134
2243,4930.47909649373
1387,4762.7469404015255
531,4772.790448229174
40764,6913.537124044926
39908,6913.537124044926
39052,8399.987039638925
38196,7896.341959787281
37340,7665.65767358764
36484,7660.132947057319
35628,7660.132947057319
34772,6843.831955702946
33916,6843.831955702946
33060,6554.694848975346
32204,6497.976719992017
31348,6418.004951714339
30492,6418.004951714339
29636,6655.135890514733
28780,6791.232699216312
27924,6791.232699216312
27068,8166.727385815382
26212,7714.2033037007195
25356,7519.436995491093
24500,7505.190581925821
23644,7505.190581925821
22788,6789.712797597506
21932,6789.712797597506
21076,6404.52724968539
20220,6416.6905320312035
19364,6442.443778606176
18508,6487.196588933223
17652,6679.57471740657
16796,6812.117605282799
15940,6812.117605282799
15084,9070.556951423345
14228,7828.471699977154
13372,7624.815715476691
12516,7656.658602596857
11660,7656.658602596857
10804,6857.176671770806
9948,6857.176671770806
9092,6613.7238378062575
8236,6546.255299427698
7380,6548.225983114918
6524,6548.225983114918
5668,6675.957755325934
4812,6812.117605282799
3956,6812.117605282799
3100,8188.240529157592
2244,7748.275294591651
1388,7553.508986382024
532,7539.262572816752
40765,4560.896017198036
39909,4560.896017198036
39053,5427.801256575041
38197,5211.590055261945
37341,5007.939921179726
36485,5026.705116042326
35629,5026.705116042326
34773,4491.190848856057
33917,4491.190848856057
33061,4326.58187066922
32205,4244.5250372554465
31349,4181.494573552321
30493,4181.494573552321
29637,4337.5922439318265
28781,4438.591592369423
27925,4438.591592369423
27069,5233.709568490509
26213,5029.451399175384
25357,4861.719243083179
24501,4871.762750910828
23645,4871.762750910828
22789,4437.071690750617
21933,4437.071690750617
21077,4193.355575953817
20221,4180.180153869184
19365,4205.933400444157
18509,4250.686210771204
17653,4362.031070823663
16797,4459.476498435909
15941,4459.476498435909
15085,5696.095063851492
14229,5143.719795451818
13373,4967.097963068778
12517,5023.230771581864
11661,5023.230771581864
10805,4504.535564923917
9949,4504.535564923917
9093,4402.552164074684
8237,4309.744921265679
7381,4311.715604952899
6525,4311.715604952899
5669,4358.414108743027
4813,4459.476498435909
3957,4459.476498435909
3101,5255.222711832719
2245,5063.523390066315
1389,4895.791233974111
533,4905.834741801759
40766,6365.773416614711
39910,6365.773416614711
39054,7935.316836473449
38198,7492.628715922019
37342,7253.1299648618815
36486,7247.605238331561
35630,7247.605238331561
34774,6316.830626215589
33918,6316.830626215589
33062,6057.552313853518
32206,5972.813359526025
31350,5945.785057826846
30494,5945.785057826846
29638,6140.253091216634
28782,6264.2313697289555
27926,6264.2313697289555
27070,7733.810126005973
26214,7324.679685316422
25358,7121.098912246299
24502,7135.139564702983
23646,7135.139564702983
22790,6250.520681895918
21934,6250.520681895918
21078,5951.322361360413
20222,5932.279851929478
19366,5958.033098504451
18510,5986.709316609278
17654,6152.501131894239
16798,6272.92548958121
15942,6272.92548958121
15086,8639.883979479344
14230,7438.948081592856
13374,7226.477632231898
12518,7258.3205193520635
11662,7258.3205193520635
10806,6314.578343571268
9950,6314.578343571268
9094,6133.522607258982
8238,6038.033243536258
7382,6040.003927223478
6526,6040.003927223478
5670,6139.985954048643
4814,6269.51927708326
3958,6269.51927708326
3102,7741.133643867219
2246,7344.562050726389
1390,7140.981277656266
534,7126.734864090994
40767,5889.969311462568
39911,5889.969311462568
39055,6778.62135316309
38199,6452.423534383451
37343,6206.861992688815
36487,6226.784297460049
35631,6226.784297460049
34775,5824.77275964476
33919,5824.77275964476
33063,5414.868499084399
32207,5320.51015547847
31351,5293.481853779291
30495,5293.481853779291
29639,5558.4912499972925
28783,5762.55411387969
27927,5762.55411387969
27071,6576.476897267575
26215,6274.855114499417
25359,6065.211550794796
24503,6104.699234553034
23647,6104.699234553034
22791,5761.034212260884
21935,5761.034212260884
21079,5299.019157312858
20223,5279.976647881923
19367,5305.729894456896
18511,5334.406112561723
17655,5570.739290674897
16799,5783.439019946176
15943,5783.439019946176
15087,7413.727712686913
14231,6398.742900054288
13375,6180.209660058831
12519,6237.4995784805515
11663,6237.4995784805515
10807,5838.117475712621
9951,5838.117475712621
9095,5501.758542489942
8239,5403.084212334635
7383,5405.054896021855
6527,5405.054896021855
5671,5567.1223285942615
4815,5783.439019946176
3959,5783.439019946176
3103,6597.990040609785
2247,6294.737479909384
1391,6085.0939162047625
535,6096.294533941045
40768,4765.562044256376
39912,4765.562044256376
39056,5766.1972436730775
38200,5532.500164062076
37344,5306.577623607603
36488,5336.619364784327
35632,5336.619364784327
34776,4700.365492438568
33920,4700.365492438568
33064,4511.980336555405
32208,4429.923503141632
31352,4366.893039438506
30496,4366.893039438506
29640,4536.789280980712
28784,4647.7662359519345
27928,4647.7662359519345
27072,5572.105555588545
26216,5350.3615079755145
25360,5160.3569455110555
24504,5181.676999652829
23648,5181.676999652829
22792,4646.246334333128
21936,4646.246334333128
21080,4378.754041840002
20224,4365.57861975537
19368,4391.331866330343
18512,4436.0846766573895
17656,4561.228107872548
16800,4668.651142018421
15944,4668.651142018421
15088,6427.54639848419
14232,5464.629904251949
13376,5265.735665496654
12520,5333.1450203238655
11664,5333.1450203238655
10808,4713.710208506429
9952,4713.710208506429
9096,4587.950629960869
8240,4495.143387151865
7384,4497.114070839085
6528,4497.114070839085
5672,4557.611145791912
4816,4668.651142018421
3960,4668.651142018421
3104,5593.618698930755
2248,5384.433498866446
1392,5194.428936401987
536,5215.748990543761
40769,4733.598736377762
39913,4733.598736377762
39057,5510.125845245821
38201,5293.914643932725
37345,5099.078974711003
36489,5117.844169573603
35633,5117.844169573603
34777,4663.893568035783
33921,4663.893568035783
33065,4492.371399153692
32209,4410.314565739919
31353,4383.28626404074
30497,4383.28626404074
29641,4516.826359267999
28785,4611.294311549149
27929,4611.294311549149
27073,5330.223782642253
26217,5125.965613327128
25361,4967.04792209542
24505,5005.378495945025
23649,5005.378495945025
22793,4609.774409930343
21937,4609.774409930343
21081,4386.1414466605875
20225,4369.781058143372
19369,4395.534304718345
18513,4399.534434681125
17657,4520.176184180644
16801,4632.179217615635
15945,4632.179217615635
15089,5782.77868578068
14233,5226.044384122598
13377,5058.237016600055
12521,5114.369825113141
11665,5114.369825113141
10809,4677.238284103643
9953,4677.238284103643
9097,4551.400387984605
8241,4458.5931451756005
7385,4460.563828862821
6529,4460.563828862821
5673,4516.559222100008
4817,4632.179217615635
3961,4632.179217615635
3105,5337.547300503499
2249,5145.847978737095
1393,4986.930287505387
537,4996.973795333036
40770,6494.779189500106
39914,6494.779189500106
39058,7966.409529508139
38202,7505.265375738057
37346,7265.766624677919
36490,7260.2418981475985
35634,7260.2418981475985
34778,6425.074021158127
33922,6425.074021158127
33066,6151.010517975451
32210,6070.888144032636
31354,6007.85768032951
30498,6007.85768032951
29642,6235.691729682844
28786,6372.474764671493
27930,6372.474764671493
27074,7750.713193559698
26218,7323.1267196514955
25362,7119.545946581372
24506,7105.2995330161
23650,7105.2995330161
22794,6370.954863052687
21938,6370.954863052687
21082,6017.784223260048
20226,6006.543260646374
19370,6032.2965072213465
18514,6077.049317548393
17658,6260.130556574681
16802,6393.359670737979
15946,6393.359670737979
15090,8659.867765428597
14234,7437.3951159279295
13378,7224.924666566971
12522,7256.767553687137
11666,7256.767553687137
10810,6438.418737225988
9954,6438.418737225988
9098,6226.980811380915
8242,6136.108028042869
7386,6138.078711730089
6530,6138.078711730089
5674,6256.513594494045
4818,6393.359670737979
3962,6393.359670737979
3106,7772.226336901908
2250,7357.198710542427
1394,7153.617937472303
538,7139.371523907032
40771,4477.726335407107
39915,4477.726335407107
39059,5718.529424662393
38203,5399.907621851411
37347,5162.1261879141
36491,5182.048492685334
35635,5182.048492685334
34779,4428.783545007986
33923,4428.783545007986
33067,4266.1740223797115
32211,4189.011084020876
31355,4161.982782321697
30499,4161.982782321697
29643,4293.731251255374
28787,4376.184288521352
27931,4376.184288521352
27075,5526.004358045314
26219,5231.958591245814
25363,5030.095135298518
24507,5069.582819056756
23651,5069.582819056756
22795,4362.473600688314
21939,4362.473600688314
21083,4159.9440698866065
20227,4148.4775764243295
19371,4174.230822999302
18515,4202.907041104129
17659,4305.979291932979
16803,4384.878408373606
15947,4384.878408373606
15091,6364.750424942056
14235,5346.226987522248
13379,5135.473855284116
12523,5192.763773705837
11667,5192.763773705837
10811,4426.531262363665
9955,4426.531262363665
9099,4342.144315785175
8243,4254.230968031109
7387,4256.201651718329
6531,4256.201651718329
5675,4293.464114087384
4819,4381.472195875656
3963,4381.472195875656
3107,5533.32787590656
2251,5251.840956655781
1395,5049.9775007084845
539,5061.178118444767
40772,5149.06568293483
39916,5149.06568293483
39060,6264.771458692416
38204,5938.573639912776
37348,5693.012098218141
36492,5712.934402989375
35636,5712.934402989375
34780,5100.122892535708
33924,5100.122892535708
33068,4883.446976913401
32212,4798.708022585908
31356,4771.679720886729
30500,4771.679720886729
29644,4919.0183872766875
28788,5047.523636049074
27932,5047.523636049074
27076,6072.246392075337
26220,5770.6246093071795
25364,5560.981045602558
24508,5600.468729360797
23652,5600.468729360797
22796,5033.812948216037
21940,5033.812948216037
21084,4777.217024420296
20228,4758.174514989361
19372,4783.927761564334
18516,4812.603979669161
17660,4931.266427954292
16804,5056.217755901329
15948,5056.217755901329
15092,6919.301489205071
14236,5884.893005583614
13380,5666.359765588157
12524,5723.649684009877
11668,5723.649684009877
10812,5097.870609891387
9956,5097.870609891387
9100,4942.475965744314
8244,4846.9866020215895
7388,4848.95728570881
6532,4848.95728570881
5676,4918.751250108697
4820,5052.811543403379
3964,5052.811543403379
3108,6079.569909936583
2252,5790.5069747171465
1396,5580.863411012525
540,5592.064028748808
40773,6260.680118246417
39917,6260.680118246417
39061,7745.652331719181
38205,7310.540227136409
37349,7071.0414760762715
36493,7065.516749545951
35637,7065.516749545951
34781,6195.483566428609
33925,6195.483566428609
33069,5935.080859441754
32213,5857.917921082919
31357,5830.88961938374
30501,5830.88961938374
29645,6030.149712516498
28789,6142.8843099419755
27933,6142.8843099419755
27077,7544.145621251705
26221,7142.591196530812
25365,6939.010423460689
24509,6953.051075917373
23653,6953.051075917373
22797,6141.364408323169
21941,6141.364408323169
21085,5828.850906948649
20229,5817.384413486372
19373,5843.137660061345
18517,5871.813878166172
17661,6042.397753194103
16805,6163.769216008462
15949,6163.769216008462
15093,8444.299834451893
14237,7256.859592807246
13381,7044.389143446288
12525,7076.232030566453
11669,7076.232030566453
10813,6208.82828249647
9957,6208.82828249647
9101,6021.970902847296
8245,5930.872588660647
7389,5932.843272347867
6533,5932.843272347867
5677,6038.780791113467
4821,6163.769216008462
3965,6163.769216008462
3109,7565.658764593915
2253,7162.473561940779
1397,6958.892788870656
541,6944.646375305384
40774,6125.134261962805
39918,6125.134261962805
39062,7309.811954357742
38206,6941.69019119362
37350,6729.558877356214
36494,6711.244489002529
35638,6711.244489002529
34782,6055.429093620825
33926,6055.429093620825
33070,5821.566336085326
32214,5761.707125995171
31358,5734.678824295992
30502,5734.678824295992
29646,5894.316190589533
28790,6007.7616164771625
27934,6007.7616164771625
27078,7104.655349208535
26222,6778.672939930994
25366,6602.459604083602
24510,6603.710594716922
23654,6603.710594716922
22798,6006.241714858356
21942,6006.241714858356
21086,5720.268162935192
20230,5717.556656317988
19374,5743.309902892961
18518,5771.986120997788
17662,5902.947269186502
16806,6028.646522543649
15950,6028.646522543649
15094,7629.890737980032
14238,6888.009556864457
13382,6702.90654472623
12526,6721.9597700230315
11670,6721.9597700230315
10814,6068.773809688686
9958,6068.773809688686
9102,5908.456379490868
8246,5826.113052149292
7390,5828.0837358365125
6534,5828.0837358365125
5678,5902.947269186502
4822,6028.646522543649
3966,6028.646522543649
3110,7126.168492550745
2254,6798.555305340961
1398,6622.341969493569
542,6595.305894104933
40775,4479.568110470627
39919,4479.568110470627
39063,5346.473349847633
38207,5130.262148534536
37351,4926.612014452317
36495,4945.377209314917
35639,4945.377209314917
34783,4409.862942128648
33927,4409.862942128648
33071,4245.253963941811
32215,4163.197130528038
31359,4100.166666824912
30503,4100.166666824912
29647,4256.264337204418
28791,4357.263685642014
27935,4357.263685642014
27079,5152.3816617631
26223,4948.123492447975
25367,4780.39133635577
24511,4790.434844183419
23655,4790.434844183419
22799,4355.743784023208
21943,4355.743784023208
21087,4112.027669226408
20231,4098.8522471417755
19375,4124.605493716748
18519,4169.358304043795
17663,4280.703164096254
16807,4378.1485917085
15951,4378.1485917085
15095,5614.7671571240835
14239,5062.391888724409
13383,4885.770056341369
12527,4941.902864854455
11671,4941.902864854455
10815,4423.207658196508
9959,4423.207658196508
9103,4321.224257347275
8247,4228.41701453827
7391,4230.387698225491
6535,4230.387698225491
5679,4277.086202015618
4823,4378.1485917085
3967,4378.1485917085
3111,5173.89480510531
2255,4982.195483338906
1399,4814.463327246702
543,4824.50683507435
40776,5249.0184351727075
39920,5249.0184351727075
39064,6558.554986943554
38208,6206.008273179069
37352,5993.876959341663
36496,5975.562570987978
35640,5975.562570987978
34784,5183.8218833549
33928,5183.8218833549
33072,4963.041903207261
32216,4890.495545233104
31360,4827.465081529978
30504,4827.465081529978
29648,5002.015607848275
28792,5131.222626868266
27936,5131.222626868266
27080,6351.8402948455105
26224,6023.869617092508
25368,5847.656281245116
24512,5820.6202058564795
23656,5820.6202058564795
22800,5129.70272524946
21944,5129.70272524946
21088,4829.815608491858
20232,4826.150661846842
19376,4851.903908421815
18520,4896.656718748862
17664,5026.4544347401115
16808,5152.107532934752
15952,5152.107532934752
15096,6987.861136931449
14240,6138.138013368942
13384,5953.035001230714
12528,5972.088226527516
11672,5972.088226527516
10816,5197.166599422761
9960,5197.166599422761
9104,5039.012196612725
8248,4955.715429243337
7392,4957.686112930557
6536,4957.686112930557
5680,5022.837472659476
4824,5152.107532934752
3968,5152.107532934752
3112,6373.353438187721
2256,6057.941607983439
1400,5881.728272136047
544,5854.692196747411
40777,6925.908249229575
39921,6925.908249229575
39065,8090.766500879304
38209,7772.869912510954
37353,7545.8613431785525
36497,7552.993986126422
35641,7552.993986126422
34785,6853.312932582478
33929,6853.312932582478
33073,6481.634935537081
32217,6414.1917476363
31361,6387.163445937121
30505,6387.163445937121
29649,6637.686533318746
28793,6801.194967791987
27937,6801.194967791987
27081,7889.74108210797
26225,7605.4021736015
25369,7414.311582259113
24513,7441.009604193987
23657,7441.009604193987
22801,6799.675066173181
21945,6799.675066173181
21089,6375.886274740119
20233,6373.658240039753
19377,6399.411486614726
18521,6428.087704719553
17665,6649.934573996351
16809,6822.079873858474
15953,6822.079873858474
15097,8414.794305231899
14241,7719.189278181791
13385,7519.209010548569
12529,7563.7092671469245
11673,7563.7092671469245
10817,6866.657648650339
9961,6866.657648650339
9105,6568.524978942623
8249,6486.665123517885
7393,6488.635807205105
6537,6488.635807205105
5681,6646.317611915715
4825,6822.079873858474
3969,6822.079873858474
3113,7911.2542254501805
2257,7625.284539011467
1401,7434.1939476690795
545,7432.604903581998
40778,5448.637224127024
39922,5448.637224127024
39066,6344.323466520174
38210,5926.366966221194
37354,5744.111889126009
36498,5744.380093428916
35642,5744.380093428916
34786,5378.932055785044
33930,5378.932055785044
33074,5157.636077915226
32218,5080.195824886131
31362,5000.224056608454
30506,5000.224056608454
29650,5184.07147237381
28794,5326.3327992984105
27938,5326.3327992984105
27082,6136.706348690339
26226,5744.228310134633
25370,5597.891211029462
24514,5589.437728297417
23658,5589.437728297417
22802,5324.812897679604
21946,5324.812897679604
21090,5007.468478625272
20234,4998.9096369253175
19378,5024.66288350029
18522,5069.415693827337
17666,5208.510299265647
16810,5347.217705364897
15954,5347.217705364897
15098,6569.521170054644
14242,5858.496706411067
13386,5703.269931015061
12530,5740.905748968454
11674,5740.905748968454
10818,5392.276771852905
9962,5392.276771852905
9106,5216.665066746139
8250,5128.4744043218125
7394,5130.445088009033
6538,5130.445088009033
5682,5204.893337185011
4826,5347.217705364897
3970,5347.217705364897
3114,6158.219492032549
2258,5778.300301025564
1402,5631.963201920394
546,5623.509719188349
40779,6291.784917971294
39923,6291.784917971294
39067,7776.659185736429
38211,7341.547081153657
37355,7102.048330093519
36499,7096.523603563199
35643,7096.523603563199
34787,6222.079749629314
33931,6222.079749629314
33075,5961.677042642459
32219,5884.514104283624
31363,5857.485802584445
30507,5857.485802584445
29651,6056.745895717203
28795,6169.480493142681
27939,6169.480493142681
27083,7575.152475268953
26227,7173.59805054806
25371,6970.017277477937
24515,6984.057929934621
23659,6984.057929934621
22803,6167.960591523874
21947,6167.960591523874
21091,5855.447090149354
20235,5843.980596687077
19379,5869.73384326205
18523,5898.410061366877
17667,6068.993936394808
16811,6190.365399209167
15955,6190.365399209167
15099,8475.306688469149
14243,7287.866446824494
13387,7075.395997463535
12531,7107.238884583701
11675,7107.238884583701
10819,6235.424465697175
9963,6235.424465697175
9107,6048.567086048001
8251,5957.468771861352
7395,5959.439455548572
6539,5959.439455548572
5683,6065.376974314172
4827,6190.365399209167
3971,6190.365399209167
3115,7596.665618611163
2259,7193.480415958027
1403,6989.899642887904
547,6975.653229322632
40780,6841.796070707032
39924,6841.796070707032
39068,8346.83534148851
38212,7871.98885115174
37356,7659.857537314333
36500,7641.543148960648
35644,7641.543148960648
34788,6772.090902365053
33932,6772.090902365053
33076,6489.866986332706
32220,6426.390814161915
31364,6399.362512462736
30508,6399.362512462736
29652,6612.283401791315
28796,6724.42342522139
27940,6724.42342522139
27084,8132.697092488902
26228,7708.971599889114
25372,7532.758264041721
24516,7534.009254675041
23660,7534.009254675041
22804,6722.903523602584
21948,6722.903523602584
21092,6388.568813182572
20236,6385.857306565368
19380,6411.610553140341
18524,6440.286771245168
17668,6624.5314424689195
16812,6745.308331287876
15956,6745.308331287876
15100,9033.66644392323
14244,7818.308216822577
13388,7633.205204684349
12532,7652.258429981151
11676,7652.258429981151
10820,6785.4356184329135
9964,6785.4356184329135
9108,6576.757029738248
8252,6494.413702396672
7396,6496.384386083892
6540,6496.384386083892
5684,6620.914480388284
4828,6745.308331287876
3972,6745.308331287876
3116,8154.210235831112
2260,7728.853965299081
1404,7552.640629451688
548,7525.604554063052
40781,6026.620436968166
39925,6026.620436968166
39069,7194.157406744727
38213,6820.926990405623
37357,6608.795676568217
36501,6590.481288214532
35645,6590.481288214532
34789,5956.915268626187
33933,5956.915268626187
33077,5723.052511090687
32221,5653.152868482579
31365,5626.1245667834
30509,5626.1245667834
29653,5785.761933076941
28797,5904.316012139553
27941,5904.316012139553
27085,6984.069022252549
26229,6652.977959800026
25373,6476.764623952634
24517,6478.015614585954
23661,6478.015614585954
22805,5902.796110520747
21949,5902.796110520747
21093,5616.822558597582
20237,5609.002398805396
19381,5634.755645380369
18525,5663.431863485196
17669,5794.39301167391
16813,5925.200918206039
15957,5925.200918206039
15101,7850.06318324659
14245,6767.24635607646
13389,6582.143343938233
12533,6601.196569235034
11677,6601.196569235034
10821,5970.2599846940475
9965,5970.2599846940475
9109,5809.94255449623
8253,5722.490573979671
7397,5724.4612576668915
6541,5724.4612576668915
5685,5794.39301167391
4829,5925.200918206039
3973,5925.200918206039
3117,7005.582165594759
2261,6672.860325209993
1405,6496.646989362601
549,6469.610913973965
40782,4889.82521528799
39926,4889.82521528799
39070,5962.283677667094
38214,5643.661874856112
37358,5414.694905779298
36502,5434.617210550532
35646,5434.617210550532
34790,4820.120046946011
33934,4820.120046946011
33078,4596.171125061021
32222,4509.388797423749
31366,4429.417029146071
30510,4429.417029146071
29654,4640.21813074807
28798,4757.90140118094
27942,4757.90140118094
27086,5745.949596290614
26230,5451.903829491114
25374,5258.854838404314
24518,5270.055456140597
23662,5270.055456140597
22806,4756.381499562134
21950,4756.381499562134
21094,4436.384136492629
20238,4428.102609462935
19382,4453.855856037908
18526,4498.608666364955
17670,4664.656957639906
16814,4778.7863072474265
15958,4778.7863072474265
15102,6572.647093611557
14246,5575.791615045985
13390,5373.85294766835
12534,5431.14286609007
11678,5431.14286609007
10822,4833.464763013872
9966,4833.464763013872
9110,4655.200113891933
8254,4567.286766137867
7398,4569.257449825087
6542,4569.257449825087
5686,4661.03999555927
4830,4778.7863072474265
3974,4778.7863072474265
3118,5767.462739632824
2262,5485.975820382046
1406,5292.926829295246
550,5304.127447031528
40783,6947.270959620942
39927,6947.270959620942
39071,8186.303485253064
38215,7868.893671682463
37359,7650.699567210558
36503,7657.832210158427
35647,7657.832210158427
34791,6877.565791278963
33935,6877.565791278963
33079,6620.582744644851
32223,6558.076819188647
31367,6531.048517489468
30511,6531.048517489468
29655,6726.888950269483
28799,6829.8983141353
27943,6829.8983141353
27087,7989.728554128558
26231,7705.876420419837
25375,7523.600293937946
24519,7550.29831587282
23663,7550.29831587282
22807,6828.378412516494
21951,6828.378412516494
21095,6519.284571494717
20239,6517.5433115921005
19383,6543.296558167073
18527,6571.9727762719
17671,6739.136990947088
16815,6850.783220201786
15959,6850.783220201786
15103,8855.958569080643
14247,7815.2130373533
13391,7624.047234580574
12535,7668.54749117893
11679,7668.54749117893
10823,6890.910507346824
9967,6890.910507346824
9111,6707.472788050393
8255,6626.099707423405
7399,6628.070391110625
6543,6628.070391110625
5687,6735.520028866452
4831,6850.783220201786
3975,6850.783220201786
3119,7997.052071989804
2263,7725.758785829804
1407,7543.482659347913
551,7541.893615260831
40784,6456.807968982356
39928,6456.807968982356
39072,7966.394596431196
38216,7512.826458629772
37360,7273.327707569634
36504,7267.802981039314
35648,7267.802981039314
34792,6387.102800640377
33936,6387.102800640377
33080,6113.039297457701
32224,6040.4929394835435
31368,6013.464637784365
30512,6013.464637784365
29656,6226.385527112943
28800,6334.503544153743
27944,6334.503544153743
27088,7764.88788596372
26232,7344.877428024175
25376,7141.2966549540515
24520,7155.337307410736
23664,7155.337307410736
22808,6332.983642534937
21952,6332.983642534937
21096,6006.809344964596
20240,5999.959431886997
19384,6025.7126784619695
18528,6054.388896566797
17672,6238.633567790548
16816,6355.388450220229
15960,6355.388450220229
15104,8665.042099163908
14248,7459.145824300609
13392,7246.67537493965
12536,7278.518262059816
11680,7278.518262059816
10824,6400.447516708237
9968,6400.447516708237
9112,6199.929340863243
8256,6113.447607061272
7400,6115.418290748492
6544,6115.418290748492
5688,6235.016605709912
4832,6355.388450220229
3976,6355.388450220229
3120,7786.40102930593
2264,7364.759793434142
1408,7161.1790203640185
552,7146.932606798747
40785,6328.77562713125
39929,6328.77562713125
39073,7903.608743646648
38217,7414.728907914204
37361,7184.044621714563
36505,7178.519895184243
35649,7178.519895184243
34793,6259.070458789271
33937,6259.070458789271
33081,6033.301536537465
32225,5948.562582209973
31369,5868.590813932295
30513,5868.590813932295
29657,6087.2688967938975
28801,6206.471202302636
27945,6206.471202302636
27089,7687.912407698207
26233,7232.5902518276425
25377,7037.8239436180165
24521,7023.577530052745
23665,7023.577530052745
22809,6204.951300683831
21953,6204.951300683831
21097,5883.133937247511
20241,5867.276394249159
19385,5893.029640824132
18529,5937.782451151179
17673,6111.707723685735
16817,6227.356108369123
15961,6227.356108369123
15105,8597.66161357936
14249,7346.8586481040775
13393,7143.202663603614
12537,7175.045550723781
11681,7175.045550723781
10825,6272.41517485713
9969,6272.41517485713
9113,6092.330525368378
8257,5996.841161645654
7401,5998.811845332873
6545,5998.811845332873
5689,6108.090761605099
4833,6227.356108369123
3977,6227.356108369123
3121,7709.425551040416
2265,7266.662242718575
1409,7071.895934508947
553,7057.649520943675
40786,5181.131455261389
39930,5181.131455261389
39074,5950.8935273623265
38218,5734.68232604923
37362,5531.032191967011
36506,5549.797386829611
35650,5549.797386829611
34794,5129.298516557151
33938,5129.298516557151
33082,4898.42192104348
32226,4821.533989261316
31370,4794.505687562137
30514,4794.505687562137
29658,4940.482257659857
28802,5081.868161702126
27946,5081.868161702126
27090,5776.160366390367
26234,5571.902197075242
25378,5404.170040983037
24522,5442.500614832642
23666,5442.500614832642
22810,5068.157473869088
21954,5068.157473869088
21098,4797.360870181984
20242,4781.000481664769
19386,4806.753728239742
18530,4835.429946344569
17674,4952.730298337462
16818,5090.56228155438
15962,5090.56228155438
15106,6215.353519125016
14250,5681.001691720067
13394,5504.3798593370275
12538,5560.512667850114
11682,5560.512667850114
10826,5127.04623391283
9970,5127.04623391283
9114,4974.392214448944
8258,4881.58497163994
7402,4883.55565532716
6546,4883.55565532716
5690,4940.215120491866
4834,5087.15606905643
3978,5087.15606905643
3122,5783.483884251613
2266,5591.784562485209
1410,5424.052406393004
554,5434.095914220653
40787,6371.919400758349
39931,6371.919400758349
39075,7562.511950436307
38219,7164.510172998838
37363,6961.193324021929
36507,6942.878935668244
35651,6942.878935668244
34795,6302.21423241637
33939,6302.21423241637
33083,6061.438284185617
32227,6018.589781035161
31371,5991.561479335981
30515,5991.561479335981
29659,6150.001384841041
28803,6261.6927156437505
27947,6261.6927156437505
27091,7364.501305658143
26235,7008.638882107255
25379,6841.24001112036
24523,6842.4910017536795
23667,6842.4910017536795
22811,6260.172814024943
21955,6260.172814024943
21099,5967.286071406526
20243,5974.439311357977
19387,6000.19255793295
18531,6028.868776037777
17675,6158.63246343801
16819,6282.577621710236
15963,6282.577621710236
15107,7952.989234779274
14251,7110.8295386696755
13395,6934.540991391945
12539,6953.594216688746
11683,6953.594216688746
10827,6315.558948484231
9971,6315.558948484231
9115,6148.32832759116
8259,6075.849746818239
7403,6077.82043050546
6547,6077.82043050546
5691,6158.63246343801
4835,6282.577621710236
3979,6282.577621710236
3123,7386.014449000353
2267,7028.521247517222
1411,6861.122376530327
555,6834.0863011416905
40788,5635.5228587002375
39932,5635.5228587002375
39076,6628.798270948588
38220,6354.619484754432
37364,6136.425380282528
36508,6143.558023230397
35652,6143.558023230397
34796,5570.32630688243
33940,5570.32630688243
33084,5352.069177460611
32228,5289.563252004407
31372,5262.534950305228
30516,5262.534950305228
29660,5405.091860050205
28804,5522.658829738767
27948,5522.658829738767
27092,6441.20498367448
26236,6191.602233491806
25380,6009.326107009916
24524,6036.02412894479
23668,6036.02412894479
22812,5521.138928119961
21956,5521.138928119961
21100,5250.771004310477
20244,5249.029744407861
19388,5274.782990982833
18532,5303.45920908766
17676,5417.339900727809
16820,5543.543735805253
15964,5543.543735805253
15108,7025.3585978821875
14252,6286.749224944305
13396,6095.5834221715795
12540,6140.083678769935
11684,6140.083678769935
10828,5583.6710229502905
9972,5583.6710229502905
9116,5411.098166291524
8260,5332.910052097118
7404,5334.880735784338
6548,5334.880735784338
5692,5404.824722882214
4836,5543.543735805253
3980,5543.543735805253
3124,6448.528501535726
2268,6211.484598901773
1412,6029.208472419883
556,6027.619428332801
40789,5635.71623640358
39933,5635.71623640358
39077,6724.592541557132
38221,6387.514705527499
37365,6141.9531638328635
36509,6153.310120374678
35653,6153.310120374678
34797,5570.519684585773
33941,5570.519684585773
33085,5352.262555163954
32229,5279.716197189797
31373,5252.687895490618
30517,5252.687895490618
29661,5395.244805235594
28805,5517.920428099139
27949,5517.920428099139
27093,6532.067474940053
26237,6219.565674921902
25381,6009.922111217281
24525,6040.8444467461
23669,6040.8444467461
22813,5516.400526480333
21957,5516.400526480333
21101,5246.032602670849
20245,5239.18268959325
19389,5264.935936168223
18533,5293.61215427305
17677,5407.492845913199
16821,5538.805334165625
15965,5538.805334165625
15109,7057.354858925586
14253,6319.644445717372
13397,6101.111205721915
12541,6149.835775914216
11685,6149.835775914216
10829,5583.864400653633
9973,5583.864400653633
9117,5411.2915439948665
8261,5327.994776625478
7405,5329.965460312698
6549,5329.965460312698
5693,5394.977668067603
4837,5538.805334165625
3981,5538.805334165625
3125,6539.390992801299
2269,6239.448040331869
1413,6029.804476627248
557,6032.439746134111
40790,4322.20366964898
39934,4322.20366964898
39078,5194.274288256662
38222,4978.063086943565
37366,4774.412952861347
36510,4793.1781477239465
35654,4793.1781477239465
34798,4273.260879249859
33942,4273.260879249859
33086,4093.0549023508406
32230,4010.9980689370686
31374,3983.9697672378884
30518,3983.9697672378884
29662,4125.154277592638
28806,4220.661622763225
27950,4220.661622763225
27094,5014.372225653094
26238,4810.114056337969
25382,4642.381900245764
24526,4680.712474095369
23670,4680.712474095369
22814,4206.950934930187
21958,4206.950934930187
21102,3986.8249498577356
20246,3970.4645613405214
19390,3996.2178079154937
18534,4024.8940260203212
17678,4137.402318270243
16822,4229.355742615479
15966,4229.355742615479
15110,5477.441401864706
14254,4924.382452614403
13398,4747.760620231363
12542,4789.703803263485
11686,4789.703803263485
10830,4271.008596605538
9974,4271.008596605538
9118,4169.025195756304
8262,4076.2179529473
7406,4078.1886366345207
6550,4078.1886366345207
5694,4124.887140424647
4838,4225.949530117529
3982,4225.949530117529
3126,5021.6957435143395
2270,4829.9964217479355
1414,4662.264265655731
558,4672.30777348338
40791,6753.814212045835
39935,6753.814212045835
39079,7998.012116908632
38223,7675.49365016305
37367,7457.299545691145
36511,7464.432188639014
35655,7464.432188639014
34799,6704.871421646713
33943,6704.871421646713
33087,6432.291376300421
32231,6359.745018326264
31375,6332.716716627085
30519,6332.716716627085
29663,6528.557149407098
28807,6652.27216516008
27951,6652.27216516008
27095,7796.505406441156
26239,7507.544619557453
25383,7325.268493075562
24527,7351.9665150104365
23671,7351.9665150104365
22815,6638.561477327042
21959,6638.561477327042
21103,6326.061423807316
20247,6319.211510729717
19391,6344.96475730469
18535,6373.640975409517
17679,6540.805190084703
16823,6660.966285012334
15967,6660.966285012334
15111,8356.66769433342
14255,7621.813015833887
13399,7430.647213061161
12543,7475.147469659517
11687,7475.147469659517
10831,6702.619139002392
9975,6702.619139002392
9119,6491.320365131333
8263,6408.023597761945
7407,6409.994281449165
6551,6409.994281449165
5695,6528.290012239107
4839,6657.560072514384
3983,6657.560072514384
3127,7803.828924302402
2271,7527.42698496742
1415,7345.150858485529
559,7343.5618143984475
40792,6457.098144860683
39936,6457.098144860683
39080,7542.644759504632
38224,7176.270574023233
37368,7004.788361532957
36512,6992.266904012499
35656,6992.266904012499
34800,6387.392976518703
33944,6387.392976518703
33088,6098.255869791103
32232,6020.815616762007
31376,5940.84384848433
30520,5940.84384848433
29664,6177.974787284724
28808,6334.793720032069
27952,6334.793720032069
27096,7326.045997824399
26240,6994.131917936672
25384,6858.56768343641
24528,6837.324538881001
23672,6837.324538881001
22816,6333.273818413263
21960,6333.273818413263
21104,5948.088270501148
20248,5939.529428801194
19392,5965.2826753761665
18536,6010.035485703213
17680,6202.41361417656
16824,6355.6786260985555
15968,6355.6786260985555
15112,7840.584615143865
14256,7108.400314213106
13400,6963.946403422009
12544,6988.792559552037
11688,6988.792559552037
10832,6400.737692586564
9976,6400.737692586564
9120,6157.284858622015
8264,6069.094196197689
7408,6071.064879884909
6552,6071.064879884909
5696,6198.796652095924
4840,6355.6786260985555
3984,6355.6786260985555
3128,7347.559141166609
2272,7028.203908827603
1416,6892.639674327342
560,6871.396529771932
40793,6290.151360459655
39937,6290.151360459655
39081,7299.815327984878
38225,7011.86185577075
37369,6840.379643280474
36513,6827.858185760016
35657,6827.858185760016
34801,6224.954808641847
33945,6224.954808641847
33089,5935.817701914247
32233,5861.338677852495
31377,5834.310376153316
30521,5834.310376153316
29665,6039.5868503544025
28809,6177.287331498184
27953,6177.287331498184
27097,7102.337971128581
26241,6848.844604508124
25385,6713.280370007862
24529,6720.324291474409
23673,6720.324291474409
22817,6175.767429879378
21961,6175.767429879378
21105,5834.519528764113
20249,5820.805170255948
19393,5846.558416830921
18537,5875.234634935748
17681,6051.834891032007
16825,6198.1722375646705
15969,6198.1722375646705
15113,7593.818061681889
14257,6943.991595960622
13401,6799.5376851695255
12545,6824.383841299554
11689,6824.383841299554
10833,6238.299524709708
9977,6238.299524709708
9121,5994.846690745159
8265,5904.685477945205
7409,5906.656161632425
6553,5906.656161632425
5697,6039.319713186412
4841,6198.1722375646705
3985,6198.1722375646705
3129,7109.6614889898265
2273,6868.726969918091
1417,6733.162735417829
561,6711.91959086242
40794,5238.200497011238
39938,5238.200497011238
39082,6189.938084983583
38226,5817.86998795929
37370,5626.800446003608
36514,5627.068650306514
35658,5627.068650306514
34802,5189.257706612117
33946,5189.257706612117
33090,4944.720314902625
32234,4862.663481488852
31378,4835.635179789673
30522,4835.635179789673
29666,4995.272546083214
28810,5136.658450125483
27954,5136.658450125483
27098,5996.510592634712
26242,5649.920957353693
25386,5494.7693933880255
24530,5514.602976677937
23674,5514.602976677937
22818,5122.947762292445
21962,5122.947762292445
21106,4838.4903624095205
20250,4822.129973892305
19394,4847.883220467278
18538,4876.559438572105
17682,5007.520586760819
16826,5145.352569977737
15970,5145.352569977737
15114,6443.976089053801
14258,5764.189353630127
13402,5600.148113373624
12546,5637.783931327017
11690,5637.783931327017
10834,5187.005423967796
9978,5187.005423967796
9122,5020.690608308089
8266,4927.883365499085
7410,4929.854049186305
6554,4929.854049186305
5698,4995.005408915224
4842,5141.946357479787
3986,5141.946357479787
3130,6003.834110495958
2274,5669.80332276366
1418,5514.651758797992
562,5506.1982760659475
40795,6807.376701725148
39939,6807.376701725148
39083,8219.732190918457
38227,7829.063102952509
37371,7616.931789115102
36515,7598.617400761417
35659,7598.617400761417
34803,6737.671533383169
33947,6737.671533383169
33091,6463.608030200493
32235,6401.102104744289
31379,6374.07380304511
30523,6374.07380304511
29667,6586.994692373689
28811,6690.004056239506
27955,6690.004056239506
27099,8023.15725979395
26243,7666.045851689883
25387,7489.8325158424905
24531,7491.08350647581
23675,7491.08350647581
22819,6688.4841546207
21963,6688.4841546207
21107,6362.309857050359
20251,6360.568597147742
19395,6386.321843722715
18539,6414.998061827542
17683,6599.242733051294
16827,6710.888962305992
15971,6710.888962305992
15115,8924.126611228281
14259,7775.3824686233465
13403,7590.279456485118
12547,7609.33268178192
11691,7609.33268178192
10835,6751.01624945103
9979,6751.01624945103
9123,6550.498073606035
8267,6469.1249929790465
7411,6471.095676666267
6555,6471.095676666267
5699,6595.625770970658
4843,6710.888962305992
3987,6710.888962305992
3131,8030.480777655196
2275,7685.92821709985
1419,7509.714881252457
563,7482.678805863821
40796,5730.842728226684
39940,5730.842728226684
39084,6438.361830769292
38228,6193.639385931608
37372,6022.157173441333
36516,6009.635715920875
35660,6009.635715920875
34804,5665.646176408876
33948,5665.646176408876
33092,5429.792592716313
32236,5356.012574686593
31380,5282.487760747927
30524,5282.487760747927
29668,5466.335176513283
28812,5625.124659636256
27956,5625.124659636256
27100,6242.8224526534705
26244,6023.57846955906
25388,5888.014235058799
24532,5866.77109050339
23676,5866.77109050339
22820,5623.60475801745
21964,5623.60475801745
21108,5291.702733140372
20252,5281.17334106479
19396,5306.926587639763
18540,5351.67939796681
17684,5490.774003405119
16828,5646.009565702742
15972,5646.009565702742
15116,6677.067626913995
14260,6125.76912612148
13404,5981.3152153303845
12548,6006.161371460413
11692,6006.161371460413
10836,5678.990892476737
9980,5678.990892476737
9124,5488.821581547226
8268,5398.660368747272
7412,5400.631052434492
6556,5400.631052434492
5700,5487.1570413244835
4844,5646.009565702742
3988,5646.009565702742
3132,6264.335595995681
2276,6057.650460449991
1420,5922.086225949731
564,5900.843081394321
40797,5916.25339977942
39941,5916.25339977942
39085,6838.870582439356
38229,6564.691796245201
37373,6337.6832269128
36517,6344.815869860669
35661,6344.815869860669
34805,5846.54823143744
33949,5846.54823143744
33093,5528.153757427081
32237,5456.02844269244
31381,5392.997978989314
30525,5392.997978989314
29669,5605.150703360658
28813,5789.261365015341
27957,5789.261365015341
27101,6627.4682804058475
26245,6377.865530223174
25389,6186.774938880787
24533,6185.185894793705
23677,6185.185894793705
22821,5787.7414633965345
21965,5787.7414633965345
21109,5390.239852776212
20253,5391.683559306178
19397,5417.436805881151
18541,5462.189616208198
17685,5629.589530252494
16829,5810.146271081827
15973,5810.146271081827
15117,7470.110203932268
14261,6496.8215364350735
13405,6296.841268801852
12549,6341.3415254002075
11693,6341.3415254002075
10837,5859.892947505301
9981,5859.892947505301
9125,5604.1240508325445
8269,5525.935936638139
7413,5527.906620325359
6557,5527.906620325359
5701,5625.972568171858
4845,5810.146271081827
3989,5810.146271081827
3133,6648.981423748058
2277,6411.937521114105
1421,6220.846929771718
565,6219.257885684637
40798,5313.090009296854
39942,5313.090009296854
39086,6096.491758958188
38230,5771.378050477606
37374,5599.895837987331
36518,5587.374380466873
35662,5587.374380466873
34806,5243.384840954875
33950,5243.384840954875
33094,5007.531257262312
32238,4933.052233200559
31382,4906.0239315013805
30526,4906.0239315013805
29670,5058.01688266743
28814,5195.717363811212
27958,5195.717363811212
27102,5907.996045952288
26246,5608.36079921498
25390,5472.796564714719
24534,5479.840486181266
23678,5479.840486181266
22822,5194.1974621924055
21966,5194.1974621924055
21110,4906.2330841121775
20254,4892.518725604013
19398,4918.271972178985
18542,4946.948190283812
17686,5070.264923345035
16830,5216.602269877698
15974,5216.602269877698
15118,6395.015855992226
14262,5703.507790667479
13406,5559.053879876383
12550,5583.900036006411
11694,5583.900036006411
10838,5256.729557022735
9982,5256.729557022735
9126,5066.560246093224
8270,4976.39903329327
7414,4978.36971698049
6558,4978.36971698049
5702,5057.749745499439
4846,5216.602269877698
3990,5216.602269877698
3134,5915.319563813534
2278,5628.243164624947
1422,5492.678930124686
566,5471.435785569277
40799,4420.854872782516
39943,4416.134948179433
39087,4571.368953730864
38231,4446.363308311783
37375,4639.427462200678
36519,4638.427320388337
35663,4638.427320388337
34807,4351.149704440538
33951,4346.429779837454
33095,4177.330872836754
32239,3628.708333536837
31383,3570.9486545597847
30527,3570.9486545597847
29671,3727.0212258869988
28815,3851.9391640396043
27959,4313.784945322658
27103,3930.6659817320324
26247,3817.6133683109238
25391,4046.5955001898287
24535,4036.873671342536
23679,4036.873671342536
22823,3850.419262420798
21967,4312.265043703852
21111,3582.809656961282
20255,3569.634234876649
19399,3595.387481451621
18543,3629.3217479032937
17687,3751.4600527788352
16831,3872.8240701060895
15975,4358.2373873580345
15119,4484.005307214726
14263,3931.8817645873555
13407,4151.974220175426
12551,4188.3416920135705
11695,4188.3416920135705
10839,3917.883136594097
9983,4403.296453846043
9127,3781.1877012067757
8271,3688.3804583977694
7415,3690.35114208499
6559,3690.35114208499
5703,3747.8430906981994
4847,3872.8240701060895
3991,4358.2373873580345
3135,3952.1791250742417
2279,3851.685359201854
1423,4080.6674910807587
567,4070.9456622334674
40800,4615.403633471157
39944,4615.403633471157
39088,5886.637932409191
38232,5560.440113629552
37376,5306.06410707442
36520,5325.9864118456535
35664,5325.9864118456535
34808,4545.698465129178
33952,4545.698465129178
33096,4398.685941213085
32240,4313.946986885592
31384,4250.916523182466
30528,4250.916523182466
29672,4397.578152140899
28816,4493.099208642544
27960,4493.099208642544
27104,5679.923240311148
26248,5378.301457542991
25392,5159.8434289778725
24536,5171.044046714155
23680,5171.044046714155
22824,4491.579307023738
21968,4491.579307023738
21112,4265.459646497682
20256,4249.60210349933
19400,4275.355350074303
18544,4320.10816040135
17688,4422.016979032735
16832,4513.98411470903
15976,4513.98411470903
15120,6217.03083870839
14264,5492.569853819425
13408,5265.222148963471
12552,5322.512067385192
11696,5322.512067385192
10840,4559.043181197038
9984,4559.043181197038
9128,4474.656234618549
8272,4379.166870895825
7416,4381.137554583045
6560,4381.137554583045
5704,4418.4000169521
4848,4513.98411470903
3992,4513.98411470903
3136,5701.4363836533585
2280,5412.373448433922
1424,5193.915419868804
568,5205.116037605087
40801,5417.077384559017
39945,5417.077384559017
39089,6621.891925894728
38233,6183.819133507387
37377,5953.134847307746
36521,5947.610120777425
35665,5947.610120777425
34809,5347.372216217038
33953,5347.372216217038
33097,5133.339841569966
32241,5056.875909243163
31385,5029.847607543985
30529,5029.847607543985
29673,5174.626716853223
28817,5301.918920101446
27961,5301.918920101446
27105,6436.512819648692
26249,6023.016063272833
25393,5828.249755063206
24537,5842.29040751989
23681,5842.29040751989
22825,5300.399018482641
21969,5300.399018482641
21113,5034.255849447904
20257,5016.342401646617
19401,5042.09564822159
18545,5070.771866326417
17689,5186.874757530828
16833,5322.803826167933
15977,5322.803826167933
15121,7279.959290080481
14265,6130.138499178224
13409,5926.482514677762
12553,5958.325401797928
11697,5958.325401797928
10841,5360.716932284898
9985,5360.716932284898
9129,5220.229884975509
8273,5122.684616449849
7417,5124.6553001370685
6561,5124.6553001370685
5705,5183.257795450192
4849,5322.803826167933
3993,5322.803826167933
3137,6458.025962990902
2281,6042.8984286828
1425,5848.132120473173
569,5833.885706907901
40802,4505.528848421532
39946,4505.528848421532
39090,5776.763147359566
38234,5450.565328579926
37378,5196.189322024794
36522,5216.111626796028
35666,5216.111626796028
34810,4435.823680079552
33954,4435.823680079552
33098,4288.81115616346
32242,4204.072201835967
31386,4141.041738132841
30530,4141.041738132841
29674,4287.703367091273
28818,4383.224423592918
27962,4383.224423592918
27106,5570.048455261523
26250,5268.426672493365
25394,5049.968643928247
24538,5061.16926166453
23682,5061.16926166453
22826,4381.704521974112
21970,4381.704521974112
21114,4155.5848614480565
20258,4139.727318449704
19402,4165.480565024677
18546,4210.233375351724
17690,4312.14219398311
16834,4404.1093296594045
15978,4404.1093296594045
15122,6437.348557594086
14266,5382.695068769799
13410,5155.347363913846
12554,5212.637282335566
11698,5212.637282335566
10842,4449.168396147413
9986,4449.168396147413
9130,4364.781449568924
8274,4269.292085846199
7418,4271.2627695334195
6562,4271.2627695334195
5706,4308.525231902474
4850,4404.1093296594045
3994,4404.1093296594045
3138,5591.561598603733
2282,5302.498663384296
1426,5084.040634819178
570,5095.241252555461
40803,6482.951919358435
39947,6482.951919358435
39091,7557.4857145034475
38235,7191.111529022049
37379,7019.629316531773
36523,7007.107859011315
35667,7007.107859011315
34811,6413.246751016455
33955,6413.246751016455
33099,6138.6672501116
32243,6061.226997082505
31387,5981.255228804827
30531,5981.255228804827
29675,6218.386167605221
28819,6360.647494529821
27963,6360.647494529821
27107,7340.886952823214
26251,7008.972872935487
25395,6873.408638435226
24539,6852.1654938798165
23683,6852.1654938798165
22827,6359.127592911015
21971,6359.127592911015
21115,5988.499650821645
20259,5979.940809121691
19403,6005.694055696664
18547,6050.446866023711
17691,6242.824994497058
16835,6381.5324005963075
15979,6381.5324005963075
15123,7827.415503160778
14267,7123.2412692119215
13411,6978.787358420825
12555,7003.633514550853
11699,7003.633514550853
10843,6426.591467084316
9987,6426.591467084316
9131,6197.6962389425125
8275,6109.505576518186
7419,6111.476260205406
6563,6111.476260205406
5707,6239.208032416422
4851,6381.5324005963075
3995,6381.5324005963075
3139,7362.400096165425
2283,7043.044863826419
1427,6907.480629326157
571,6886.237484770748
40804,6714.478727011872
39948,6714.478727011872
39092,8198.682028755775
38236,7698.922175773337
37380,7468.237889573696
36524,7462.713163043375
35668,7462.713163043375
34812,6644.773558669893
33956,6644.773558669893
33100,6378.354470614709
32244,6305.808112640552
31388,6278.7798109413725
30532,6278.7798109413725
29676,6484.05628514246
28820,6592.17430218326
27964,6592.17430218326
27108,7997.175318288298
26252,7530.97314516774
25396,7336.206836958113
24540,7350.247489414797
23684,7350.247489414797
22828,6590.654400564453
21972,6590.654400564453
21116,6272.1245181216045
20260,6265.274605044005
19404,6291.027851618977
18548,6319.704069723804
17692,6496.304325820065
16836,6613.059208249745
15980,6613.059208249745
15124,8873.678497764993
14268,7645.241541444174
13412,7441.585556943712
12556,7473.428444063878
11700,7473.428444063878
10844,6658.118274737754
9988,6658.118274737754
9132,6465.244514020252
8276,6378.76278021828
7420,6380.733463905501
6564,6380.733463905501
5708,6492.687363739429
4852,6613.059208249745
3996,6613.059208249745
3140,8018.688461630508
2284,7550.855510577707
1428,7356.08920236808
572,7341.842788802808
40805,6499.811205647784
39949,6499.811205647784
39093,7572.923883777776
38237,7286.9409619392745
37381,7106.644284588502
36525,7094.122827068044
35669,7094.122827068044
34813,6447.978266943545
33957,6447.978266943545
33101,6150.157352199017
32245,6077.88600080153
31389,6050.857699102351
30533,6050.857699102351
29677,6263.77858843093
28821,6400.54791208852
27965,6400.54791208852
27109,7375.683649210116
26253,7124.160832965286
25397,6979.782133604528
24541,6986.826055071075
23685,6986.826055071075
22829,6386.837224255482
21973,6386.837224255482
21117,6049.09630133752
20261,6037.352493204983
19405,6063.105739779956
18549,6091.781957884783
17693,6276.0266291085345
16837,6409.242031940775
15981,6409.242031940775
15125,7858.906491398681
14269,7233.260327610112
13413,7079.991951958518
12557,7104.8381080885465
11701,7104.8381080885465
10845,6445.725984299224
9989,6445.725984299224
9133,6226.127645604481
8277,6137.936983180154
7421,6139.907666867374
6565,6139.907666867374
5709,6263.511451262939
4853,6405.835819442825
3997,6405.835819442825
3141,7383.007167071361
2285,7144.043198375253
1429,6999.664499014495
573,6978.421354459086
40806,6586.7573117198035
39950,6586.7573117198035
39094,7677.469305594429
38238,7309.1245697374015
37382,7137.642357247126
36526,7125.120899726668
35670,7125.120899726668
34814,6537.814521320682
33958,6537.814521320682
33102,6233.080415880899
32246,6158.601391819147
31390,6131.573090119968
30534,6131.573090119968
29678,6336.849564321055
28822,6490.147044177019
27966,6490.147044177019
27110,7479.991948738131
26254,7146.107318474776
25398,7010.543083974514
24542,7017.587005441061
23686,7017.587005441061
22830,6476.436356343981
21974,6476.436356343981
21118,6131.782242730765
20262,6118.0678842226
19406,6143.821130797573
18550,6172.4973489024
17694,6349.09760499866
16838,6498.841164029273
15982,6498.841164029273
15126,7988.871100467646
14270,7255.443935408239
13414,7110.990024617142
12558,7121.646555266206
11702,7121.646555266206
10846,6535.562238676361
9990,6535.562238676361
9134,6292.109404711811
8278,6201.948191911857
7422,6203.918875599077
6566,6203.918875599077
5710,6336.582427153065
4854,6495.434951531323
3998,6495.434951531323
3142,7487.315466599377
2286,7165.989683884743
1430,7030.425449384481
574,7009.182304829072
40807,6404.002317230552
39951,6404.002317230552
39095,7487.99889417408
38239,7121.624708692681
37383,6950.1424962024075
36527,6937.621038681949
35671,6937.621038681949
34815,6334.297148888572
33959,6334.297148888572
33103,6045.160042160972
32247,5967.7197891318765
31391,5887.748020854199
30535,5887.748020854199
29679,6124.878959654593
28823,6281.697892401939
27967,6281.697892401939
27111,7271.400132493847
26255,6939.48605260612
25399,6803.92181810586
24543,6782.678673550451
23687,6782.678673550451
22831,6280.177990783132
21975,6280.177990783132
21119,5894.992442871017
20263,5886.433601171063
19407,5912.186847746036
18551,5956.939658073083
17695,6149.3177865464295
16839,6302.582798468425
15983,6302.582798468425
15127,7785.938749813314
14271,7053.754448882554
13415,6909.300538091459
12559,6934.146694221487
11703,6934.146694221487
10847,6347.641864956433
9991,6347.641864956433
9135,6104.1890309918845
8279,6015.998368567558
7423,6017.969052254778
6567,6017.969052254778
5711,6145.700824465794
4855,6302.582798468425
3999,6302.582798468425
3143,7292.913275836057
2287,6973.558043497052
1431,6837.993808996792
575,6816.7506644413825
40808,6041.662332436902
39952,6041.662332436902
39096,6839.648262227254
38240,6513.450443447615
37384,6259.0744368924825
36528,6278.996741663716
35672,6278.996741663716
34816,5976.465780619094
33960,5976.465780619094
33104,5489.027725984175
32248,5394.669382378245
31392,5367.641080679066
30536,5367.641080679066
29680,5637.282608045144
28824,5914.247134854024
27968,5914.247134854024
27112,6637.503806331739
26256,6335.882023563581
25400,6117.423994998463
24544,6156.911678756702
23688,6156.911678756702
22832,5912.727233235218
21976,5912.727233235218
21120,5373.178384212633
20264,5354.1358747816985
19408,5379.889121356671
18552,5408.565339461498
17696,5649.530648722749
16840,5935.13204092051
15984,5935.13204092051
15128,7474.159987738829
14272,6459.769809118452
13416,6232.422104262499
12560,6289.712022684219
11704,6289.712022684219
10848,5989.810496686955
9992,5989.810496686955
9136,5575.917769389717
8280,5477.24343923441
7424,5479.21412292163
6568,5479.21412292163
5712,5645.913686642113
4856,5935.13204092051
4000,5935.13204092051
3144,6659.016949673949
2288,6355.764388973548
1432,6137.30636040843
576,6148.506978144713
40809,6766.998997769611
39953,6766.998997769611
39097,8237.204755505429
38241,7787.659283214827
37385,7584.3424342379185
36529,7566.0280458842335
35673,7566.0280458842335
34817,6722.564823894662
33961,6722.564823894662
33105,6425.99113130455
32249,6345.868757361736
31393,6318.840455662556
30537,6318.840455662556
29681,6524.116929863644
28825,6669.965567408028
27969,6669.965567408028
27113,8035.698045037951
26257,7619.71025260923
25401,7452.311381622336
24545,7453.562372255656
23689,7453.562372255656
22833,6656.25487957499
21977,6656.25487957499
21121,6319.761178811446
20265,6305.335249765189
19409,6331.088496340161
18553,6359.764714444988
17697,6536.364970541249
16841,6678.659687260282
15985,6678.659687260282
15129,8600.334748041887
14273,7733.978648885664
13417,7557.690101607935
12561,7576.743326904736
11705,7576.743326904736
10849,6720.312541250341
9993,6720.312541250341
9137,6485.020120135464
8281,6394.147336797418
7425,6396.118020484637
6569,6396.118020484637
5713,6523.849792695653
4857,6675.253474762332
4001,6675.253474762332
3145,8043.021562899196
2289,7639.592618019197
1433,7472.193747032303
577,7445.157671643667
40810,6338.700146820458
39954,6338.700146820458
39098,7833.793374497866
38242,7375.608656311764
37386,7136.1099052516265
36530,7130.585178721306
35674,7130.585178721306
34818,6273.50359500265
33962,6273.50359500265
33106,5999.440091819974
32250,5922.277153461139
31394,5859.246689758013
30538,5859.246689758013
29682,6087.080739111348
28826,6220.904338516017
27970,6220.904338516017
27114,7618.097038549426
26258,7193.470000225203
25402,6989.889227155079
24546,6975.642813589808
23690,6975.642813589808
22834,6219.38443689721
21978,6219.38443689721
21122,5866.213797104571
20266,5857.932270074877
19410,5883.68551664985
18554,5928.438326976897
17698,6111.519566003184
16842,6241.789244582503
15986,6241.789244582503
15130,8527.25161041832
14274,7307.738396501637
13418,7095.267947140678
12562,7127.110834260844
11706,7127.110834260844
10850,6286.848311070511
9994,6286.848311070511
9138,6075.410385225438
8282,5987.497037471372
7426,5989.467721158592
6570,5989.467721158592
5714,6107.902603922548
4858,6241.789244582503
4002,6241.789244582503
3146,7639.610181891636
2290,7227.541991116134
1434,7023.961218046011
578,7009.714804480739
40811,5328.770393275569
39955,5328.770393275569
39099,6320.68459906314
38243,5983.606763033507
37387,5729.230756478375
36531,5749.153061249609
35675,5749.153061249609
34819,5263.573841457762
33963,5263.573841457762
33107,4945.179367447402
32251,4863.013620194808
31395,4835.985318495629
30539,4835.985318495629
29683,5033.224882842217
28827,5201.355195692691
27971,5201.355195692691
27115,6118.540143167625
26259,5806.038343149474
25403,5587.580314584356
24547,5627.067998342594
23691,5627.067998342594
22835,5199.835294073885
21979,5199.835294073885
21123,4829.33002567586
20267,4822.480112598261
19411,4848.233359173234
18555,4876.909577278061
17699,5045.472923519822
16843,5222.240101759177
15987,5222.240101759177
15131,6935.642647807606
14275,5929.926128704345
13419,5702.578423848391
12563,5759.8683422701115
11707,5759.8683422701115
10851,5276.918557525622
9995,5276.918557525622
9139,5021.149660852866
8283,4937.852893483478
7427,4939.823577170698
6571,4939.823577170698
5715,5032.957745674226
4859,5222.240101759177
4003,5222.240101759177
3147,6125.86366102887
2291,5825.920708559441
1435,5607.462679994323
579,5618.663297730605
40812,6888.946083742209
39956,6888.946083742209
39100,8301.301572935521
38244,7910.63248496957
37388,7698.501171132163
36532,7680.186782778478
35676,7680.186782778478
34820,6819.24091540023
33964,6819.24091540023
33108,6545.177412217554
32252,6482.67148676135
31396,6455.643185062171
30540,6455.643185062171
29684,6668.56407439075
28828,6771.573438256567
27972,6771.573438256567
27116,8104.726641811011
26260,7747.615233706944
25404,7571.401897859551
24548,7572.652888492871
23692,7572.652888492871
22836,6770.053536637761
21980,6770.053536637761
21124,6443.87923906742
20268,6442.137979164803
19412,6467.891225739776
18556,6496.567443844603
17700,6680.812115068355
16844,6792.458344323053
15988,6792.458344323053
15132,8987.985180444852
14276,7856.951850640407
13420,7671.848838502179
12564,7690.902063798981
11708,7690.902063798981
10852,6832.5856314680905
9996,6832.5856314680905
9140,6632.067455623096
8284,6550.694374996107
7428,6552.6650586833275
6572,6552.6650586833275
5716,6677.195152987719
4860,6792.458344323053
4004,6792.458344323053
3148,8126.239785153221
2292,7767.497599116911
1436,7591.284263269518
580,7564.248187880882
40813,4676.934187894221
39957,4676.934187894221
39101,5470.791669042817
38245,5254.580467729721
37389,5050.930333647502
36533,5069.695528510102
35677,5069.695528510102
34821,4607.229019552242
33965,4607.229019552242
33109,4395.466839066626
32253,4313.410005652852
31397,4250.379541949726
30541,4250.379541949726
29685,4429.711824913005
28829,4554.629763065608
27973,4554.629763065608
27117,5276.699980958285
26261,5072.44181164316
25405,4904.709655550955
24549,4914.753163378604
23693,4914.753163378604
22837,4553.109861446802
21981,4553.109861446802
21125,4262.2405443512225
20269,4249.06512226659
19413,4274.818368841563
18557,4319.57117916861
17701,4454.150651804842
16845,4575.514669132094
15989,4575.514669132094
15133,5733.165836046086
14277,5186.710207919594
13421,5010.088375536554
12565,5066.22118404964
11709,5066.22118404964
10853,4620.5737356201025
9997,4620.5737356201025
9141,4471.43713247209
8285,4378.629889663085
7429,4380.600573350305
6573,4380.600573350305
5717,4450.533689724206
4861,4575.514669132094
4005,4575.514669132094
3149,5298.213124300495
2293,5106.513802534091
1437,4938.781646441887
581,4948.825154269535
40814,5309.312407724451
39958,5309.312407724451
39102,6478.238160155741
38246,6152.040341376101
37390,5897.664334820969
36534,5917.586639592203
35678,5917.586639592203
34822,5236.717091077355
33966,5236.717091077355
33110,5020.591395705807
32254,4941.021343009923
31398,4877.990879306797
30542,4877.990879306797
29686,5047.887120849003
28830,5189.28673622233
27974,5189.28673622233
27118,6276.692369689306
26262,5975.070586921149
25406,5756.612558356031
24550,5767.813176092313
23694,5767.813176092313
22838,5187.766834603523
21982,5187.766834603523
21126,4892.534002622013
20270,4876.676459623661
19414,4902.4297061986335
18558,4947.1825165256805
17702,5072.325947740839
16846,5210.171642288816
15990,5210.171642288816
15134,6881.142770968092
14278,6084.170081565974
13422,5856.822376710021
12566,5914.112295131741
11710,5914.112295131741
10854,5250.061807145215
9998,5250.061807145215
9142,5096.561689111271
8286,5001.072325388547
7430,5003.043009075767
6574,5003.043009075767
5718,5068.708985660203
4862,5210.171642288816
4006,5210.171642288816
3150,6298.205513031517
2294,6009.14257781208
1438,5790.684549246962
582,5801.885166983245
40815,6569.512446788127
39959,6569.512446788127
39103,8153.446333531577
38247,7668.257286898587
37391,7437.573000698946
36535,7432.0482741686255
35679,7432.0482741686255
34823,6504.315894970319
33967,6504.315894970319
33111,6238.137571086122
32255,6176.802861718115
31399,6096.831093440437
30543,6096.831093440437
29687,6338.743788885814
28831,6451.716638483686
27975,6451.716638483686
27119,7920.1866797080365
26263,7486.118630812026
25407,7291.352322602399
24551,7277.105909037127
23695,7277.105909037127
22839,6450.196736864879
21983,6450.196736864879
21127,6087.969971796167
20271,6095.516673757302
19415,6121.2699203322745
18559,6166.0227306593215
17703,6363.1826157776495
16847,6472.601544550172
15991,6472.601544550172
15135,8493.823741380684
14279,7600.38702708846
13423,7396.731042587998
12567,7428.573929708164
11711,7428.573929708164
10855,6517.660611038181
9999,6517.660611038181
9143,6297.166559917034
8287,6225.081441153797
7431,6227.052124841016
6575,6227.052124841016
5719,6359.565653697014
4863,6472.601544550172
4007,6472.601544550172
3151,7941.699823050247
2295,7520.190621702957
1439,7325.42431349333
583,7311.177899928059
40816,5115.351594350558
39960,5115.351594350558
39104,6428.906161459076
38248,5983.257353103078
37392,5752.5730669034365
36536,5747.048340373116
35680,5747.048340373116
34824,5045.646426008579
33968,5045.646426008579
33112,4873.16102679181
32256,4788.422072464318
31400,4708.45030418664
30544,4708.45030418664
29688,4873.844864013206
28832,4993.047169521944
27976,4993.047169521944
27120,6222.191469361033
26264,5801.118697016516
25408,5606.352388806889
24552,5592.105975241618
23696,5592.105975241618
22840,4991.527267903139
21984,4991.527267903139
21128,4722.993427501857
20272,4707.135884503505
19416,4732.8891310784775
18560,4777.641941405524
17704,4898.283690905043
16848,5013.932075588431
15992,5013.932075588431
15136,7097.780623036035
14280,5915.38709329295
13424,5711.731108792488
12568,5743.573995912654
11712,5743.573995912654
10856,5058.991142076438
10000,5058.991142076438
9144,4932.190015622724
8288,4836.7006519
7432,4838.671335587219
6576,4838.671335587219
5720,4894.666728824407
4864,5013.932075588431
4008,5013.932075588431
3152,6243.704612703244
2296,5835.190687907448
1440,5640.424379697821
584,5626.177966132549
40817,5439.446260965371
39961,5439.446260965371
39105,6309.122377323927
38249,5928.188822558478
37393,5745.933745463293
36537,5746.2019497661995
35681,5746.2019497661995
34825,5369.7410926233915
33969,5369.7410926233915
33113,5133.8875089308285
32257,5056.447255901733
31401,5029.418954202554
30545,5029.418954202554
29689,5181.411905368604
28833,5317.141836136758
27977,5317.141836136758
27121,6115.694884975056
26265,5760.239791952881
25409,5613.902692847711
24553,5633.736276137622
23697,5633.736276137622
22841,5315.621934517952
21985,5315.621934517952
21129,5027.6575564377235
20273,5015.913748305186
19417,5041.666994880159
18561,5070.343212984986
17705,5193.6599460462085
16849,5338.026742203244
15993,5338.026742203244
15137,6567.519414652552
14281,5874.508188229315
13425,5719.281412833309
12569,5756.917230786702
11713,5756.917230786702
10857,5383.085808691252
10001,5383.085808691252
9145,5220.777552336371
8289,5129.401923479461
7433,5131.3726071666815
6577,5131.3726071666815
5721,5190.042983965573
4865,5338.026742203244
4009,5338.026742203244
3153,6123.018402836302
2297,5780.122157362848
1441,5633.7850582576775
585,5625.331575525633
40818,5436.916572859567
39962,5436.916572859567
39106,6209.305503021965
38250,5884.1917945413825
37394,5712.709582051108
36538,5700.1881245306495
35682,5700.1881245306495
34826,5367.211404517588
33970,5367.211404517588
33114,5145.91542664777
32258,5071.436402586018
31402,5044.408100886839
30546,5044.408100886839
29690,5196.401052052888
28834,5319.543927373925
27978,5319.543927373925
27122,6020.809790016065
26266,5721.174543278757
25410,5585.610308778496
24554,5592.6542302450425
23698,5592.6542302450425
22842,5318.024025755119
21986,5318.024025755119
21130,5044.617253497636
20274,5030.902894989471
19418,5056.656141564444
18562,5085.332359669271
17706,5208.649092730493
16850,5340.428833440411
15994,5340.428833440411
15138,6445.439390945805
14282,5830.51116021222
13426,5686.057249421124
12570,5710.903405551152
11714,5710.903405551152
10858,5380.556120585448
10002,5380.556120585448
9146,5232.805470053312
8290,5139.459290820775
7434,5141.429974507995
6578,5141.429974507995
5722,5205.032130649857
4866,5340.428833440411
4010,5340.428833440411
3154,6028.1333078773105
2298,5741.0569086887235
1442,5605.492674188463
586,5584.2495296330535
40819,4562.10129145413
39963,4562.10129145413
39107,5842.254877732878
38251,5516.057058953239
37395,5261.681052398107
36539,5281.603357169341
35683,5281.603357169341
34827,4496.904739636322
33971,4496.904739636322
33115,4349.89221572023
32259,4265.153261392737
31403,4202.122797689611
30547,4202.122797689611
29691,4348.784426648043
28835,4444.305483149688
27979,4444.305483149688
27123,5635.540185634835
26267,5333.918402866678
25411,5115.46037430156
24555,5126.660992037842
23699,5126.660992037842
22843,4442.785581530882
21987,4442.785581530882
21131,4216.6659210048265
20275,4200.808378006474
19419,4226.561624581447
18563,4271.314434908494
17707,4373.22325353988
16851,4465.1903892161745
15995,4465.1903892161745
15139,6263.866610390584
14283,5448.186799143112
13427,5220.839094287158
12571,5278.129012708879
11715,5278.129012708879
10859,4510.249455704183
10003,4510.249455704183
9147,4425.862509125694
8291,4330.373145402969
7435,4332.3438290901895
6579,4332.3438290901895
5723,4369.606291459244
4867,4465.1903892161745
4011,4465.1903892161745
3155,5657.053328977046
2299,5367.990393757609
1443,5149.532365192491
587,5160.732982928774
40820,6293.1438827277725
39964,6293.1438827277725
39108,7607.406270591461
38252,7245.553440404035
37396,7016.586471327221
36540,7036.508776098455
35684,7036.508776098455
34828,6223.438714385793
33972,6223.438714385793
33116,5965.5588581247575
32260,5888.395919765922
31404,5861.3676180667435
30548,5861.3676180667435
29692,6043.547254650936
28836,6170.839457899159
27980,6170.839457899159
27124,7405.899560123985
26268,7077.604409798439
25412,6884.555418711639
24556,6924.043102469877
23700,6924.043102469877
22844,6169.319556280353
21988,6169.319556280353
21132,5859.328905631653
20276,5847.862412169376
19420,5873.615658744348
18564,5902.291876849175
17708,6055.795295328541
16852,6191.724363965645
15996,6191.724363965645
15140,7956.922205524547
14284,7191.872806074873
13428,6989.934138697237
12572,7047.224057118958
11716,7047.224057118958
10860,6236.783430453654
10004,6236.783430453654
9148,6052.4489015303
8292,5961.350587343651
7436,5963.321271030871
6580,5963.321271030871
5724,6052.178333247905
4868,6191.724363965645
4012,6191.724363965645
3156,7413.223077985231
2300,7097.486775208406
1444,6904.437784121606
588,6915.638401857888
40821,6373.022543421703
39965,6373.022543421703
39109,7399.579729557393
38253,7111.626257343264
37397,6940.144044852988
36541,6927.62258733253
35685,6927.62258733253
34829,6307.825991603895
33973,6307.825991603895
33117,6033.24649069904
32261,5958.767466637288
31405,5931.739164938109
30549,5931.739164938109
29693,6137.015639139196
28837,6260.158514460232
27981,6260.158514460232
27125,7202.102372701095
26269,6948.609006080638
25413,6813.044771580377
24557,6820.088693046923
23701,6820.088693046923
22845,6258.638612841426
21989,6258.638612841426
21133,5931.948317548906
20277,5918.233959040741
19421,5943.987205615714
18565,5972.663423720541
17709,6149.2636798168005
16853,6281.043420526718
15997,6281.043420526718
15141,7694.40294330985
14285,7043.755997533137
13429,6899.30208674204
12573,6924.148242872068
11717,6924.148242872068
10861,6321.170707671756
10005,6321.170707671756
9149,6092.2754795299525
8293,6002.114266729998
7437,6004.084950417218
6581,6004.084950417218
5725,6136.748501971205
4869,6281.043420526718
4013,6281.043420526718
3157,7209.425890562341
2301,6968.491371490605
1445,6832.927136990344
589,6811.683992434934
40822,5702.031991418949
39966,5702.031991418949
39110,6558.2915479465555
38254,6284.1127617524
37398,6065.918657280496
36542,6073.051300228365
35686,6073.051300228365
34830,5632.326823076969
33974,5632.326823076969
33118,5299.21481464897
32262,5227.089499914329
31406,5200.06119821515
30550,5200.06119821515
29694,5397.4606911566325
28838,5575.0399566548695
27982,5575.0399566548695
27126,6361.078871394011
26270,6111.476121211337
25414,5929.199994729447
24558,5955.898016664321
23702,5955.898016664321
22846,5573.520055036063
21990,5573.520055036063
21134,5188.297252220399
20278,5186.5559923177825
19422,5212.309238892755
18566,5240.985456997582
17710,5409.708731834237
16854,5595.924862721356
15998,5595.924862721356
15142,6898.772334996009
14286,6230.432127423237
13430,6039.266324650512
12574,6083.766581248868
11718,6083.766581248868
10862,5645.67153914483
10006,5645.67153914483
9150,5358.243803479882
8294,5280.055689285477
7438,5282.026372972697
6582,5282.026372972697
5726,5397.193553988642
4870,5595.924862721356
4014,5595.924862721356
3158,6368.402389255257
2302,6131.358486621304
1446,5949.082360139414
590,5947.493316052332
40823,6705.746216479493
39967,6705.746216479493
39111,7913.231984767917
38255,7515.716982128198
37399,7312.400133151288
36543,7294.085744797603
35687,7294.085744797603
34831,6636.041048137514
33975,6636.041048137514
33119,6414.745070267696
32263,6368.067373802321
31407,6341.039072103141
30551,6341.039072103141
29695,6493.032023269191
28839,6588.37357099385
27983,6588.37357099385
27127,7708.07537961871
26271,7352.699730865572
25415,7185.300859878676
24559,7186.551850511996
23703,7186.551850511996
22847,6586.853669375045
21991,6586.853669375045
21135,6313.446897117561
20279,6327.533866205773
19423,6353.287112780746
18567,6381.963330885573
17711,6505.280063946796
16855,6609.258477060337
15999,6609.258477060337
15143,8527.695545141194
14287,7462.036347799035
13431,7285.747800521304
12575,7304.801025818106
11719,7304.801025818106
10863,6649.385764205374
10007,6649.385764205374
9151,6501.635113673237
8295,6436.090262037077
7439,6438.060945724298
6583,6438.060945724298
5727,6501.66310186616
4871,6609.258477060337
4015,6609.258477060337
3159,7715.398897479956
2303,7372.582096275539
1447,7205.183225288643
591,7178.147149900007
40824,6574.67213300494
39968,6574.67213300494
39112,7660.21874764889
38256,7291.874011791863
37400,7120.3917993015875
36544,7107.870341781129
35688,7107.870341781129
34832,6504.966964662961
33976,6504.966964662961
33120,6215.82985793536
32264,6141.350833873608
31408,6114.322532174429
30552,6114.322532174429
29696,6319.599006375516
28840,6457.299487519298
27984,6457.299487519298
27128,7462.741390792592
26272,7128.856760529237
25416,6993.292526028976
24560,7000.336447495522
23704,7000.336447495522
22848,6455.779585900492
21992,6455.779585900492
21136,6114.531684785226
20280,6100.8173262770615
19424,6126.570572852034
18568,6155.246790956861
17712,6331.847047053121
16856,6478.184393585784
16000,6478.184393585784
15144,7951.383974877003
14288,7238.1933774627005
13432,7093.739466671604
12576,7118.585622801632
11720,7118.585622801632
10864,6518.3116807308215
10008,6518.3116807308215
9152,6302.719901340903
8296,6209.373722108366
7440,6211.344405795586
6584,6211.344405795586
5728,6328.230084972485
4872,6478.184393585784
4016,6478.184393585784
3160,7484.254534134802
2304,7148.739125939204
1448,7013.174891438943
592,6991.931746883533
40825,5751.927697438901
39969,5751.927697438901
39113,6535.3294471002355
38257,6210.215738619652
37401,6038.733526129378
36545,6026.21206860892
35689,6026.21206860892
34833,5682.222529096922
33977,5682.222529096922
33121,5446.368945404358
32265,5371.889921342606
31409,5344.861619643427
30553,5344.861619643427
29697,5496.854570809477
28841,5634.555051953259
27985,5634.555051953259
27129,6346.833734094335
26273,6047.198487357026
25417,5911.634252856767
24561,5918.678174323313
23705,5918.678174323313
22849,5633.035150334453
21993,5633.035150334453
21137,5345.070772254224
20281,5331.356413746059
19425,5357.109660321032
18569,5385.785878425859
17713,5509.102611487082
16857,5655.439958019745
16001,5655.439958019745
15145,6780.497852153448
14289,6142.345478809525
13433,5997.89156801843
12577,6022.737724148458
11721,6022.737724148458
10865,5695.567245164782
10009,5695.567245164782
9153,5505.39793423527
8297,5415.236721435316
7441,5417.207405122536
6585,5417.207405122536
5729,5496.587433641486
4873,5655.439958019745
4017,5655.439958019745
3161,6354.157251955581
2305,6067.080852766993
1449,5931.5166182667335
593,5910.273473711324
40826,5405.812161006389
39970,5405.812161006389
39114,6236.6285757797505
38258,5899.063339123668
37402,5716.808262028483
36546,5717.076466331389
35690,5717.076466331389
34834,5340.615609188581
33978,5340.615609188581
33122,5104.762025496018
32266,5027.321772466923
31410,5000.293470767744
30554,5000.293470767744
29698,5152.2864219337935
28842,5288.016352701948
27986,5288.016352701948
27130,6043.201083430879
26274,5731.114308518071
25418,5584.7772094129
24562,5604.6107927028115
23706,5604.6107927028115
22850,5286.496451083141
21994,5286.496451083141
21138,4998.532073002913
20282,4986.788264870376
19426,5012.541511445349
18570,5041.217729550176
17714,5164.534462611398
16858,5308.901258768434
16002,5308.901258768434
15146,6480.152306776782
14290,5831.193079313541
13434,5675.966303917535
12578,5713.6021218709275
11722,5713.6021218709275
10866,5353.960325256442
10010,5353.960325256442
9154,5163.791014326931
8298,5075.600351902604
7442,5077.5710355898245
6586,5077.5710355898245
5730,5152.019284765803
4874,5308.901258768434
4018,5308.901258768434
3162,6050.524601292125
2306,5750.996673928038
1450,5604.659574822867
594,5596.2060920908225
40827,4833.878099944794
39971,4985.775036477057
39115,5212.762213595926
38259,5049.213222575718
37403,5183.370562592624
36547,5184.927549694619
35691,5184.927549694619
34835,4764.172931602814
33979,4916.069868135078
33123,4569.155449746538
32267,4097.095351578763
31411,4039.335672601709
30555,4039.335672601709
29699,4185.972202507848
28843,4384.202906092697
27987,4883.425033620282
27131,4635.063837548805
26275,4496.090882540078
25419,4666.166200546999
24563,4659.001500614042
23707,4659.001500614042
22851,4382.68300447389
21995,4881.905132001476
21139,4050.261833836289
20283,4034.404290837939
19427,4060.1575374129097
18571,4094.091803864584
17715,4206.794067319049
16859,4405.087812159182
16003,4904.309939686768
15147,5606.931827606454
14291,4610.359278816512
13435,4771.544920532598
12579,4810.469521285079
11723,4810.469521285079
10867,4450.146878647191
10011,4949.369006174777
9155,4248.6398780817835
8299,4153.150514359059
7443,4155.121198046279
6587,4155.121198046279
5731,4206.794067319049
4875,4405.087812159182
4019,4904.309939686768
3163,4656.576980891015
2307,4530.16287343101
1451,4700.23819143793
595,4693.073491504973
40828,4741.355312971289
39972,4741.355312971289
39116,5514.992273534232
38260,5298.781072221135
37404,5103.945402999413
36548,5122.710597862013
35692,5122.710597862013
34836,4668.759996324193
33980,4668.759996324193
33124,4497.237827442103
32268,4420.349895659938
31412,4340.378127382261
30556,4340.378127382261
29700,4505.772687208826
28844,4621.329641469168
27988,4621.329641469168
27132,5326.069487081308
26276,5121.811317766183
25420,4962.893626534475
24564,4972.937134362123
23708,4972.937134362123
22852,4619.809739850361
21996,4619.809739850361
21140,4352.239129783757
20284,4339.063707699124
19428,4364.816954274097
18572,4409.569764601144
17716,4530.2115141006625
16860,4642.214547535654
16004,4642.214547535654
15148,5765.173592977576
14292,5230.910812411008
13436,5063.103444888465
12580,5119.236253401551
11724,5119.236253401551
10868,4682.104712392053
10012,4682.104712392053
9156,4556.266816273015
8300,4463.459573464011
7444,4465.430257151231
6588,4465.430257151231
5732,4526.594552020027
4876,4642.214547535654
4020,4642.214547535654
3164,5347.582630423518
2308,5155.883308657114
1452,4996.965617425406
596,5007.009125253055
40829,5355.950351168121
39973,5355.950351168121
39117,6209.444867849379
38261,5884.331159368797
37405,5704.034482018025
36549,5691.513024497567
35693,5691.513024497567
34837,5286.245182826142
33981,5286.245182826142
33125,5057.304789828832
32269,4982.82576576708
31413,4955.797464067901
30557,4955.797464067901
29701,5115.434830361442
28845,5238.577705682479
27989,5238.577705682479
27133,6020.949154843479
26277,5721.313908106171
25421,5576.935208745414
24565,5583.97913021196
23709,5583.97913021196
22853,5237.057804063673
21997,5237.057804063673
21141,4956.006616678698
20285,4942.292258170533
19429,4968.045504745506
18573,4996.721722850333
17717,5127.682871039047
16861,5259.462611748965
16005,5259.462611748965
15149,6469.229789496715
14293,5830.650525039634
13437,5677.382149388041
12581,5702.22830551807
11725,5702.22830551807
10869,5299.5898988940025
10013,5299.5898988940025
9157,5144.1948332343745
8301,5050.8486540018375
7445,5052.819337689058
6589,5052.819337689058
5733,5124.0659089584115
4877,5259.462611748965
4021,5259.462611748965
3165,6042.462298185689
2309,5741.196273516138
1453,5596.8175741553805
597,5575.574429599971
40830,6091.848919011993
39974,6091.848919011993
39118,6960.2407528460735
38262,6774.260724070767
37406,6579.4250548490445
36550,6598.190249711644
35694,6598.190249711644
34838,6022.143750670013
33982,6022.143750670013
33126,5746.667440138233
32270,5664.61060672446
31414,5637.582305025281
30558,5637.582305025281
29702,5829.197983030547
28846,5969.544494183379
27990,5969.544494183379
27134,6771.357046392108
26278,6606.31169346517
25422,6447.394002233462
24566,6485.7245760830665
23710,6485.7245760830665
22854,5968.024592564573
21998,5968.024592564573
21142,5640.437487645128
20286,5624.077099127913
19430,5649.830345702886
18574,5653.830475665666
17718,5832.547807943192
16862,5990.4294002498655
16006,5990.4294002498655
15150,7271.70603823061
14294,6706.390464260639
13438,6538.583096738096
12582,6594.715905251182
11726,6594.715905251182
10870,6035.488466737874
10014,6035.488466737874
9158,5805.696428969146
8302,5712.889186160141
7446,5714.859869847362
6590,5714.859869847362
5734,5828.930845862556
4878,5990.4294002498655
4022,5990.4294002498655
3166,6778.680564253354
2310,6626.194058875137
1454,6467.276367643429
598,6477.3198754710775
40831,4483.040975160163
39975,4483.040975160163
39119,5355.111593767844
38263,5138.900392454748
37407,4935.250258372529
36551,4954.015453235129
35695,4954.015453235129
34839,4434.098184761041
33983,4434.098184761041
33127,4253.892207862023
32271,4171.835374448249
31415,4144.80707274907
30559,4144.80707274907
29703,4285.991583103821
28847,4381.498928274407
27991,4381.498928274407
27135,5175.209531164276
26279,4970.951361849151
25423,4803.219205756946
24567,4841.549779606551
23711,4841.549779606551
22855,4367.788240441369
21999,4367.788240441369
21143,4147.662255368918
20287,4131.3018668517025
19431,4157.055113426675
18575,4185.731331531502
17719,4298.2396237814255
16863,4390.193048126662
16007,4390.193048126662
15151,5638.278707375888
14295,5085.219758125585
13439,4908.597925742545
12583,4964.730734255631
11727,4964.730734255631
10871,4431.84590211672
10015,4431.84590211672
9159,4329.862501267487
8303,4237.055258458482
7447,4239.025942145702
6591,4239.025942145702
5735,4285.72444593583
4879,4386.786835628712
4023,4386.786835628712
3167,5182.533049025522
2311,4990.833727259118
1455,4823.101571166913
599,4833.145078994562
40832,4992.364092585512
39976,4992.364092585512
39120,5688.542624103502
38264,5472.331422790406
37408,5277.4957535686835
36552,5296.260948431283
35696,5296.260948431283
34840,4919.768775938415
33984,4919.768775938415
33128,4701.093404757546
32272,4624.205472975381
31416,4597.177171276202
30560,4597.177171276202
29704,4753.9518790872335
28848,4872.33842108339
27992,4872.33842108339
27136,5513.8094631315425
26280,5309.5512938164175
25424,5150.6336025847095
24568,5188.964176434314
23712,5188.964176434314
22856,4870.818519464584
22000,4870.818519464584
21144,4600.032353896049
20288,4583.671965378834
19432,4609.425211953807
18576,4638.101430058634
17720,4766.199919764838
16864,4893.223327149876
16008,4893.223327149876
15152,5932.804303273664
14296,5404.4611629802785
13440,5236.653795457735
12584,5292.7866039708215
11728,5292.7866039708215
10872,4933.113492006276
10016,4933.113492006276
9160,4760.122393588458
8304,4667.315150779454
7448,4669.285834466674
6592,4669.285834466674
5736,4753.684741919243
4880,4893.223327149876
4024,4893.223327149876
3168,5521.132980992788
2312,5329.433659226384
1456,5170.515967994676
600,5180.559475822325
40833,7171.701007810792
39977,7171.701007810792
39121,8583.369205604731
38265,8175.977774378317
37409,7972.660925401408
36553,7954.346537047723
35697,7954.346537047723
34841,7101.995839468813
33985,7101.995839468813
33129,6835.576751413629
32273,6802.540197877976
31417,6775.511896178797
30561,6775.511896178797
29705,6980.788370379884
28849,7054.328362325151
27993,7054.328362325151
27137,8386.794274480226
26281,8012.960523115691
25425,7845.561652128797
24569,7846.812642762116
23713,7846.812642762116
22857,7052.808460706344
22001,7052.808460706344
21145,6734.278578263496
20289,6762.006690281429
19433,6787.7599368564015
18577,6816.436154961229
17721,6993.036411057489
16865,7075.213268391636
16009,7075.213268391636
15153,9230.089905921752
14297,8122.297140049154
13441,7946.008592771424
12585,7965.061818068226
11729,7965.061818068226
10873,7115.340555536674
10017,7115.340555536674
9161,6922.466794819172
8305,6870.563086112733
7449,6872.533769799954
6593,6872.533769799954
5737,6989.419448976853
4881,7075.213268391636
4025,7075.213268391636
3169,8408.307417822434
2313,8032.842888525658
1457,7865.444017538764
601,7838.407942150127
40834,4736.596466257212
39978,4736.596466257212
39122,6015.141024856333
38266,5623.259947650005
37410,5383.761196589868
36554,5378.236470059547
35698,5378.236470059547
34842,4666.891297915233
33986,4666.891297915233
33130,4453.615267252138
32274,4377.1513349253355
31418,4320.56782556122
30562,4320.56782556122
29706,4509.574371551648
28850,4621.438001799642
27994,4621.438001799642
27138,5815.572293129333
26282,5448.267251934487
25426,5244.686478864363
24570,5230.440065299092
23714,5230.440065299092
22858,4619.918100180836
22002,4619.918100180836
21146,4327.534932907778
20290,4319.253405878084
19434,4345.006652453057
18578,4389.759462780104
17722,4534.013198443485
16866,4642.322907866128
16010,4642.322907866128
15154,6694.238052703268
14298,5555.389687839878
13442,5342.919238478919
12586,5374.762125599085
11730,5374.762125599085
10874,4680.2360139830935
10018,4680.2360139830935
9162,4529.585560657602
8306,4441.672212903536
7450,4443.642896590756
6594,4443.642896590756
5738,4530.396236362849
4882,4642.322907866128
4026,4642.322907866128
3170,5837.085436471543
2314,5482.339242825418
1458,5278.758469755295
602,5264.512056190023
40835,6827.056434529133
39979,6827.056434529133
39123,8066.088960161254
38267,7748.679146590654
37411,7530.485042118749
36555,7537.617685066619
35699,7537.617685066619
34843,6757.351266187154
33987,6757.351266187154
33131,6500.368219553043
32275,6437.862294096839
31419,6410.83399239766
30563,6410.83399239766
29707,6606.674425177674
28851,6709.683789043491
27995,6709.683789043491
27139,7869.514029036749
26283,7585.661895328029
25427,7403.385768846138
24571,7430.083790781012
23715,7430.083790781012
22859,6708.163887424685
22003,6708.163887424685
21147,6399.070046402909
20291,6397.328786500292
19435,6423.082033075265
18579,6451.758251180092
17723,6618.9224658552785
16867,6730.568695109977
16011,6730.568695109977
15155,8385.31497240841
14299,7694.998512261492
13443,7503.832709488765
12587,7548.332966087121
11731,7548.332966087121
10875,6770.695982255014
10019,6770.695982255014
9163,6587.258262958585
8307,6505.885182331596
7451,6507.855866018816
6595,6507.855866018816
5739,6615.305503774643
4883,6730.568695109977
4027,6730.568695109977
3171,7876.837546897995
2315,7605.5442607379955
1459,7423.2681342561045
603,7421.679090169023
40836,5263.374850965595
39980,5263.374850965595
39124,6263.397518673179
38268,5937.199699893539
37412,5682.823693338407
36556,5702.745998109641
35700,5702.745998109641
34844,5193.669682623616
33988,5193.669682623616
33132,4823.308538574232
32276,4728.950194968303
31420,4701.921893269124
30564,4701.921893269124
29708,4966.771360892231
28852,5131.451036858545
27996,5131.451036858545
27140,6061.253062777663
26284,5759.631280009506
25428,5541.1732514443875
24572,5580.660935202626
23716,5580.660935202626
22860,5129.931135239739
22004,5129.931135239739
21148,4707.459196802691
20292,4688.416687371756
19436,4714.169933946729
18580,4742.846152051556
17724,4979.019401569836
16868,5152.335942925031
16012,5152.335942925031
15156,6903.828884457936
14300,5883.519065564376
13444,5656.171360708423
12588,5713.461279130143
11732,5713.461279130143
10876,5207.014398691476
10020,5207.014398691476
9164,4910.198581979775
8308,4811.524251824468
7452,4813.494935511688
6596,4813.494935511688
5740,4975.4024394892
4884,5152.335942925031
4028,5152.335942925031
3172,6082.7662061198735
2316,5779.513645419473
1460,5561.055616854354
604,5572.256234590637
40837,5696.022342695353
39981,5696.022342695353
39125,6674.361416072878
38269,6347.214417795851
37413,6140.879206806784
36557,6143.775534146687
35701,6143.775534146687
34845,5626.317174353373
33989,5626.317174353373
33133,5422.6176507543
32277,5345.876403757236
31421,5318.8481020580575
30565,5318.8481020580575
29709,5467.851966142044
28853,5580.863878237782
27997,5580.863878237782
27141,6488.079884095049
26285,6186.411347561297
25429,6015.994114562244
24573,6038.455820889152
23717,6038.455820889152
22861,5579.343976618976
22005,5579.343976618976
21149,5323.533658632237
20293,5305.34289616069
19437,5331.096142735662
18581,5359.7723608404895
17725,5480.100006819649
16869,5601.748784304268
16013,5601.748784304268
15157,7335.219517619283
14301,6293.533783466688
13445,6114.2268741768
12589,6154.49081516719
11733,6154.49081516719
10877,5639.661890421234
10021,5639.661890421234
9165,5481.646639585212
8309,5393.455977160886
7453,5395.426660848106
6597,5395.426660848106
5741,5467.584828974053
4885,5601.748784304268
4029,5601.748784304268
3173,6495.403401956295
2317,6206.293712971264
1461,6035.876479972211
605,6030.051120277163
40838,4991.322286926842
39982,4991.322286926842
39126,6076.945280357321
38270,5758.32347754634
37414,5520.542043609029
36558,5540.464348380263
35702,5540.464348380263
34846,4918.726970279746
33990,4918.726970279746
33134,4668.122950845324
32278,4586.509524839661
31422,4523.479061136535
30566,4523.479061136535
29710,4740.413542152861
28854,4861.677226146284
27998,4861.677226146284
27142,5865.78010061245
26286,5571.73433381295
25430,5369.870877865654
24574,5381.0714956019365
23718,5381.0714956019365
22862,4860.157324527478
22006,4860.157324527478
21150,4530.446168483093
20294,4522.164641453399
19438,4547.917888028372
18582,4592.670698355419
17726,4764.852369044697
16870,4882.56213221277
16014,4882.56213221277
15158,6683.978632080033
14302,5690.4532177362125
13446,5479.700085498081
12590,5536.990003919801
11734,5536.990003919801
10878,4932.071686347606
10022,4932.071686347606
9166,4744.093244250788
8310,4656.179896496722
7454,4658.150580183942
6598,4658.150580183942
5742,4761.235406964061
4886,4882.56213221277
4030,4882.56213221277
3174,5887.29324395466
2318,5605.806324703882
1462,5403.942868756585
606,5415.143486492868
40839,6382.773523006308
39983,6382.773523006308
39127,7721.619680284485
38271,7352.190834128402
37415,7106.629292433766
36559,7126.551597205
35703,7126.551597205
34847,6313.068354664329
33991,6313.068354664329
33135,6051.303551385236
32279,5966.5645970577425
31423,5886.592828780065
30567,5886.592828780065
29711,6119.069482804368
28855,6260.469098177695
27999,6260.469098177695
27143,7505.9233443360445
26287,7170.05217804184
25431,6960.408614337219
24575,6971.6092320735015
23719,6971.6092320735015
22863,6258.949196558889
22007,6258.949196558889
21151,5901.135952095281
20295,5885.278409096929
19439,5911.031655671902
18583,5955.784465998949
17727,6143.508309696204
16871,6281.354004244181
16015,6281.354004244181
15159,8075.08599089702
14303,7284.320574318274
13447,7065.7873343228175
12591,7123.077252744538
11735,7123.077252744538
10879,6326.413070732189
10023,6326.413070732189
9167,6110.332540216148
8311,6014.843176493424
7455,6016.813860180644
6599,6016.813860180644
5743,6139.8913476155685
4887,6281.354004244181
4031,6281.354004244181
3175,7527.436487678255
2319,7204.124168932772
1463,6994.48060522815
607,7005.681222964433
40840,5735.876344020139
39984,5735.876344020139
39128,6508.265274182537
38272,6183.1515657019545
37416,6011.66935321168
36560,5999.1478956912215
35704,5999.1478956912215
34848,5666.17117567816
33992,5666.17117567816
33136,5444.875197808342
32280,5370.39617374659
31424,5343.367872047411
30568,5343.367872047411
29712,5495.36082321346
28856,5618.503698534497
28000,5618.503698534497
27144,6319.769561176637
26288,6020.134314439329
25432,5884.570079939068
24576,5891.6140014056145
23720,5891.6140014056145
22864,5616.983796915691
22008,5616.983796915691
21152,5343.577024658208
20296,5329.862666150043
19440,5355.615912725016
18584,5384.292130829843
17728,5507.608863891065
16872,5639.388604600983
16016,5639.388604600983
15160,6726.688349305887
14304,6129.470931372792
13448,5985.017020581696
12592,6009.863176711724
11736,6009.863176711724
10880,5679.51589174602
10024,5679.51589174602
9168,5531.765241213884
8312,5438.419061981347
7456,5440.389745668567
6600,5440.389745668567
5744,5503.991901810429
4888,5639.388604600983
4032,5639.388604600983
3176,6327.0930790378825
2320,6040.0166798492955
1464,5904.452445349035
608,5883.2093007936255
40841,6591.80850237507
39985,6591.80850237507
39129,7671.507676750759
38273,7303.162940893732
37417,7131.680728403457
36561,7119.1592708829985
35705,7119.1592708829985
34849,6542.865711975948
33993,6542.865711975948
33137,6252.689212358911
32281,6178.210188297159
31425,6151.18188659798
30569,6151.18188659798
29713,6356.458360799067
28857,6495.198234832285
28001,6495.198234832285
27145,7474.030319894461
26289,7140.1456896311065
25433,7004.581455130845
24577,7011.625376597392
23721,7011.625376597392
22865,6481.487546999248
22009,6481.487546999248
21153,6151.391039208777
20297,6137.676680700612
19441,6163.429927275585
18585,6192.106145380412
17729,6368.706401476672
16873,6503.89235468454
16017,6503.89235468454
15161,7934.662836996969
14305,7249.48230656457
13449,7105.028395773473
12593,7129.874551903501
11737,7129.874551903501
10881,6540.613429331627
10025,6540.613429331627
9169,6311.718201189824
8313,6221.55698838987
7457,6223.52767207709
6601,6223.52767207709
5745,6356.191223631076
4889,6500.48614218659
4033,6500.48614218659
3177,7481.353837755707
2321,7160.0280550410735
1465,7024.463820540812
609,7003.2206759854025
40842,5534.797821704225
39986,5534.797821704225
39130,6383.8816675689395
38274,6060.738509463985
37418,5880.441832113213
36562,5867.920374592755
35706,5867.920374592755
34850,5465.092653362245
33994,5465.092653362245
33138,5236.1522603649355
32282,5158.71200733584
31426,5095.681543632714
30570,5095.681543632714
29714,5270.232069951011
28858,5412.493396875611
28002,5412.493396875611
27146,6176.264549739104
26290,5878.599853377424
25434,5734.221154016666
24578,5712.978009461257
23722,5712.978009461257
22866,5410.973495256805
22010,5410.973495256805
21154,5102.925965649532
20298,5094.367123949578
19442,5120.120370524551
18586,5164.873180851598
17730,5294.6708968428475
16874,5433.378302942097
16018,5433.378302942097
15162,6632.730404826905
14306,5992.868249653858
13450,5839.599874002265
12594,5864.446030132293
11738,5864.446030132293
10882,5478.437369430106
10026,5478.437369430106
9170,5312.1225537703995
8314,5223.931891346073
7458,5225.902575033293
6602,5225.902575033293
5746,5291.053934762212
4890,5433.378302942097
4034,5433.378302942097
3178,6197.777693081314
2322,5912.671844268355
1466,5768.293144907598
610,5747.050000352188
40843,6583.62151460322
39987,6583.62151460322
39131,8000.38767461307
38275,7609.718586647124
37419,7397.5872728097165
36563,7379.2728844560315
35707,7379.2728844560315
34851,6513.9163462612405
33995,6513.9163462612405
33139,6239.852843078565
32283,6177.346917622361
31427,6114.316453919235
30571,6114.316453919235
29715,6342.150503272569
28859,6466.248869117578
28003,6466.248869117578
27147,7789.6231180076
26291,7432.511709903533
25435,7256.29837405614
24579,7229.262298667504
23723,7229.262298667504
22867,6464.728967498771
22011,6464.728967498771
21155,6111.558327706132
20299,6113.002034236099
19443,6138.755280811071
18587,6183.508091138118
17731,6366.5893301644055
16875,6487.133775184064
16019,6487.133775184064
15163,8481.755414208976
14307,7541.848326836996
13451,7356.745314698768
12595,7375.79853999557
11739,7375.79853999557
10883,6527.261062329101
10027,6527.261062329101
9171,6315.8231364840285
8315,6237.635022289623
7459,6239.605705976843
6603,6239.605705976843
5747,6362.97236808377
4891,6487.133775184064
4035,6487.133775184064
3179,7811.13626134981
2323,7466.583700794465
1467,7290.370364947072
611,7263.334289558436
40844,6122.652409907219
39988,6122.652409907219
39132,7421.874467290867
38276,6960.686939615443
37420,6769.617397659762
36564,6769.885601962668
35708,6769.885601962668
34852,6052.94724156524
33996,6052.94724156524
33140,5770.723325532893
32284,5693.2830725037975
31428,5630.252608800672
30572,5630.252608800672
29716,5858.086658154006
28860,6000.347985078606
28004,6000.347985078606
27148,7205.275705610634
26292,6778.548283528882
25436,6623.396719563215
24580,6614.94323683117
23724,6614.94323683117
22868,5998.8280834598
22012,5998.8280834598
21156,5637.49703081749
20300,5628.938189117535
19444,5654.691435692508
18588,5699.444246019555
17732,5882.525485045842
16876,6021.232891145092
16020,6021.232891145092
15164,7715.455289671693
14308,6892.816679805316
13452,6728.775439548814
12596,6766.411257502206
11740,6766.411257502206
10884,6066.2919576331005
10028,6066.2919576331005
9172,5846.693618938357
8316,5758.50295651403
7460,5760.47364020125
6604,5760.47364020125
5748,5878.908522965206
4892,6021.232891145092
4036,6021.232891145092
3180,7226.788848952844
2324,6812.6202744198135
1468,6657.468710454146
612,6649.015227722101
40845,6164.516918562164
39989,6164.516918562164
39133,7763.076623773968
38277,7307.280816616576
37421,7067.782065556438
36565,7062.257339026118
35709,7062.257339026118
34853,6094.811750220185
33997,6094.811750220185
33141,5835.54661703124
32285,5757.413431957818
31429,5694.382968254692
30573,5694.382968254692
29717,5926.998774253008
28861,6042.212493733551
28005,6042.212493733551
27149,7529.816969950428
26293,7125.142160530015
25437,6921.561387459891
24581,6907.3149738946195
23725,6907.3149738946195
22869,6040.692592114745
22013,6040.692592114745
21157,5702.320322315837
20301,5693.068548571556
19445,5718.8217951465285
18589,5763.5746054735755
17733,5951.437601144845
16877,6063.097399800037
16021,6063.097399800037
15165,8114.698678157191
14309,7239.410556806449
13453,7026.94010744549
12597,7058.782994565656
11741,7058.782994565656
10885,6108.1564662880455
10029,6108.1564662880455
9173,5911.516910436704
8317,5822.633315968051
7461,5824.603999655271
6605,5824.603999655271
5749,5947.820639064209
4893,6063.097399800037
4037,6063.097399800037
3181,7551.330113292638
2325,7159.214151420946
1469,6955.633378350823
613,6941.386964785551
40846,5755.54499183391
39990,5755.54499183391
39134,6463.064094376518
38278,6254.8902250099945
37422,6083.40801251972
36566,6070.8865549992615
35710,6070.8865549992615
34854,5690.348440016102
33998,5690.348440016102
33142,5454.494856323539
32286,5416.564407732948
31430,5336.592639455271
30574,5336.592639455271
29718,5520.440055220627
28862,5642.6809628724395
28006,5642.6809628724395
27150,6260.378755889654
26294,6077.683348266404
25438,5942.1191137661435
24582,5920.875969210734
23726,5920.875969210734
22870,5641.161061253633
22014,5641.161061253633
21158,5309.259036376556
20302,5335.278219772134
19446,5361.031466347107
18590,5405.784276674154
17734,5544.8788821124635
16878,5663.565868938926
16022,5663.565868938926
15166,6678.3120566813595
14310,6187.019965199867
13454,6042.566054408771
12598,6067.4122105388
11742,6067.4122105388
10886,5703.693156083963
10030,5703.693156083963
9174,5513.523845154452
8318,5459.9112078256585
7462,5461.881891512879
6606,5461.881891512879
5750,5541.261920031828
4894,5663.565868938926
4038,5663.565868938926
3182,6281.891899231864
2326,6111.755339157336
1470,5976.191104657075
614,5954.947960101666
40847,6144.232067892131
39991,6144.232067892131
39135,6952.3390118871275
38279,6603.068579504159
37423,6348.692572949027
36567,6368.614877720261
35711,6368.614877720261
34855,6079.035516074324
33999,6079.035516074324
33143,5577.936665243584
32287,5483.578321637654
31431,5456.550019938475
30575,5456.550019938475
29719,5739.8523435003735
28863,6016.816870309253
28007,6016.816870309253
27151,6750.194555991612
26295,6425.5001596201255
25439,6207.042131055007
24583,6246.529814813246
23727,6246.529814813246
22871,6015.296968690447
22015,6015.296968690447
21159,5462.087323472042
20303,5443.044814041107
19447,5468.79806061608
18591,5497.474278720907
17735,5752.100384177978
16879,6037.701776375739
16023,6037.701776375739
15167,7586.850737398702
14311,6549.387945174996
13455,6322.040240319043
12599,6379.330158740763
11743,6379.330158740763
10887,6092.3802321421845
10031,6092.3802321421845
9175,5664.826708649126
8319,5566.152378493819
7463,5568.123062181039
6607,5568.123062181039
5751,5748.483422097343
4895,6037.701776375739
4039,6037.701776375739
3183,6771.707699333822
2327,6445.382525030092
1471,6226.924496464974
615,6238.125114201257
40848,5673.317508735109
39992,5673.317508735109
39136,6580.016570627196
38280,6162.060070328216
37424,5979.804993233031
36568,5980.073197535938
35712,5980.073197535938
34856,5603.61234039313
34000,5603.61234039313
33144,5367.758756700567
32288,5290.318503671471
31432,5210.346735393794
30576,5210.346735393794
29720,5394.19415115915
28864,5551.013083906496
28008,5551.013083906496
27152,6372.399452797361
26296,5979.921414241655
25440,5833.584315136484
24584,5825.130832404439
23728,5825.130832404439
22872,5549.49318228769
22016,5549.49318228769
21160,5217.591157410612
20304,5209.032315710658
19448,5234.7855622856305
18592,5279.538372612677
17736,5418.632978050987
16880,5571.897989972982
16024,5571.897989972982
15168,6833.224341143569
14312,6094.189810518089
13456,5938.963035122083
12600,5976.598853075476
11744,5976.598853075476
10888,5616.95705646099
10032,5616.95705646099
9176,5426.787745531479
8320,5338.597083107153
7464,5340.567766794373
6608,5340.567766794373
5752,5415.016015970351
4896,5571.897989972982
4040,5571.897989972982
3184,6393.912596139571
2328,6013.993405132586
1472,5867.656306027416
616,5859.202823295371
40849,6238.471892187589
39993,6238.471892187589
39137,7403.907553963858
38281,7068.9996932060185
37425,6877.930151250337
36569,6878.198355553243
35713,6878.198355553243
34857,6165.876575540493
34001,6165.876575540493
33145,5883.652659508146
32289,5806.764727725981
31433,5779.736426026802
30577,5779.736426026802
29721,5992.657315355381
28865,6118.446220685468
28009,6118.446220685468
27153,7206.667319396198
26297,6906.21956423203
25441,6751.068000266363
24585,6770.901583556274
23729,6770.901583556274
22873,6116.926319066662
22017,6116.926319066662
21161,5782.59160864665
20305,5766.231220129434
19449,5791.984466704407
18593,5820.660684809234
17737,6004.905356032986
16881,6139.331126751954
16025,6139.331126751954
15169,7689.8901615847635
14313,7015.319058876856
13457,6851.277818620353
12601,6888.913636573746
11745,6888.913636573746
10889,6179.221291608354
10033,6179.221291608354
9177,5959.62295291361
8321,5866.815710104605
7465,5868.7863937918255
6609,5868.7863937918255
5753,5992.39017818739
4897,6139.331126751954
4041,6139.331126751954
3185,7213.990837257444
2329,6926.101929641997
1473,6770.95036567633
617,6762.496882944285
40850,6266.891950298293
39994,6266.891950298293
39138,7320.955588867221
38282,7033.002116653092
37426,6852.70543930232
36570,6840.183981781862
35714,6840.183981781862
34858,6194.296633651196
34002,6194.296633651196
33146,5912.072717618849
32290,5842.762595188706
31434,5815.734293489527
30578,5815.734293489527
29722,6028.6551828181055
28866,6151.798058139142
28010,6151.798058139142
27154,7128.647133642532
26298,6875.153767022075
25442,6730.775067661317
24586,6737.8189891278635
23730,6737.8189891278635
22874,6150.278156520336
22018,6150.278156520336
21162,5815.943446100324
20306,5802.229087592159
19450,5827.982334167132
18594,5856.658552271959
17738,6040.90322349571
16882,6172.682964205628
16026,6172.682964205628
15170,7611.053476485551
14314,6965.131856842965
13458,6811.863481191372
12602,6836.7096373214
11746,6836.7096373214
10890,6207.641349719057
10034,6207.641349719057
9178,5988.043011024313
8322,5897.881798224359
7466,5899.852481911579
6610,5899.852481911579
5754,6028.388045650115
4898,6172.682964205628
4042,6172.682964205628
3186,7135.970651503778
2330,6895.036132432042
1474,6750.657433071284
618,6729.414288515874
40851,5829.723846951079
39995,5829.723846951079
39139,7090.939946483126
38283,6652.867154095785
37427,6422.182867896144
36571,6416.658141365823
35715,6416.658141365823
34859,5760.0186786091
34003,5760.0186786091
33147,5527.543751121225
32291,5450.380812762391
31435,5423.352511063211
30579,5423.352511063211
29723,5580.127218874242
28867,5707.419422122465
28011,5707.419422122465
27155,6898.414879866047
26299,6484.918123490188
25443,6290.151815280561
24587,6304.192467737245
23731,6304.192467737245
22875,5705.89952050366
22019,5705.89952050366
21163,5421.313798628121
20307,5409.847305165843
19451,5435.600551740816
18595,5464.276769845643
17739,5592.375259551847
16883,5728.304328188952
16027,5728.304328188952
15171,7514.921090210088
14315,6584.996894285658
13459,6381.340909785195
12603,6413.183796905361
11747,6413.183796905361
10891,5773.36339467696
10035,5773.36339467696
9179,5586.572739952138
8323,5498.659392198072
7467,5500.630075885291
6611,5500.630075885291
5755,5579.860081706252
4899,5728.304328188952
4043,5728.304328188952
3187,6905.738397727293
2331,6504.800488900155
1475,6310.034180690528
619,6295.787767125256
40852,6551.471639498314
39996,6551.471639498314
39140,7740.790019582061
38284,7378.937189394635
37428,7141.155755457325
36572,7161.078060228559
35716,7161.078060228559
34860,6502.5288490991925
34004,6502.5288490991925
33148,6098.216386114738
32292,6011.434058477466
31436,5984.4057567782875
30580,5984.4057567782875
29724,6221.268047964092
28868,6440.310203334122
28012,6440.310203334122
27156,7529.663919836148
26300,7201.368769510602
25444,6999.505313563305
24588,7038.992997321544
23732,7038.992997321544
22876,6426.599515501084
22020,6426.599515501084
21164,5982.3670443431965
20308,5970.90055088092
19452,5996.653797455892
18596,6025.330015560719
17740,6233.516088641697
16884,6449.0043231863765
16028,6449.0043231863765
15172,8070.287649514066
14316,7325.256555065473
13460,7114.503422827341
12604,7171.793341249061
11748,7171.793341249061
10892,6500.2765664548715
10036,6500.2765664548715
9180,6174.186679520202
8324,6086.273331766136
7468,6088.244015453356
6612,6088.244015453356
5756,6221.000910796101
4900,6445.5981106884265
4044,6445.5981106884265
3188,7536.987437697394
2332,7221.251134920569
1476,7019.387678973272
620,7030.588296709555
40853,5533.413194554979
39997,5533.413194554979
39141,6536.637813512749
38285,6147.08383819055
37429,5929.975762596573
36573,5954.22709998926
35717,5954.22709998926
34861,5463.708026212999
34005,5463.708026212999
33149,5245.450896791181
32293,5164.0930694094395
31437,5137.064767710261
30581,5137.064767710261
29725,5286.068631794247
28869,5418.254730097408
28013,5418.254730097408
27157,6350.3562815349205
26301,5986.2807679559955
25445,5805.090670352033
24589,5848.907386731725
23733,5848.907386731725
22877,5416.734828478602
22021,5416.734828478602
21165,5146.366904669118
20309,5123.559561812893
19453,5149.3128083878655
18597,5177.989026492693
17741,5298.316672471852
16885,5439.1396361638945
16029,5439.1396361638945
15173,7180.188694363337
14317,6093.403203861387
13461,5903.323429966589
12605,5964.942381009762
11749,5964.942381009762
10893,5477.05274228086
10037,5477.05274228086
9181,5332.340940196723
8325,5229.901776616125
7469,5231.872460303345
6613,5231.872460303345
5757,5294.699710391216
4901,5439.1396361638945
4045,5439.1396361638945
3189,6371.869424877131
2333,6006.1631333659625
1477,5824.973035762
621,5840.502686119736
40854,6557.782143271198
39998,6579.85678936309
39142,7730.039159750216
38286,7412.629346179616
37430,7185.620776847214
36574,7192.753419795084
35718,7192.753419795084
34862,6492.58559145339
34006,6514.660237545282
33150,6120.907594407993
32294,6048.782279673353
31438,6021.753977974174
30582,6021.753977974174
29726,6272.277065355799
28870,6457.373371123183
28014,6457.373371123183
27158,7523.844839347274
26302,7239.992705638553
25446,7048.902114296166
24590,7075.60013623104
23734,7075.60013623104
22878,6433.778823412485
22022,6455.853469504376
21166,6009.990031979422
20310,6008.248772076806
19454,6034.002018651779
18598,6062.678236756606
17742,6284.525106033404
16886,6456.183631097777
16030,6478.258277189669
15174,8081.007629242918
14318,7358.948711850453
13462,7158.96844421723
12606,7203.468700815586
11750,7203.468700815586
10894,6505.930307521251
10038,6528.004953613143
9182,6207.797637813535
8326,6126.424557186547
7470,6128.395240873767
6614,6128.395240873767
5758,6280.908143952768
4902,6456.183631097777
4046,6478.258277189669
3190,7545.357982689484
2334,7259.87507104852
1478,7068.7844797061325
622,7067.195435619051
40855,6300.12297339715
39999,6300.12297339715
39143,7918.5166779105175
38287,7462.720870753125
37431,7223.222119692988
36575,7217.697393162667
35719,7217.697393162667
34863,6230.417805055171
34007,6230.417805055171
33151,5998.479296110759
32295,5923.963073117972
31439,5896.934771418793
30583,5896.934771418793
29727,6091.402804808581
28871,6177.818548568537
28015,6177.818548568537
27159,7699.446649567942
26303,7294.771840147529
25447,7091.191067077405
24591,7105.231719534089
23735,7105.231719534089
22879,6176.298646949731
22023,6176.298646949731
21167,5892.249343617654
20311,5879.81260344079
19455,5905.565850015762
18599,5934.2420681205895
17743,6100.03388340555
16887,6198.703454635023
16031,6198.703454635023
15175,8387.683089139644
14319,7409.040236423963
13463,7196.569787063004
12607,7228.41267418317
11751,7228.41267418317
10895,6243.762521123032
10039,6243.762521123032
9183,6085.369339516301
8327,5993.300778615065
7471,5995.271462302285
6615,5995.271462302285
5759,6100.03388340555
4903,6198.703454635023
4047,6198.703454635023
3191,7720.959792910152
2335,7314.6542055574955
1479,7111.073432487372
623,7096.8270189221
40856,5508.219299582377
40000,5508.219299582377
39144,6473.438925680555
38288,6092.505370915106
37432,5901.435828959425
36576,5901.704033262331
35720,5901.704033262331
34864,5459.276509183255
34008,5459.276509183255
33152,5214.739117473764
32296,5137.298864444669
31440,5110.27056274549
30584,5110.27056274549
29728,5269.907929039031
28872,5406.6772526966215
28016,5406.6772526966215
27160,6280.011433331684
26304,5924.556340309509
25448,5769.404776343842
24592,5789.238359633753
23736,5789.238359633753
22880,5392.966564863584
22024,5392.966564863584
21168,5108.509164980659
20312,5096.765356848122
19456,5122.518603423095
18600,5151.194821527922
17744,5282.155969716636
16888,5415.371372548876
16032,5415.371372548876
15176,6727.476929750773
14320,6038.824736585943
13464,5874.783496329441
12608,5912.4193142828335
11752,5912.4193142828335
10896,5457.024226538934
10040,5457.024226538934
9184,5290.709410879228
8328,5202.5187484549015
7472,5204.489432142122
6616,5204.489432142122
5760,5269.64079187104
4904,5411.965160050926
4048,5411.965160050926
3192,6287.33495119293
2336,5944.438705719476
1480,5789.287141753809
624,5780.833659021764
40857,6039.865786366585
40001,6039.865786366585
39145,6893.3603030478425
38289,6568.246594567259
37433,6387.949917216489
36577,6375.428459696031
35721,6375.428459696031
34865,5970.160618024605
34009,5970.160618024605
33153,5741.220225027295
32297,5666.741200965543
31441,5603.710737262417
30585,5603.710737262417
29729,5778.2612635807145
28873,5922.4931408809425
28017,5922.4931408809425
27161,6690.674964560978
26305,6391.039717823669
25449,6246.661018462913
24593,6225.417873907503
23737,6225.417873907503
22881,5920.973239262136
22025,5920.973239262136
21169,5612.925709654863
20313,5602.396317579281
19457,5628.149564154253
18601,5672.9023744813
17745,5802.700090472551
16889,5943.378046947429
16033,5943.378046947429
15177,7134.1696748426475
14321,6500.376334757132
13465,6347.10795910554
12609,6371.954115235569
11753,6371.954115235569
10897,5983.505334092466
10041,5983.505334092466
9185,5817.190518432759
8329,5727.029305632805
7473,5728.999989320025
6617,5728.999989320025
5761,5799.083128391915
4905,5943.378046947429
4049,5943.378046947429
3193,6712.188107903188
2337,6425.1117087146
1481,6280.733009353844
625,6259.489864798435
40858,6691.575017949069
40002,6691.575017949069
39146,7693.840220645004
38290,7405.886748430875
37434,7234.404535940599
36578,7221.883078420141
35722,7221.883078420141
34866,6618.979701301972
34010,6618.979701301972
33154,6329.842594574372
32298,6260.532472144228
31442,6233.50417044505
30586,6233.50417044505
29730,6438.780644646136
28874,6576.481125789918
28018,6576.481125789918
27162,7501.5317654203145
26306,7248.0383987998575
25450,7112.474164299596
24594,7119.518085766143
23738,7119.518085766143
22882,6574.961224171112
22026,6574.961224171112
21170,6233.713323055847
20314,6219.998964547682
19458,6245.752211122654
18602,6274.4284292274815
17746,6451.028685323741
16890,6597.366031856404
16034,6597.366031856404
15178,7966.091556014161
14322,7352.206114101712
13466,7207.752203310615
12610,7232.598359440643
11754,7232.598359440643
10898,6632.324417369833
10042,6632.324417369833
9186,6388.871583405285
8330,6298.71037060533
7474,6300.6810542925505
6618,6300.6810542925505
5762,6438.513507478146
4906,6597.366031856404
4050,6597.366031856404
3194,7508.85528328156
2338,7267.9207642098245
1482,7132.356529709563
626,7111.113385154154
40859,4433.899412712297
40003,4433.899412712297
39147,5309.723939430017
38291,5093.51273811692
37435,4889.862604034702
36579,4908.627798897302
35723,4908.627798897302
34867,4368.702860894489
34011,4368.702860894489
33155,4204.0938827076525
32299,4122.037049293879
31443,4095.0087475947003
30587,4095.0087475947003
29731,4236.1932579494505
28875,4316.1036044078555
28019,4316.1036044078555
27163,5129.821876826449
26307,4925.563707511324
25451,4757.831551419119
24595,4796.162125268724
23739,4796.162125268724
22883,4314.583702789049
22027,4314.583702789049
21171,4097.8639302145475
20315,4081.5035416973333
19459,4107.256788272305
18603,4135.933006377132
17747,4248.441298627055
16891,4336.988510474342
16035,4336.988510474342
15179,5578.017746706468
14323,5025.642478306793
13467,4849.020645923753
12611,4905.15345443684
11755,4905.15345443684
10899,4382.04757696235
10043,4382.04757696235
9187,4280.064176113116
8331,4187.256933304112
7475,4189.227616991332
6619,4189.227616991332
5763,4235.92612078146
4907,4336.988510474342
4051,4336.988510474342
3195,5137.1453946876945
2339,4945.446072921291
1483,4777.713916829086
627,4787.757424656735
40860,5101.221499058353
40004,5101.221499058353
39148,5835.7194691495415
38292,5619.508267836445
37436,5415.858133754226
36580,5434.623328616826
35724,5434.623328616826
34868,5031.516330716374
34012,5031.516330716374
33156,4816.236733914885
32300,4734.179900501112
31444,4707.151598801933
30588,4707.151598801933
29732,4853.128168899653
28876,4978.91707422974
28020,4978.91707422974
27164,5655.817406545973
26308,5451.559237230848
25452,5283.827081138644
24596,5322.157654988248
23740,5322.157654988248
22884,4977.397172610934
22028,4977.397172610934
21172,4710.00678142178
20316,4693.646392904565
19460,4719.399639479538
18604,4748.075857584365
17748,4865.376209577258
16892,4999.801980296226
16036,4999.801980296226
15180,6103.282902965062
14324,5565.827633507282
13468,5389.2058011242425
12612,5445.338609637329
11756,5445.338609637329
10900,5044.8610467842345
10044,5044.8610467842345
9188,4903.126777320427
8332,4807.13456807884
7476,4809.10525176606
6620,4809.10525176606
5764,4861.759247496622
4908,4999.801980296226
4052,4999.801980296226
3196,5663.140924407219
2340,5471.441602640815
1484,5303.709446548611
628,5313.752954376259
40861,5953.497380781521
40005,5910.635698189574
39149,6858.13995067645
38293,6531.942131896811
37437,6277.566125341678
36581,6297.488430112912
35725,6297.488430112912
34869,5883.792212439542
34013,5840.930529847595
33157,5461.379400224383
32301,5367.021056618453
31445,5339.992754919274
30589,5339.992754919274
29733,5628.076835126155
28877,5778.711884082524
28021,5778.711884082524
27165,6655.995494780935
26309,6354.373712012777
25453,6135.915683447659
24597,6175.403367205898
23741,6175.403367205898
22885,5820.053665055665
22029,5777.191982463718
21173,5345.530058452841
20317,5326.4875490219065
19461,5352.240795596879
18605,5380.917013701706
17749,5640.32487580376
16893,5842.458472740957
16037,5799.59679014901
15181,7492.651676188025
14325,6478.261497567648
13469,6250.913792711694
12613,6308.203711133415
11757,6308.203711133415
10901,5897.136928507402
10045,5854.275245915455
9189,5548.269443629925
8333,5449.595113474618
7477,5451.565797161838
6621,5451.565797161838
5765,5636.707913723124
4909,5842.458472740957
4053,5799.59679014901
3197,6677.508638123145
2341,6352.098339239509
1485,6133.640310674391
629,6144.840928410674
40862,4654.123075816783
40006,4654.123075816783
39150,5430.650184684842
38294,5214.438983371746
37438,5019.603314150024
36582,5038.368509012624
35726,5038.368509012624
34870,4584.4179074748035
34014,4584.4179074748035
33158,4412.895738592713
32302,4331.537911210972
31446,4258.0130972723055
30590,4258.0130972723055
29734,4423.407657098871
28878,4538.9646113592125
28022,4538.9646113592125
27166,5243.704456971353
26310,5039.4462876562275
25454,4880.5285964245195
24598,4890.572104252168
23742,4890.572104252168
22886,4537.444709740406
22030,4537.444709740406
21174,4269.8740996738015
20318,4256.698677589169
19462,4282.451924164142
18606,4327.204734491189
17750,4447.846483990707
16894,4559.849517425699
16038,4559.849517425699
15182,5712.779978056534
14326,5146.568723561619
13470,4978.7613560390755
12614,5034.894164552162
11758,5034.894164552162
10902,4597.762623542664
10046,4597.762623542664
9190,4471.924727423626
8334,4379.117484614621
7478,4381.0881683018415
6622,4381.0881683018415
5766,4444.2295219100715
4910,4559.849517425699
4054,4559.849517425699
3198,5265.217600313563
2342,5073.518278547159
1486,4914.600587315451
630,4924.6440951431
40863,6177.686069138724
40007,6177.686069138724
39151,7781.4111535812035
38295,7325.615346423811
37439,7086.116595363674
36583,7080.591868833353
35727,7080.591868833353
34871,6128.743278739602
34015,6128.743278739602
33159,5853.881146838476
32303,5775.747961765053
31447,5748.719660065874
30591,5748.719660065874
29735,5966.422306039435
28879,6076.144022252968
28023,6076.144022252968
27167,7562.341125238628
26311,7157.666315818215
25455,6954.085542748091
24599,6968.126195204775
23743,6968.126195204775
22887,6062.43333441993
22031,6062.43333441993
21175,5747.651194345371
20319,5735.214454168507
19463,5760.967700743479
18607,5789.643918848306
17751,5978.67034671704
16895,6084.838142105223
16039,6084.838142105223
15183,8138.222474776679
14327,7271.934712094649
13471,7059.46426273369
12615,7091.307149853856
11759,7091.307149853856
10903,6126.490996095281
10047,6126.490996095281
9191,5929.85144024394
8335,5840.967845775286
7479,5842.938529462506
6623,5842.938529462506
5767,5966.155168871444
4911,6081.431929607273
4055,6081.431929607273
3199,7569.6646430998735
2343,7177.5486812281815
1487,6973.967908158058
631,6959.721494592786
40864,5128.003607766444
40008,5128.003607766444
39152,5824.182139284434
38296,5607.970937971338
37440,5413.1352687496155
36584,5431.900463612215
35728,5431.900463612215
34872,5055.408291119347
34016,5055.408291119347
33160,4836.732919938478
32304,4759.844988156313
31448,4732.816686457134
30592,4732.816686457134
29736,4889.5913942681655
28880,5007.977936264322
28024,5007.977936264322
27168,5649.4489783124745
26312,5445.190808997349
25456,5286.2731177656415
24600,5324.603691615246
23744,5324.603691615246
22888,5006.458034645516
22032,5006.458034645516
21176,4735.671869076981
20320,4719.311480559766
19464,4745.064727134739
18608,4773.740945239566
17752,4901.83943494577
16896,5028.862842330808
16040,5028.862842330808
15184,6068.443818454596
14328,5540.10067816121
13472,5372.293310638667
12616,5428.4261191517535
11760,5428.4261191517535
10904,5068.753007187208
10048,5068.753007187208
9192,4895.76190876939
8336,4802.954665960386
7480,4804.925349647606
6624,4804.925349647606
5768,4889.324257100175
4912,5028.862842330808
4056,5028.862842330808
3200,5656.77249617372
2344,5465.073174407316
1488,5306.155483175608
632,5316.198991003257
40865,6515.444635821898
40009,6515.444635821898
39153,7213.457617833641
38297,6887.259799054002
37441,6641.698257359366
36585,6661.6205621306
35729,6661.6205621306
34873,6445.739467479919
34017,6445.739467479919
33161,5943.58387842736
32305,5849.22553482143
31449,5822.197233122251
30593,5822.197233122251
29737,6091.998689083223
28881,6383.520821714848
28025,6383.520821714848
27169,7011.313161938126
26313,6709.691379169968
25457,6500.0478154653465
24601,6539.535499223585
23745,6539.535499223585
22889,6382.000920096042
22033,6382.000920096042
21177,5827.734536655818
20321,5808.6920272248835
19465,5834.445273799856
18609,5863.121491904683
17753,6104.246729760828
16897,6404.4057277813345
16041,6404.4057277813345
15185,7842.644337084282
14329,6833.579164724839
13473,6615.045924729382
12617,6672.335843151102
11761,6672.335843151102
10905,6459.0841835477795
10049,6459.0841835477795
9193,6030.473921832902
8337,5931.799591677595
7481,5933.7702753648155
6625,5933.7702753648155
5769,6100.629767680192
4913,6404.4057277813345
4057,6404.4057277813345
3201,7032.826305280336
2345,6729.573744579935
1489,6519.930180875313
633,6531.130798611596
40866,6026.579062516272
40010,6026.579062516272
39154,7338.819611713219
38298,6896.861592456674
37442,6666.177306257033
36586,6660.652579726712
35730,6660.652579726712
34874,5961.382510698464
34018,5961.382510698464
33162,5750.988752000497
32306,5693.271004713126
31450,5666.242703013948
30594,5666.242703013948
29738,5799.7827982412055
28882,5908.783254211829
28026,5908.783254211829
27170,7128.731227221041
26314,6728.912561851077
25458,6534.14625364145
24602,6548.186906098134
23746,6548.186906098134
22890,5907.263352593024
22034,5907.263352593024
21178,5644.758799507393
20322,5649.120535035944
19466,5674.873781610917
18610,5703.549999715744
17754,5808.4138768381745
16898,5929.6681602783165
16042,5929.6681602783165
15186,7659.938251479756
14330,6828.991332646547
13474,6625.3353481460845
12618,6657.17823526625
11762,6657.17823526625
10906,5974.727226766324
10050,5974.727226766324
9194,5810.01774083141
8338,5737.932622068171
7482,5739.9033057553925
6626,5739.9033057553925
5770,5799.515661073215
4914,5929.6681602783165
4058,5929.6681602783165
3202,7136.054745082287
2346,6748.794927261044
1490,6554.028619051417
634,6539.782205486145
40867,5771.932824403923
40011,5771.932824403923
39155,6469.2647928121605
38299,6224.542347974475
37443,6053.0601354842
36587,6040.538677963743
35731,6040.538677963743
34875,5706.736272586116
34019,5706.736272586116
33163,5470.882688893552
32307,5396.403664831801
31451,5369.375363132621
30595,5369.375363132621
29739,5521.368314298671
28883,5659.068795442453
28027,5659.068795442453
27171,6280.7690798062595
26315,6061.52509671185
25459,5925.960862211588
24603,5933.004783678136
23747,5933.004783678136
22891,5657.548893823646
22035,5657.548893823646
21179,5369.584515743419
20323,5355.870157235254
19467,5381.623403810226
18611,5410.299621915053
17755,5533.616354976276
16899,5679.953701508938
16043,5679.953701508938
15187,6718.53544138631
14331,6156.672088164349
13475,6012.218177373252
12619,6037.06433350328
11763,6037.06433350328
10907,5720.080988653976
10051,5720.080988653976
9195,5529.911677724464
8339,5439.75046492451
7483,5441.721148611731
6627,5441.721148611731
5771,5521.101177130679
4915,5679.953701508938
4059,5679.953701508938
3203,6288.092597667506
2347,6081.407462121817
1491,5945.843227621555
635,5924.600083066147
40868,5310.384382775659
40012,5310.384382775659
39156,6159.468228640374
38300,5834.354520159792
37444,5654.05784280902
36588,5641.536385288562
35732,5641.536385288562
34876,5240.67921443368
34020,5240.67921443368
33164,5011.73882143637
32308,4937.259797374618
31452,4910.231495675439
30596,4910.231495675439
29740,5069.86886196898
28884,5193.011737290017
28028,5193.011737290017
27172,5970.972515634474
26316,5671.337268897166
25460,5526.9585695364085
24604,5534.002491002955
23748,5534.002491002955
22892,5191.4918356712105
22036,5191.4918356712105
21180,4910.440648286236
20324,4896.726289778071
19468,4922.479536353044
18612,4951.155754457871
17756,5082.116902646585
16900,5213.896643356503
16044,5213.896643356503
15188,6423.747922994799
14332,5766.4842603496645
13476,5613.215884698072
12620,5638.0620408281
11764,5638.0620408281
10908,5254.02393050154
10052,5254.02393050154
9196,5087.709114841834
8340,4997.54790204188
7484,4999.5185857291
6628,4999.5185857291
5772,5069.601724800989
4916,5213.896643356503
4060,5213.896643356503
3204,5978.29603349572
2348,5691.219634307133
1492,5546.8409349463755
636,5525.597790390966
40869,5491.996437432269
40013,5491.996437432269
39157,6496.527721664024
38301,6170.329902884385
37445,5915.9538963292525
36589,5935.8762011004865
35733,5935.8762011004865
34877,5426.799885614461
34021,5426.799885614461
33165,5056.438741565078
32309,4962.080397959148
31453,4935.052096259969
30597,4935.052096259969
29741,5199.901563883077
28885,5364.581239849391
28029,5364.581239849391
27173,6294.383265768509
26317,5992.761483000351
25461,5774.303454435233
24605,5813.791138193472
23749,5813.791138193472
22893,5363.061338230585
22037,5363.061338230585
21181,4940.589399793536
20325,4921.5468903626015
19469,4947.300136937574
18613,4975.976355042401
17757,5212.149604560682
16901,5385.466145915877
16045,5385.466145915877
15189,7136.959087448781
14333,6116.649268555222
13477,5889.301563699269
12621,5946.591482120989
11765,5946.591482120989
10909,5440.144601682322
10053,5440.144601682322
9197,5143.32878497062
8341,5044.654454815313
7485,5046.625138502533
6629,5046.625138502533
5773,5208.532642480046
4917,5385.466145915877
4061,5385.466145915877
3205,6315.896409110719
2349,6012.643848410318
1493,5794.1858198452
637,5805.386437581483
40870,5877.891861669477
40014,5877.891861669477
39158,6650.280791831875
38302,6361.715658822453
37446,6190.233446332179
36590,6177.71198881172
35734,6177.71198881172
34878,5808.186693327498
34022,5808.186693327498
33166,5586.89071545768
32310,5548.960266867089
31454,5468.988498589411
30598,5468.988498589411
29742,5652.835914354768
28886,5760.519216183835
28030,5760.519216183835
27174,6447.59545334501
26318,6184.508782078863
25462,6048.944547578602
24606,6027.701403023193
23750,6027.701403023193
22894,5758.999314565029
22038,5758.999314565029
21182,5441.654895510696
20326,5467.674078906275
19470,5493.427325481248
18614,5538.180135808295
17758,5677.274741246604
16902,5781.404122250321
16046,5781.404122250321
15190,6847.202726674154
14334,6293.845399012326
13478,6149.39148822123
12622,6174.2376443512585
11766,6174.2376443512585
10910,5821.531409395358
10054,5821.531409395358
9198,5645.919704288593
8342,5592.307066959799
7486,5594.277750647019
6630,5594.277750647019
5774,5673.657779165968
4918,5781.404122250321
4062,5781.404122250321
3206,6469.108596687221
2350,6218.580772969794
1494,6083.016538469534
638,6061.773393914124
40871,4352.190045134318
40015,4352.190045134318
39159,5224.260663741999
38303,5008.049462428903
37447,4804.399328346684
36591,4823.164523209284
35735,4823.164523209284
34879,4303.247254735196
34023,4303.247254735196
33167,4113.367014809029
32311,4032.0091874272903
31455,4004.9808857281128
30599,4004.9808857281128
29743,4162.286613449019
28887,4257.793958619605
28031,4257.793958619605
27175,5051.504561509474
26319,4847.246392194349
25463,4679.514236102144
24607,4717.844809951749
23751,4717.844809951749
22895,4244.0832707865675
22039,4244.0832707865675
21183,4014.28302268697
20327,3991.4756798307453
19471,4017.2289264057176
18615,4045.9051445105433
17759,4174.5346541266235
16903,4266.48807847186
16047,4266.48807847186
15191,5525.463049472481
14335,4954.36882809974
13479,4777.7469957167
12623,4833.879804229787
11767,4833.879804229787
10911,4300.994972090875
10055,4300.994972090875
9199,4189.337308214493
8343,4096.530065405488
7487,4098.500749092708
6631,4098.500749092708
5775,4162.019476281028
4919,4263.08186597391
4063,4263.08186597391
3207,5058.82807937072
2351,4867.128757604316
1495,4699.396601512111
639,4709.44010933976
40872,4838.881464668259
40016,4838.881464668259
39160,5628.328275000312
38304,5412.117073687215
37448,5208.466939604997
36592,5227.232134467597
35736,5227.232134467597
34880,4769.176296326279
34024,4769.176296326279
33168,4557.414115840663
32312,4475.3572824268895
31456,4412.326818723764
30600,4412.326818723764
29744,4591.6591016870425
28888,4716.577039839645
28032,4716.577039839645
27176,5434.236586915779
26320,5229.978417600654
25464,5062.24626150845
24608,5072.289769336098
23752,5072.289769336098
22896,4715.057138220839
22040,4715.057138220839
21184,4424.18782112526
20328,4411.012399040627
19472,4436.7656456156
18616,4481.518455942647
17760,4616.097928578879
16904,4737.461945906131
16048,4737.461945906131
15192,5890.7024420035805
14336,5344.246813877088
13480,5167.624981494048
12624,5223.757790007135
11768,5223.757790007135
10912,4782.52101239414
10056,4782.52101239414
9200,4633.384409246127
8344,4540.577166437122
7488,4542.547850124342
6632,4542.547850124342
5776,4612.480966498243
4920,4737.461945906131
4064,4737.461945906131
3208,5455.7497302579895
2352,5264.050408491586
1496,5096.318252399381
640,5106.36176022703
40873,6680.242926911614
40017,6680.242926911614
39161,8109.813154509187
38305,7693.351710793639
37449,7481.2203969562315
36593,7462.9060086025465
35737,7462.9060086025465
34881,6631.300136512492
34025,6631.300136512492
33169,6328.556857229773
32313,6258.657214621665
31457,6231.628912922486
30601,6231.628912922486
29745,6444.549802251065
28889,6578.700880025858
28033,6578.700880025858
27177,7890.743126166612
26321,7525.402680188042
25465,7349.189344340649
24609,7350.440334973969
23753,7350.440334973969
22897,6564.99019219282
22041,6564.99019219282
21185,6222.326904736668
20329,6214.506744944482
19473,6240.259991519455
18617,6268.936209624282
17761,6453.180880848034
16905,6587.394999878113
16049,6587.394999878113
15193,8573.059925465124
14337,7639.671076464476
13481,7454.568064326248
12625,7473.621289623049
11769,7473.621289623049
10913,6629.047853868171
10057,6629.047853868171
9201,6404.527150635237
8345,6320.260136551262
7489,6322.230820238482
6633,6322.230820238482
5777,6444.282665083074
4921,6583.988787380163
4065,6583.988787380163
3209,7898.066644027857
2353,7545.285045598009
1497,7369.071709750616
641,7342.03563436198
40874,6630.658875164914
40018,6630.658875164914
39162,8144.052258700783
38306,7640.407178849141
37450,7409.7228926495
36594,7404.198166119179
35738,7404.198166119179
34882,6560.953706822935
34026,6560.953706822935
33170,6286.3742059180795
32314,6229.656076934751
31458,6202.627775235573
30602,6202.627775235573
29746,6407.904249436659
28890,6508.354450336302
28034,6508.354450336302
27178,7924.982230358207
26322,7472.458148243544
25466,7277.691840033917
24610,7291.7324924906015
23754,7291.7324924906015
22898,6506.834548717495
22042,6506.834548717495
21186,6180.144253424975
20330,6189.122569338205
19474,6214.875815913178
18618,6243.552034018005
17762,6420.152290114263
16906,6529.239356402787
16050,6529.239356402787
15194,8471.292905899581
14338,7586.726544519978
13482,7383.070560019516
12626,7414.913447139682
11770,7414.913447139682
10914,6574.298422890796
10058,6574.298422890796
9202,6345.403194748993
8346,6277.934656370432
7490,6279.905340057653
6634,6279.905340057653
5778,6407.637112268668
4922,6529.239356402787
4066,6529.239356402787
3210,7932.305748219453
2354,7492.340513653511
1498,7297.574205443884
642,7283.3277918786125
40875,5040.667350318521
40019,5040.667350318521
39163,6029.329753137108
38307,5692.2519171074755
37451,5454.470483170165
36595,5474.392787941399
35739,5474.392787941399
34883,4970.962181976542
34027,4970.962181976542
33171,4652.567707966182
32315,4570.401960713588
31459,4507.371497010462
30603,4507.371497010462
29747,4719.524221381806
28891,4908.743536211471
28035,4908.743536211471
27179,5812.995671760628
26323,5500.4938717424775
25467,5298.630415795181
24611,5309.831033531464
23755,5309.831033531464
22899,4907.223634592665
22043,4907.223634592665
21187,4509.722023972342
20331,4506.057077327326
19475,4531.8103239022985
18619,4576.563134229345
17763,4743.963048273642
16907,4929.628442277957
16051,4929.628442277957
15195,6308.906031134001
14339,5624.381657297348
13483,5413.628525059216
12627,5470.918443480937
11771,5470.918443480937
10915,4984.306898044402
10059,4984.306898044402
9203,4728.538001371646
8347,4645.241234002257
7491,4647.211917689478
6635,4647.211917689478
5779,4740.346086193006
4923,4929.628442277957
4067,4929.628442277957
3211,5834.5088151028385
2355,5534.565862633409
1499,5332.702406686112
643,5343.903024422395
40876,5695.695637789592
40020,5695.695637789592
39164,6400.981354733588
38308,6156.258909895903
37452,5984.7766974056285
36596,5972.25523988517
35740,5972.25523988517
34884,5643.862699085354
34028,5643.862699085354
33172,5392.412116680609
32316,5323.101994250465
31460,5296.0736925512865
30604,5296.0736925512865
29748,5448.066643717336
28892,5601.364123573299
28036,5601.364123573299
27180,6217.654543359296
26324,5998.410560264886
25468,5862.846325764625
24612,5869.890247231172
23756,5869.890247231172
22900,5587.653435740262
22044,5587.653435740262
21188,5296.2828451620835
20332,5282.568486653919
19476,5308.321733228891
18620,5336.997951333718
17764,5460.314684394941
16908,5610.058243425554
16052,5610.058243425554
15196,6646.211417780375
14340,6102.578275566741
13484,5958.124364775645
12628,5982.970520905673
11772,5982.970520905673
10916,5641.610416441033
10060,5641.610416441033
9204,5451.4411055115215
8348,5361.279892711567
7492,5363.250576398787
6636,5363.250576398787
5780,5447.799506549345
4924,5606.652030927604
4068,5606.652030927604
3212,6224.978061220542
2356,6018.292925674853
1500,5882.728691174592
644,5861.485546619183
40877,4878.0521935024735
40021,4878.0521935024735
39165,5655.11508472507
38309,5438.903883411974
37453,5235.253749329755
36597,5254.018944192355
35741,5254.018944192355
34885,4829.109403103352
34029,4829.109403103352
33173,4598.232807589681
32317,4516.175974175908
31461,4489.147672476729
30605,4489.147672476729
29749,4635.124242574449
28893,4776.510146616718
28037,4776.510146616718
27181,5475.213022121502
26325,5270.954852806377
25469,5103.222696714172
24613,5141.553270563777
23757,5141.553270563777
22901,4762.79945878368
22045,4762.79945878368
21189,4492.002855096576
20333,4475.642466579361
19477,4501.395713154334
18621,4530.071931259161
17765,4647.372283252054
16909,4785.2042664689725
16053,4785.2042664689725
15197,5922.678518540591
14341,5385.223249082811
13485,5208.601416699771
12629,5250.544599731893
11773,5250.544599731893
10917,4826.857120459031
10061,4826.857120459031
9205,4674.203100995145
8349,4581.395858186141
7493,4583.366541873361
6637,4583.366541873361
5781,4634.857105406459
4925,4781.7980539710225
4069,4781.7980539710225
3213,5482.536539982748
2357,5290.837218216344
1501,5123.105062124139
645,5133.148569951788
40878,6113.4359406661915
40022,6113.4359406661915
39166,7081.676696816301
38310,6822.2344681267605
37454,6627.398798905038
36598,6646.163993767638
35742,6646.163993767638
34886,6043.730772324212
34030,6043.730772324212
33174,5782.8120676151775
32318,5700.755234201404
31462,5673.726932502225
30606,5673.726932502225
29750,5865.342610507491
28894,5991.131515837578
28038,5991.131515837578
27182,6892.792990362335
26326,6654.285437521164
25470,6495.367746289456
24614,6533.69832013906
23758,6533.69832013906
22902,5989.611614218772
22046,5989.611614218772
21190,5676.5821151220725
20334,5660.221726604857
19478,5685.97497317983
18622,5714.651191284657
17766,5877.590651185096
16910,6012.016421904064
16054,6012.016421904064
15198,7370.321182031186
14342,6768.553833797598
13486,6600.746466275054
12630,6656.879274788141
11774,6656.879274788141
10918,6057.075488392073
10062,6057.075488392073
9206,5869.70211102072
8350,5773.709901779132
7494,5775.680585466353
6638,5775.680585466353
5782,5873.97368910446
4926,6012.016421904064
4070,6012.016421904064
3214,6914.306133704546
2358,6674.167802931131
1502,6515.250111699423
646,6525.293619527071
40879,5086.739059404261
40023,5086.739059404261
39167,6343.966424786936
38311,5929.012733977279
37455,5689.513982917141
36599,5683.989256386821
35743,5683.989256386821
34887,5021.542507586453
34031,5021.542507586453
33175,4800.762527438815
32319,4723.5995890799795
31463,4660.569125376854
30607,4660.569125376854
29751,4835.11965169515
28895,4968.9432510998195
28039,4968.9432510998195
27183,6137.251732688893
26327,5746.874077890718
25471,5543.293304820594
24615,5529.046891255322
23759,5529.046891255322
22903,4967.423349481013
22047,4967.423349481013
21191,4667.536232723412
20335,4659.254705693717
19479,4685.00795226869
18623,4729.760762595737
17767,4859.558478586987
16911,4989.828157166306
16055,4989.828157166306
15199,6773.272574774832
14343,5861.142474167152
13487,5648.672024806193
12631,5680.514911926359
11775,5680.514911926359
10919,5034.887223654314
10063,5034.887223654314
9207,4876.732820844279
8351,4788.819473090212
7495,4790.7901567774325
6639,4790.7901567774325
5783,4855.941516506351
4927,4989.828157166306
4071,4989.828157166306
3215,6158.764876031103
2359,5780.946068781649
1503,5577.3652957115255
647,5563.118882146254
40880,6867.350469385557
40024,6867.350469385557
39168,8284.11662939541
38312,7922.916913350011
37456,7710.785599512604
36600,7692.471211158919
35744,7692.471211158919
34888,6797.645301043577
34032,6797.645301043577
33176,6523.581797860901
32320,6490.545244325248
31464,6427.514780622122
30608,6427.514780622122
29752,6655.348829975456
28896,6749.977823899914
28040,6749.977823899914
27184,8073.352072789937
26328,7745.7100366064205
25472,7569.496700759028
24616,7542.460625370391
23760,7542.460625370391
22904,6748.457922281108
22048,6748.457922281108
21192,6395.287282488469
20336,6426.200360938986
19480,6451.953607513959
18624,6496.7064178410055
17768,6679.787656867293
16912,6770.8627299664
16056,6770.8627299664
15200,8949.299096623674
14344,7855.046653539884
13488,7669.943641401655
12632,7688.996866698457
11776,7688.996866698457
10920,6810.990017111438
10064,6810.990017111438
9208,6599.552091266365
8352,6550.83334899251
7496,6552.80403267973
6640,6552.80403267973
5784,6676.170694786657
4928,6770.8627299664
4072,6770.8627299664
3216,8094.865216132147
2360,7779.782027497352
1504,7603.568691649959
648,7576.532616261323
40881,6580.687848719697
40025,6580.687848719697
39169,7760.267578898718
38313,7362.7525762589985
37457,7159.435727282089
36601,7141.121338928404
35745,7141.121338928404
34889,6510.982680377718
34033,6510.982680377718
33177,6289.6867025079
32321,6243.009006042525
31465,6163.037237764846
30609,6163.037237764846
29753,6346.884653530203
28897,6463.315203234054
28041,6463.315203234054
27185,7540.921348268546
26329,7185.545699515408
25473,7018.146828528513
24617,6991.110753139877
23761,6991.110753139877
22905,6461.795301615249
22049,6461.795301615249
21193,6144.4508825609155
20337,6161.722818081711
19481,6187.476064656684
18625,6232.228874983731
17769,6371.32348042204
16913,6484.200109300541
16057,6484.200109300541
15201,8375.369159641463
14345,7294.882316448871
13489,7118.593769171141
12633,7137.646994467942
11777,7137.646994467942
10921,6524.3273964455775
10065,6524.3273964455775
9209,6348.715691338812
8353,6286.355806135235
7497,6288.326489822454
6641,6288.326489822454
5785,6367.706518341404
4929,6484.200109300541
4073,6484.200109300541
3217,7562.434491610757
2361,7219.6176904063395
1505,7052.218819419444
649,7025.182744030808
40882,4516.378236256298
40026,4516.378236256298
39170,5704.37706182816
38314,5378.17924304852
37458,5132.6177013538845
36602,5152.540006125118
35746,5152.540006125118
34890,4446.673067914318
34034,4446.673067914318
33178,4292.747353302972
32322,4208.707405007512
31466,4135.182591068845
30610,4135.182591068845
29754,4291.141109474337
28898,4401.219771798727
28042,4401.219771798727
27186,5504.808330101159
26330,5203.186547333002
25474,4993.54298362838
24618,5004.743601364663
23762,5004.743601364663
22906,4399.699870179921
22050,4399.699870179921
21194,4149.725714384061
20338,4133.868171385709
19482,4159.621417960681
18626,4204.374228287728
17770,4315.579936366174
16914,4422.1046778652135
16058,4422.1046778652135
15202,6130.140741061765
14346,5310.308983238393
13490,5091.775743242936
12634,5149.065661664657
11778,5149.065661664657
10922,4460.017783982179
10066,4460.017783982179
9210,4351.776342133885
8354,4256.286978411161
7498,4258.257662098381
6642,4258.257662098381
5786,4311.962974285538
4930,4422.1046778652135
4074,4422.1046778652135
3218,5526.3214734433695
2362,5237.258538223933
1506,5027.6149745193115
650,5038.815592255594
40883,4879.941075925546
40027,4879.941075925546
39171,6210.560737864681
38315,5772.48794547734
37459,5541.803659277699
36603,5536.278932747378
35747,5536.278932747378
34891,4810.235907583567
34035,4810.235907583567
33179,4661.431757373894
32323,4584.2688190150575
31467,4557.2405173158795
30611,4557.2405173158795
29755,4690.780612543137
28899,4757.636651096934
28043,4757.636651096934
27187,6018.035671247602
26331,5604.538914871743
25475,5409.772606662116
24619,5423.8132591188005
23763,5423.8132591188005
22907,4756.116749478127
22051,4756.116749478127
21195,4555.201804880788
20339,4543.735311418512
19483,4569.488557993484
18627,4598.164776098311
17771,4703.028653220742
16915,4778.521557163419
16059,4778.521557163419
15203,6846.744762024221
14347,5718.807311148177
13491,5515.151326647715
12635,5546.994213767881
11779,5546.994213767881
10923,4823.580623651428
10067,4823.580623651428
9211,4748.321800779435
8355,4657.223486592787
7499,4659.194170280006
6643,4659.194170280006
5787,4699.411691140106
4931,4778.521557163419
4075,4778.521557163419
3219,6025.359189108848
2363,5624.42128028171
1507,5429.654972072083
651,5415.4085585068115
40884,5408.990203592952
40028,5408.990203592952
39172,6197.557332484962
38316,5874.414174380007
37460,5702.9319618897325
36604,5690.410504369274
35748,5690.410504369274
34892,5360.04741319383
34036,5360.04741319383
33180,5108.596830789085
32324,5031.855583792022
31468,5004.827282092843
30612,5004.827282092843
29756,5163.267187597903
28900,5314.594117078239
28044,5314.594117078239
27188,6011.275800507134
26332,5713.611104145453
25476,5578.046869645193
24620,5585.090791111739
23764,5585.090791111739
22908,5300.883429245201
22052,5300.883429245201
21196,5009.512838667023
20340,4991.322076195475
19484,5017.075322770448
18628,5045.751540875275
17772,5175.515228275508
16916,5323.288236930493
16060,5323.288236930493
15204,6465.43132265042
14348,5820.733540050845
13492,5676.279629259749
12636,5686.936159908812
11780,5686.936159908812
10924,5357.795130549509
10068,5357.795130549509
9212,5167.625819619998
8356,5079.435157195671
7500,5081.405840882891
6644,5081.405840882891
5788,5163.000050429912
4932,5319.882024432543
4076,5319.882024432543
3220,6018.5993183683795
2364,5733.49346955542
1508,5597.92923505516
652,5576.68609049975
40885,6099.928218098798
40029,6099.928218098798
39173,7533.022668242084
38317,7163.593822086001
37461,6909.217815530868
36605,6929.140120302102
35749,6929.140120302102
34893,6030.223049756819
34037,6030.223049756819
33181,5779.256384191037
32325,5694.517429863544
31469,5631.486966160418
30613,5631.486966160418
29757,5836.224177896858
28901,5977.623793270185
28045,5977.623793270185
27189,7317.326332293644
26333,6981.4551659994395
25477,6762.997137434321
24621,6774.197755170604
23765,6774.197755170604
22909,5976.103891651379
22053,5976.103891651379
21197,5646.030089475634
20341,5630.172546477282
19485,5655.925793052254
18629,5700.678603379301
17773,5860.663004788695
16917,5998.508699336671
16061,5998.508699336671
15205,8212.866846559175
14349,7095.7235622758735
13493,6868.37585741992
12637,6925.66577584164
11781,6925.66577584164
10925,6043.56776582468
10069,6043.56776582468
9213,5855.226677596501
8357,5759.737313873777
7501,5761.707997560997
6645,5761.707997560997
5789,5857.046042708059
4933,5998.508699336671
4077,5998.508699336671
3221,7338.839475635854
2365,7015.527156890371
1509,6797.069128325253
653,6808.269746061535
40886,7185.918835859269
40030,7185.918835859269
39174,8134.773378554022
38318,7742.271918794609
37462,7496.710377099973
36606,7516.632681871207
35750,7516.632681871207
34894,7116.21366751729
34038,7116.21366751729
33182,6520.967233429906
32326,6430.225851904612
31470,6403.197550205433
30614,6403.197550205433
29758,6739.943325397263
28902,7053.995021752219
28046,7053.995021752219
27190,7923.647278808109
26334,7564.703498910575
25478,7355.0599352059535
24622,7394.547618964192
23766,7394.547618964192
22910,7052.475120133413
22054,7052.475120133413
21198,6405.117891658364
20342,6386.075382227429
19486,6411.828628802402
18630,6440.504846907229
17774,6748.574403994232
16918,7074.879927818705
16062,7074.879927818705
15206,8458.946002225095
14350,7688.591284465446
13494,7470.058044469989
12638,7527.347962891709
11782,7527.347962891709
10926,7129.55838358515
10070,7129.55838358515
9214,6607.857276835448
8358,6509.182946680141
7502,6511.153630367361
6646,6511.153630367361
5790,6748.574403994232
4934,7074.879927818705
4078,7074.879927818705
3222,7945.160422150319
2366,7584.585864320542
1510,7374.94230061592
654,7386.142918352203
40887,4885.58814277297
40031,4885.58814277297
39175,6147.338111446092
38319,5755.457034239764
37463,5515.958283179626
36607,5510.4335566493055
35751,5510.4335566493055
34895,4836.645352373848
34039,4836.645352373848
33183,4585.812353841897
32327,4509.348421515094
31471,4482.320119815915
30615,4482.320119815915
29759,4662.860460120598
28903,4791.192056258257
28047,4791.192056258257
27191,5961.959005200056
26335,5594.65396400521
25479,5391.073190935086
24623,5405.11384339177
23767,5405.11384339177
22911,4777.481368425219
22055,4777.481368425219
21199,4486.7283617198345
20343,4468.814913918547
19487,4494.56816049352
18631,4523.244378598347
17775,4675.108500798203
16919,4799.886176110512
16063,4799.886176110512
15207,6831.6244061052785
14351,5701.776399910601
13495,5489.305950549642
12639,5521.148837669808
11783,5521.148837669808
10927,4834.393069729527
10071,4834.393069729527
9215,4661.782647247361
8359,4573.869299493294
7503,4575.8399831805145
6647,4575.8399831805145
5791,4662.593322952607
4935,4796.479963612562
4079,4796.479963612562
3223,5969.282523061302
2367,5614.536329415177
1511,5410.955556345053
655,5396.709142779781
40888,5512.996773414409
40032,5512.996773414409
39176,6362.080619279124
38320,6036.966910798542
37464,5856.67023344777
36608,5844.148775927312
35752,5844.148775927312
34896,5443.29160507243
34040,5443.29160507243
33184,5214.35121207512
32328,5139.872188013368
31472,5112.843886314189
30616,5112.843886314189
29760,5272.48125260773
28904,5395.624127928767
28048,5395.624127928767
27192,6173.584906273224
26336,5873.949659535916
25480,5729.570960175159
24624,5736.614881641705
23768,5736.614881641705
22912,5394.104226309961
22056,5394.104226309961
21200,5113.053038924986
20344,5099.338680416821
19488,5125.091926991794
18632,5153.768145096621
17776,5284.729293285335
16920,5416.509033995253
16064,5416.509033995253
15208,6631.549580445801
14352,5983.286276469379
13496,5830.0179008177865
12640,5854.864056947815
11784,5854.864056947815
10928,5456.63632114029
10072,5456.63632114029
9216,5301.241255480662
8360,5207.895076248125
7504,5209.8657599353455
6648,5209.8657599353455
5792,5281.112331204699
4936,5416.509033995253
4080,5416.509033995253
3224,6180.90842413447
2368,5893.832024945883
1512,5749.453325585126
656,5728.210181029716
40889,5529.211127018006
40033,5529.211127018006
39177,6768.7529994111255
38321,6337.7321864115265
37465,6098.233435351389
36609,6092.708708821068
35753,6092.708708821068
34897,5459.505958676026
34041,5459.505958676026
33185,5225.643201140527
32329,5155.743558532418
31473,5128.715256833239
30617,5128.715256833239
29761,5288.352623126781
28905,5406.9067021893925
28049,5406.9067021893925
27193,6558.664614918947
26337,6169.78315580593
25481,5966.202382735806
24625,5980.24303519249
23769,5980.24303519249
22913,5405.386800570586
22057,5405.386800570586
21201,5119.413248647422
20345,5111.593088855236
19489,5137.3463354302085
18633,5166.0225535350355
17777,5296.98370172375
16921,5427.791608255879
16065,5427.791608255879
15209,7185.685098336174
14353,6284.051552082364
13497,6071.581102721405
12641,6103.423989841571
11785,6103.423989841571
10929,5472.850674743887
10073,5472.850674743887
9217,5312.533244546069
8361,5225.081264029511
7505,5227.051947716731
6649,5227.051947716731
5793,5296.98370172375
4937,5427.791608255879
4081,5427.791608255879
3225,6565.988132780193
2369,6189.665521215897
1513,5986.084748145773
657,5971.838334580501
40890,5138.018893048716
40034,5138.018893048716
39178,6022.190492797492
38322,5721.6482016749405
37466,5530.578659719259
36610,5530.846864022165
35754,5530.846864022165
34898,5072.822341230908
34042,5072.822341230908
33186,4843.881948233598
32330,4766.441695204503
31474,4739.413393505324
30618,4739.413393505324
29762,4899.050759798865
28906,5020.223084744274
28050,5020.223084744274
27194,5828.763000448621
26338,5553.699171069344
25482,5398.5476071036765
24626,5418.3811903935875
23770,5418.3811903935875
22914,5018.703183125468
22058,5018.703183125468
21202,4737.6519957404935
20346,4725.908187607956
19490,4751.661434182929
18634,4772.602868720261
17778,4902.40058471151
16922,5041.10799081076
16066,5041.10799081076
15210,6271.039230055458
14354,5653.777941864813
13498,5489.736701608311
12642,5527.3725195617035
11786,5527.3725195617035
10930,5086.167057298769
10074,5086.167057298769
9218,4919.852241639062
8362,4831.661579214736
7506,4833.632262901956
6650,4833.632262901956
5794,4898.783622630875
4938,5041.10799081076
4082,5041.10799081076
3226,5836.086518309867
2370,5573.581536479311
1514,5418.429972513643
658,5409.9764897815985
40891,5616.110162094352
40035,5616.110162094352
39179,6457.829964769654
38323,6170.966509431858
37467,5943.957940099457
36611,5951.090583047327
35755,5951.090583047327
34899,5567.16737169523
34043,5567.16737169523
33187,5137.438876730229
32331,5048.396119541009
31475,5021.36781784183
30619,5021.36781784183
29763,5320.791358769889
28907,5512.094686301202
28051,5512.094686301202
27195,6262.831469245181
26339,6000.544049918867
25483,5809.45345857648
24627,5836.151480511355
23771,5836.151480511355
22915,5498.3839984681645
22059,5498.3839984681645
21203,5028.73549532973
20347,5007.8626119444625
19491,5033.615858519435
18635,5062.292076624262
17779,5333.039399447493
16923,5520.788806153457
16067,5520.788806153457
15211,6820.211124571155
14355,6117.285875102695
13499,5917.305607469473
12643,5961.805864067829
11787,5961.805864067829
10931,5564.915089050909
10075,5564.915089050909
9219,5213.409170135693
8363,5122.536386797647
7507,5124.507070484867
6651,5124.507070484867
5795,5320.524221601898
4939,5517.382593655507
4083,5517.382593655507
3227,6270.154987106427
2371,6020.426415328834
1515,5829.335823986447
659,5827.746779899366
40892,5942.917455164682
40036,5942.917455164682
39180,6777.214046058202
38324,6432.560194059912
37468,6178.184187504779
36612,6198.106492276013
35756,6198.106492276013
34900,5873.2122868227025
34044,5873.2122868227025
33188,5402.8116994146585
32332,5313.069936193407
31476,5286.041634494228
30620,5286.041634494228
29764,5569.343958056126
28908,5810.993641057632
28052,5810.993641057632
27196,6575.069590162687
26340,6254.991774175878
25484,6036.53374561076
24628,6076.021429368999
23772,6076.021429368999
22916,5809.473739438826
22060,5809.473739438826
21204,5286.962357643117
20348,5272.53642859686
19492,5298.289675171833
18636,5326.96589327666
17780,5581.591998733731
16924,5831.878547124118
16068,5831.878547124118
15212,7411.725771569777
14356,6378.879559730749
13500,6151.5318548747955
12644,6208.821773296516
11788,6208.821773296516
10932,5886.557002890563
10076,5886.557002890563
9220,5489.701742820201
8364,5395.643993049572
7508,5397.614676736792
6652,5397.614676736792
5796,5577.975036653095
4940,5831.878547124118
4084,5831.878547124118
3228,6596.582733504897
2372,6274.874139585845
1516,6056.416111020727
660,6067.61672875701
40893,5909.926622120581
40037,5876.594117390366
39181,6675.729056037281
38325,6431.006611199597
37469,6250.709933848825
36613,6238.188476328367
35757,6238.188476328367
34901,5837.3313054734845
34045,5803.998800743269
33189,5598.716649449026
32333,5530.105533050914
31477,5503.0772313517355
30621,5503.0772313517355
29765,5678.835815011436
28909,5768.646185602258
28053,5768.646185602258
27197,6499.548205034032
26341,6280.304221939622
25485,6135.925522578865
24629,6142.969444045411
23773,6142.969444045411
22917,5800.458788713667
22061,5767.126283983452
21205,5509.733338301543
20349,5489.572025454368
19493,5515.32527202934
18637,5544.001490134167
17781,5691.083855689041
16925,5822.863596398959
16069,5789.531091668744
15213,6931.781933760864
14357,6377.325976870434
13501,6224.057601218841
12645,6248.9037573488695
11789,6248.9037573488695
10933,5850.676021541345
10077,5817.34351681113
9221,5685.606692854568
8365,5585.81355928302
7509,5587.7842429702405
6653,5587.7842429702405
5797,5687.466893608405
4941,5822.863596398959
4085,5789.531091668744
3229,6521.061348376243
2373,6300.186587349589
1517,6155.807887988832
661,6134.564743433422
40894,5324.165665140691
40038,5324.165665140691
39182,6020.671948184363
38326,5777.920053722306
37470,5606.437841232031
36614,5593.916383711573
35758,5593.916383711573
34902,5258.9691133228835
34046,5258.9691133228835
33190,5037.673135453066
32334,4960.9318884560025
31478,4933.903586756824
30622,4933.903586756824
29766,5092.3434922618835
28910,5213.5158172072925
28054,5213.5158172072925
27198,5834.390416206535
26342,5617.116983487752
25486,5481.552748987491
24630,5488.596670454038
23774,5488.596670454038
22918,5211.995915588486
22062,5211.995915588486
21206,4938.5891433310035
20350,4920.398380859456
19494,4946.1516274344285
18638,4956.598711736219
17782,5095.693317174529
16926,5234.400723273779
16070,5234.400723273779
15214,6277.3657951106725
14358,5710.049793912179
13502,5565.595883121083
12646,5590.442039251111
11790,5590.442039251111
10934,5272.313829390744
10078,5272.313829390744
9222,5096.702124283978
8366,5008.511461859652
7510,5010.482145546872
6654,5010.482145546872
5798,5092.076355093893
4942,5234.400723273779
4086,5234.400723273779
3230,5841.71393406778
2374,5636.999348897719
1518,5501.435114397458
662,5480.191969842049
40895,4703.629539266183
40039,4703.629539266183
39183,5795.1679194974895
38327,5476.546116686508
37471,5230.984574991872
36615,5250.906879763106
35759,5250.906879763106
34903,4633.924370924204
34047,4633.924370924204
33191,4432.845454014078
32335,4356.381521687275
31479,4329.3532199880965
30623,4329.3532199880965
29767,4483.138840717065
28911,4588.471074808613
28055,4588.471074808613
27199,5609.788813251454
26343,5315.743046451954
25487,5106.099482747332
24631,5145.587166505571
23775,5145.587166505571
22919,4586.9511731898065
22063,4586.9511731898065
21207,4333.761461892016
20351,4315.848014090729
19495,4341.601260665701
18639,4370.277478770528
17783,4495.38688139467
16927,4609.355980875099
16071,4609.355980875099
15215,6109.428722144548
14359,5422.865482357345
13503,5204.332242361888
12647,5261.622160783609
11791,5261.622160783609
10935,4647.269086992064
10079,4647.269086992064
9223,4491.874442844991
8367,4403.961095090925
7511,4405.931778778145
6655,4405.931778778145
5799,4482.8717035490745
4943,4609.355980875099
4087,4609.355980875099
3231,5617.112331112699
2375,5335.625411861921
1519,5125.981848157299
663,5137.182465893582
40896,5540.383346252459
40040,5540.383346252459
39184,6748.81469881805
38328,6292.285873212058
37472,6061.6015870124165
36616,6056.076860482096
35760,6056.076860482096
34904,5475.186794434651
34048,5475.186794434651
33192,5262.051229414505
32336,5189.504871440348
31480,5162.4765697411685
30624,5162.4765697411685
29768,5314.469520907219
28912,5422.5875379480185
28056,5422.5875379480185
27200,6556.289632200971
26344,6124.336842606461
25488,5929.570534396834
24632,5943.611186853518
23776,5943.611186853518
22920,5421.067636329211
22064,5421.067636329211
21208,5155.821276921401
20352,5148.971363843801
19496,5174.724610418773
18640,5203.4008285236005
17784,5326.717561584824
16928,5443.472444014504
16072,5443.472444014504
15216,7373.889815892156
14360,6224.41561340193
13504,6020.759628901468
12648,6052.602516021634
11792,6052.602516021634
10936,5488.531510502513
10080,5488.531510502513
9224,5321.080218245418
8368,5237.78345087603
7512,5239.754134563249
6656,5239.754134563249
5800,5314.202383739228
4944,5443.472444014504
4088,5443.472444014504
3232,6563.613150062217
2376,6144.219208016428
1520,5949.452899806801
664,5935.206486241529
40897,5388.104997139724
40041,5388.104997139724
39185,6085.436965547961
38329,5840.714520710277
37473,5669.232308220002
36617,5656.710850699544
35761,5656.710850699544
34905,5322.908445321917
34049,5322.908445321917
33193,5087.054861629354
32337,5012.575837567601
31481,4985.5475358684225
30625,4985.5475358684225
29769,5137.540487034472
28913,5275.240968178254
28057,5275.240968178254
27201,5896.941252542061
26345,5677.697269447651
25489,5542.13303494739
24633,5549.176956413937
23777,5549.176956413937
22921,5273.7210665594475
22065,5273.7210665594475
21209,4985.7566884792195
20353,4972.042329971055
19497,4997.795576546027
18641,5026.4717946508545
17785,5149.788527712077
16929,5296.12587424474
16073,5296.12587424474
15217,6334.707614122111
14361,5772.8442609001495
13505,5628.3903501090535
12649,5653.236506239082
11793,5653.236506239082
10937,5336.253161389777
10081,5336.253161389777
9225,5146.083850460266
8369,5055.922637660312
7513,5057.893321347532
6657,5057.893321347532
5801,5137.273349866481
4945,5296.12587424474
4089,5296.12587424474
3233,5904.264770403307
2377,5697.579634857618
1521,5562.015400357357
665,5540.772255801948
40898,5268.889392522627
40042,5268.889392522627
39186,6544.62907995255
38330,6132.064300171602
37474,5892.565549111464
36618,5887.040822581143
35762,5887.040822581143
34906,5203.692840704819
34050,5203.692840704819
33194,4965.048326524337
32338,4890.532103531551
31482,4863.503801832372
30626,4863.503801832372
29770,5027.922924770895
28914,5151.093584218185
28058,5151.093584218185
27202,6334.540695460371
26346,5964.115269566005
25490,5760.534496495881
24634,5774.5751489525655
23778,5774.5751489525655
22922,5149.573682599379
22066,5149.573682599379
21210,4858.818374031232
20354,4846.381633854368
19498,4872.134880429341
18642,4900.811098534168
17786,5036.554003367864
16930,5171.978490284671
16074,5171.978490284671
15218,6961.561178877598
14362,6078.383665842439
13506,5865.91321648148
12650,5897.756103601646
11794,5897.756103601646
10938,5217.03755677268
10082,5217.03755677268
9226,5051.93836992988
8370,4959.869809028643
7514,4961.840492715864
6658,4961.840492715864
5802,5036.554003367864
4946,5171.978490284671
4090,5171.978490284671
3234,6341.864213321617
2378,5983.997634975972
1522,5780.416861905848
666,5766.1704483405765
40899,6288.126380261919
40043,6288.126380261919
39187,7496.97030713662
38331,7035.782779461197
37475,6853.527702366012
36619,6853.795906668918
35763,6853.795906668918
34907,6218.421211919939
34051,6218.421211919939
33195,5929.284105192339
32339,5851.843852163243
31483,5771.872083885566
30627,5771.872083885566
29771,6009.00302268596
28915,6165.821955433305
28059,6165.821955433305
27203,7280.371545456387
26347,6853.6441233746355
25491,6707.307024269465
24635,6698.85354153742
23779,6698.85354153742
22923,6164.302053814499
22067,6164.302053814499
21211,5779.116505902384
20355,5770.55766420243
19499,5796.310910777403
18643,5841.0637211044495
17787,6033.441849577796
16931,6186.706861499792
16075,6186.706861499792
15219,7794.910162775854
14363,6967.9125196510695
13507,6812.685744255064
12651,6850.321562208456
11795,6850.321562208456
10939,6231.7659279878
10083,6231.7659279878
9227,5988.313094023251
8371,5900.122431598925
7515,5902.093115286145
6659,5902.093115286145
5803,6029.8248874971605
4947,6186.706861499792
4091,6186.706861499792
3235,7301.884688798597
2379,6887.716114265567
1523,6741.379015160396
667,6732.925532428351
40900,6736.536465874762
40044,6736.536465874762
39188,8050.286629297103
38332,7732.876815726503
37476,7505.868246394101
36620,7513.000889341971
35764,7513.000889341971
34908,6687.59367547564
34052,6687.59367547564
33196,6407.369215001856
32340,6344.863289545652
31484,6317.834987846473
30628,6317.834987846473
29772,6521.319835753979
28916,6639.9261983319775
28060,6639.9261983319775
27204,7853.711698172598
26348,7569.859564463877
25492,7378.76897312149
24636,7405.466995056364
23780,7405.466995056364
22924,6626.21551049894
22068,6626.21551049894
21212,6306.071041851722
20356,6304.329781949105
19500,6330.083028524078
18644,6358.759246628905
17788,6533.5678764315835
16932,6648.620318184232
16076,6648.620318184232
15220,8505.518765301398
14364,7679.19618139734
13508,7479.215913764117
12652,7523.716170362473
11796,7523.716170362473
10940,6685.341392831319
10084,6685.341392831319
9228,6483.33950840732
8372,6405.151394212914
7516,6407.122077900134
6660,6407.122077900134
5804,6521.052698585988
4948,6645.214105686282
4092,6645.214105686282
3236,7861.035216033843
2380,7589.741929873844
1524,7398.6513385314565
668,7397.062294444375
40901,6319.678935088413
40045,6319.678935088413
39189,7329.342902613636
38333,7041.389430399508
37477,6869.907217909232
36621,6857.385760388774
35765,6857.385760388774
34909,6254.482383270605
34053,6254.482383270605
33197,5965.345276543005
32341,5890.866252481253
31485,5863.837950782074
30629,5863.837950782074
29773,6069.1144249831605
28917,6206.814906126942
28061,6206.814906126942
27205,7131.865545757339
26349,6878.372179136882
25493,6742.80794463662
24637,6749.851866103167
23781,6749.851866103167
22925,6205.295004508136
22069,6205.295004508136
21213,5864.047103392871
20357,5850.332744884706
19501,5876.085991459679
18645,5904.762209564506
17789,6081.362465660765
16933,6227.699812193428
16077,6227.699812193428
15221,7623.345636310647
14365,6973.51917058938
13509,6829.0652597982835
12653,6853.911415928312
11797,6853.911415928312
10941,6267.827099338466
10085,6267.827099338466
9229,6024.374265373917
8373,5934.213052573963
7517,5936.183736261183
6661,5936.183736261183
5805,6068.84728781517
4949,6227.699812193428
4093,6227.699812193428
3237,7139.189063618584
2381,6898.254544546849
1525,6762.690310046587
669,6741.447165491178
40902,6911.205175567853
40046,6911.205175567853
39190,7998.4570757147685
38334,7636.604245527343
37478,7407.637276450529
36622,7427.5595812217625
35766,7427.5595812217625
34910,6862.262385168731
34054,6862.262385168731
33198,6457.789993589383
32342,6371.007665952111
31486,6343.979364252932
30630,6343.979364252932
29774,6581.001584033631
28918,6800.043739403661
28062,6800.043739403661
27206,7787.3309759688555
26350,7459.035825643309
25494,7265.986834556509
24638,7305.474518314748
23782,7305.474518314748
22926,6786.333051570623
22070,6786.333051570623
21214,6341.940651817841
20358,6330.474158355564
19502,6356.227404930537
18646,6384.903623035364
17790,6593.249624711236
16934,6808.737859255915
16078,6808.737859255915
15222,8634.4961758586
14366,7582.92361119818
13510,7380.984943820545
12654,7438.274862242265
11798,7438.274862242265
10942,6860.01010252441
10086,6860.01010252441
9230,6516.8189824202955
8374,6428.905634666229
7518,6430.876318353449
6662,6430.876318353449
5806,6580.73444686564
4950,6805.331646757965
4094,6805.331646757965
3238,7794.654493830101
2382,7478.918191053276
1526,7285.869199966476
670,7297.069817702759
40903,6628.709288205802
40047,6628.709288205802
39191,7719.421282080428
38335,7351.0765462234
37479,7179.594333733125
36623,7167.072876212666
35767,7167.072876212666
34911,6579.7664978066805
34055,6579.7664978066805
33199,6275.0323923668975
32343,6200.553368305145
31487,6173.5250666059665
30631,6173.5250666059665
29775,6378.801540807054
28919,6532.099020663018
28063,6532.099020663018
27207,7521.94392522413
26351,7188.059294960774
25495,7052.495060460513
24639,7059.5389819270595
23783,7059.5389819270595
22927,6518.38833282998
22071,6518.38833282998
21215,6173.734219216763
20359,6160.019860708599
19503,6185.773107283571
18647,6214.449325388398
17791,6391.049581484659
16935,6540.793140515272
16079,6540.793140515272
15223,8010.586509308541
14367,7297.3959118942375
13511,7152.942001103141
12655,7177.788157233169
11799,7177.788157233169
10943,6577.5142151623595
10087,6577.5142151623595
9231,6334.06138119781
8375,6243.900168397856
7519,6245.870852085076
6663,6245.870852085076
5807,6378.534403639063
4951,6537.386928017322
4095,6537.386928017322
3239,7529.267443085376
2383,7207.941660370741
1527,7072.37742587048
671,7051.13428131507
40904,5943.060042713211
40048,5943.060042713211
39192,6782.901795670358
38336,6438.247943672068
37480,6192.686401977432
36624,6212.608706748666
35768,6212.608706748666
34912,5870.464726066115
34056,5870.464726066115
33200,5451.289958422805
32344,5366.717096833162
31488,5286.745328555485
30632,5286.745328555485
29776,5602.062045311584
28920,5813.414981932653
28064,5813.414981932653
27208,6571.736615925487
26352,6251.658799938678
25496,6042.015236234057
24640,6053.21585397034
23784,6053.21585397034
22928,5811.895080313847
22072,5811.895080313847
21216,5296.671871486023
20360,5285.4309088723485
19504,5311.184155447321
18648,5355.936965774368
17792,5626.500872203421
16936,5834.299887999139
16080,5834.299887999139
15224,7073.9713139639225
14368,6370.377683861941
13512,6151.844443866484
12656,6209.134362288204
11800,6209.134362288204
10944,5883.809442133976
10088,5883.809442133976
9232,5510.318947253718
8376,5419.446163915672
7520,5421.416847602892
6664,5421.416847602892
5808,5622.883910122785
4952,5834.299887999139
4096,5834.299887999139
3240,6593.249759267697
2384,6285.73079082961
1528,6076.087227124988
672,6087.287844861271
40905,5252.728733731096
40049,5252.728733731096
39193,6217.9483598292745
38337,5837.014805063825
37481,5645.945263108144
36625,5646.21346741105
35769,5646.21346741105
34913,5203.7859433319745
34057,5203.7859433319745
33201,4959.248551622483
32345,4881.808298593388
31489,4854.779996894209
30633,4854.779996894209
29777,5014.41736318775
28921,5151.186686845341
28065,5151.186686845341
27209,6024.5208674804035
26353,5669.065774458229
25497,5513.914210492561
24641,5533.747793782472
23785,5533.747793782472
22929,5137.475999012303
22073,5137.475999012303
21217,4853.018599129378
20361,4841.274790996841
19505,4867.028037571814
18649,4895.704255676641
17793,5026.665403865355
16937,5159.880806697595
16081,5159.880806697595
15225,6481.670403418833
14369,5783.334170734663
13513,5619.29293047816
12657,5642.739122950588
11801,5642.739122950588
10945,5201.5336606876535
10089,5201.5336606876535
9233,5035.218845027947
8377,4947.028182603621
7521,4948.998866290841
6665,4948.998866290841
5809,5014.150226019759
4953,5156.474594199645
4097,5156.474594199645
3241,6031.844385341649
2385,5688.9481398681955
1529,5533.796575902528
673,5525.343093170483
40906,6570.446934830403
40050,6570.446934830403
39194,7721.054612166872
38338,7398.53614542129
37482,7171.527576088888
36626,7178.660219036758
35770,7178.660219036758
34914,6500.741766488423
34058,6500.741766488423
33202,6129.063769443026
32346,6046.898022190432
31490,6019.869720491253
30634,6019.869720491253
29778,6270.392807872879
28922,6438.523120723353
28066,6438.523120723353
27210,7509.928512420959
26354,7220.967725537256
25498,7029.877134194869
24642,7056.575156129743
23786,7056.575156129743
22930,6437.003219104547
22074,6437.003219104547
21218,6013.214427671484
20362,6006.364514593885
19506,6032.117761168858
18650,6060.793979273685
17794,6282.6408485504835
16938,6459.408026789839
16082,6459.408026789839
15226,8078.017912053139
14370,7344.855511092127
13514,7144.875243458904
12658,7189.37550005726
11802,7189.37550005726
10946,6514.086482556284
10090,6514.086482556284
9234,6205.03406284849
8378,6121.737295479102
7522,6123.707979166322
6666,6123.707979166322
5810,6270.125670704888
4954,6459.408026789839
4098,6459.408026789839
3242,7517.252030282205
2386,7240.850090947223
1530,7049.759499604836
674,7048.170455517754
40907,5089.592738091722
40051,5089.592738091722
39195,5872.994487753056
38339,5547.880779272474
37483,5376.398566782199
36627,5363.877109261741
35771,5363.877109261741
34915,5019.887569749742
34059,5019.887569749742
33203,4784.033986057179
32347,4709.554961995427
31491,4682.526660296248
30635,4682.526660296248
29779,4834.519611462298
28923,4972.22009260608
28067,4972.22009260608
27211,5684.498774747156
26355,5384.863528009848
25499,5249.299293509587
24643,5256.343214976134
23787,5256.343214976134
22931,4970.700190987273
22075,4970.700190987273
21219,4682.735812907045
20363,4669.02145439888
19507,4694.774700973853
18651,4723.45091907868
17795,4846.767652139903
16939,4993.104998672566
16083,4993.104998672566
15227,6171.5185847870935
14371,5480.010519462347
13515,5335.556608671251
12659,5360.402764801279
11803,5360.402764801279
10947,5033.232285817603
10091,5033.232285817603
9235,4843.062974888092
8379,4752.901762088138
7523,4754.872445775358
6667,4754.872445775358
5811,4834.252474294307
4955,4993.104998672566
4099,4993.104998672566
3243,5691.822292608402
2387,5404.745893419815
1531,5269.181658919554
675,5247.938514364145
40908,6246.504276193813
40052,6246.504276193813
39196,7616.723609727585
38340,7231.79816593683
37484,6994.016731999519
36628,7013.939036770753
35772,7013.939036770753
34916,6176.7991078518335
34060,6176.7991078518335
33204,5912.171646090231
32348,5835.008707731396
31492,5807.980406032217
30636,5807.980406032217
29780,6011.465253939722
28924,6124.1998513652
28068,6124.1998513652
27212,7415.216899260109
26356,7063.849135331233
25500,6861.985679383936
24644,6901.473363142175
23788,6901.473363142175
22932,6122.6799497463935
22076,6122.6799497463935
21220,5805.941693597126
20364,5794.475200134849
19508,5820.228446709822
18652,5848.904664814649
17796,6023.713294617327
16940,6145.084757431686
16084,6145.084757431686
15228,8083.919640955254
14372,7178.117531607667
13516,6967.364399369535
12660,7024.654317791255
11804,7024.654317791255
10948,6190.143823919694
10092,6190.143823919694
9236,5999.061689495773
8380,5907.963375309124
7524,5909.934058996344
6668,5909.934058996344
5812,6020.096332536691
4956,6145.084757431686
4100,6145.084757431686
3244,7436.730042602319
2388,7083.7315007412
1532,6881.868044793903
676,6893.068662530186
40909,5568.58112036287
40053,5568.58112036287
39197,6351.982870024204
38341,6028.83971191925
37485,5857.357499428975
36629,5844.836041908517
35773,5844.836041908517
34917,5498.8759520208905
34061,5498.8759520208905
33205,5263.0223683283275
32349,5185.582115299232
31493,5158.553813600053
30637,5158.553813600053
29781,5310.546764766103
28925,5446.276695534257
28069,5446.276695534257
27213,6158.555377675333
26357,5860.890681313653
25501,5725.326446813392
24645,5732.370368279939
23789,5732.370368279939
22933,5444.7567939154505
22077,5444.7567939154505
21221,5156.7924158352225
20365,5145.048607702685
19509,5170.801854277658
18653,5199.478072382485
17797,5322.794805443707
16941,5467.161601600743
16085,5467.161601600743
15229,6610.379907352829
14373,5975.159077590087
13517,5830.705166798991
12661,5855.551322929019
11805,5855.551322929019
10949,5512.220668088751
10093,5512.220668088751
9237,5349.91241173387
8381,5258.53678287696
7525,5260.5074665641805
6669,5260.5074665641805
5813,5319.177843363072
4957,5467.161601600743
4101,5467.161601600743
3245,6165.878895536579
2389,5880.77304672362
1533,5745.208812223359
677,5723.96566766795
40910,4506.73084829127
40054,4506.73084829127
39198,5777.965147229304
38342,5451.767328449665
37486,5197.391321894533
36630,5217.313626665767
35774,5217.313626665767
34918,4437.025679949291
34062,4437.025679949291
33206,4290.013156033198
32350,4205.274201705705
31494,4142.243738002579
30638,4142.243738002579
29782,4288.905366961012
28926,4384.426423462657
28070,4384.426423462657
27214,5571.250455131261
26358,5269.628672363104
25502,5051.170643797986
24646,5062.371261534268
23790,5062.371261534268
22934,4382.906521843851
22078,4382.906521843851
21222,4156.786861317795
20366,4140.929318319443
19510,4166.682564894416
18654,4211.435375221463
17798,4313.344193852849
16942,4405.311329529143
16086,4405.311329529143
15230,6114.687459807624
14374,5383.897068639538
13518,5156.549363783584
12662,5213.839282205305
11806,5213.839282205305
10950,4450.3703960171515
10094,4450.3703960171515
9238,4365.983449438662
8382,4270.494085715938
7526,4272.464769403158
6670,4272.464769403158
5814,4309.727231772213
4958,4405.311329529143
4102,4405.311329529143
3246,5592.763598473472
2390,5303.700663254035
1534,5085.242634688917
678,5096.4432524252
40911,4597.741619905613
40055,4597.741619905613
39199,5240.810508959823
38343,5095.49424329018
37487,4891.844109207961
36631,4918.452635708145
35775,4918.452635708145
34919,4540.418811289701
34063,4540.418811289701
33207,4381.062725130738
32351,4309.322495119454
31495,4246.292031416328
30639,4246.292031416328
29783,4402.389701795834
28927,4500.899299831995
28071,4500.899299831995
27215,5073.617069040934
26359,4937.309115762311
25503,4769.576959670107
24647,4779.620467497755
23791,4779.620467497755
22935,4499.379398213189
22079,4499.379398213189
21223,4255.138564217693
20367,4241.066171673785
19511,4258.79633454795
18655,4303.549144874997
17799,4414.894004927456
16943,4513.761122197674
16087,4513.761122197674
15231,5483.557996733806
14375,5094.662518775987
13519,4918.0406863929475
12663,4974.173494906034
11807,4974.173494906034
10951,4613.839719183139
10095,4613.839719183139
9239,4511.331599135209
8383,4417.627385866929
7527,4419.598069554149
6671,4419.598069554149
5815,4471.465474975886
4959,4573.949554326739
4103,4573.949554326739
3247,5147.2955608114025
2391,5019.635015022093
1535,4851.902858929889
679,4861.946366757537
40912,5323.6958044800085
40056,5323.6958044800085
39200,6283.750051347511
38344,5902.8164965820615
37488,5711.74695462638
36632,5712.015158929286
35776,5712.015158929286
34920,5253.990636138029
34064,5253.990636138029
33208,5025.050243140719
32352,4947.609990111624
31496,4884.579526408498
30640,4884.579526408498
29784,5059.130052726795
28928,5201.391379651395
28072,5201.391379651395
27216,6076.132933517675
26360,5720.6778404955
25504,5565.526276529833
24648,5557.072793797788
23792,5557.072793797788
22936,5199.871478032589
22080,5199.871478032589
21224,4891.823948425316
20368,4883.265106725362
19512,4909.018353300335
18656,4953.771163627382
17800,5083.568879618631
16944,5222.276285717881
16088,5222.276285717881
15232,6532.598788605476
14376,5834.946236771934
13520,5670.904996515432
12664,5708.5408144688245
11808,5708.5408144688245
10952,5267.33535220589
10096,5267.33535220589
9240,5101.020536546183
8384,5012.829874121857
7528,5014.800557809077
6672,5014.800557809077
5816,5079.9519175379955
4960,5222.276285717881
4104,5222.276285717881
3248,6097.646076859885
2392,5754.749831386432
1536,5599.598267420764
680,5591.1447846887195
40913,6654.114703250655
40057,6654.114703250655
39201,7739.6613178946045
38345,7407.865157508739
37489,7236.382945018463
36633,7223.861487498005
35777,7223.861487498005
34921,6584.409534908676
34065,6584.409534908676
33209,6295.272428181075
32353,6257.341979590484
31497,6230.313677891305
30641,6230.313677891305
29785,6435.590152092392
28929,6536.742057765013
28073,6536.742057765013
27217,7542.183961038307
26361,7244.847906246113
25505,7109.283671745851
24649,7116.327593212398
23793,7116.327593212398
22937,6535.2221561462065
22081,6535.2221561462065
21225,6193.974255030941
20369,6216.808471993937
19513,6242.56171856891
18657,6271.237936673737
17801,6447.838192769997
16945,6557.626963831499
16089,6557.626963831499
15233,8014.514671653899
14377,7354.184523179576
13521,7209.730612388479
12665,7234.576768518507
11809,7234.576768518507
10953,6597.754250976536
10097,6597.754250976536
9241,6382.162471586617
8385,6325.364867825241
7529,6327.335551512461
6673,6327.335551512461
5817,6444.221230689361
4961,6557.626963831499
4105,6557.626963831499
3249,7563.697104380517
2393,7264.73027165608
1537,7129.166037155818
681,7107.922892600409
40914,4485.182042458447
40058,4485.182042458447
39202,5356.497952651995
38346,5140.286751338898
37490,4936.6366172566795
36634,4955.401812119279
35778,4955.401812119279
34922,4415.476874116467
34066,4415.476874116467
33210,4250.86789592963
32354,4168.811062515857
31498,4105.780598812731
30642,4105.780598812731
29786,4261.878269192237
28930,4362.877617629833
28074,4362.877617629833
27218,5162.406264567462
26362,4958.148095252337
25506,4790.415939160132
24650,4800.459446987781
23794,4800.459446987781
22938,4361.357716011027
22082,4361.357716011027
21226,4117.641601214227
20370,4104.466179129595
19514,4130.219425704568
18658,4174.972236031615
17802,4286.3170960840735
16946,4383.7625236963195
16090,4383.7625236963195
15234,5624.791759928446
14378,5072.416491528771
13522,4895.794659145731
12666,4951.9274676588175
11810,4951.9274676588175
10954,4428.821590184328
10098,4428.821590184328
9242,4326.838189335094
8386,4234.03094652609
7530,4236.00163021331
6674,4236.00163021331
5818,4282.700134003438
4962,4383.7625236963195
4106,4383.7625236963195
3250,5183.919407909672
2394,4992.220086143268
1538,4824.487930051064
682,4834.5314378787125
40915,5808.651392113269
40059,5808.651392113269
39203,6581.040322275667
38347,6255.9266137950835
37491,6084.44440130481
36635,6071.922943784351
35779,6071.922943784351
34923,5738.94622377129
34067,5738.94622377129
33211,5517.650245901471
32355,5443.171221839719
31499,5363.1994535620415
30643,5363.1994535620415
29787,5547.046869327399
28931,5691.278746627627
28075,5691.278746627627
27219,6378.354983788802
26363,6078.719737051493
25507,5943.155502551233
24651,5921.912357995824
23795,5921.912357995824
22939,5689.758845008821
22083,5689.758845008821
21227,5372.414425954487
20371,5361.885033878905
19515,5387.638280453878
18659,5432.391090780925
17803,5571.485696219235
16947,5712.163652694113
16091,5712.163652694113
15235,6814.510698231868
14379,6188.056353984956
13523,6043.602443193861
12667,6068.4485993238895
11811,6068.4485993238895
10955,5752.29093983915
10099,5752.29093983915
9243,5576.6792347323835
8387,5486.518021932429
7531,5488.488705619649
6675,5488.488705619649
5819,5567.868734138599
4963,5712.163652694113
4107,5712.163652694113
3251,6399.868127131012
2395,6112.791727942425
1539,5977.227493442165
683,5955.9843488867555
40916,6898.7425725332105
40060,6898.7425725332105
39204,8345.453522749163
38348,7934.100732208593
37492,7721.969418371188
36636,7703.655030017503
35780,7703.655030017503
34924,6849.799782134089
34068,6849.799782134089
33212,6551.97886738956
32356,6488.502695218769
31500,6461.47439351959
30644,6461.47439351959
29788,6674.395282848169
28932,6802.132304990426
28076,6802.132304990426
27220,8131.315273749555
26364,7771.0834809459675
25508,7594.870145098576
24652,7596.121135731896
23796,7596.121135731896
22940,6788.421617157388
22084,6788.421617157388
21228,6450.680694239426
20372,6447.969187622222
19516,6473.722434197195
18660,6502.398652302022
17804,6686.643323525774
16948,6810.82642484268
16092,6810.82642484268
15236,9008.746525201675
14380,7880.420097879431
13524,7695.317085741204
12668,7714.370311038006
11812,7714.370311038006
10956,6847.547499489768
10100,6847.547499489768
9244,6627.949160795024
8388,6548.790799886031
7532,6550.761483573251
6676,6550.761483573251
5820,6674.128145680178
4964,6807.42021234473
4108,6807.42021234473
3252,8138.638791610801
2396,7790.965846355934
1540,7614.752510508543
684,7587.716435119907
40917,6608.8970253481
40061,6608.8970253481
39205,7927.915492400794
38349,7597.821009686554
37493,7370.812440354152
36637,7369.379735072603
35781,7369.379735072603
34925,6543.700473530293
34069,6543.700473530293
33213,6279.07301176869
32357,6198.950637825875
31501,6171.922336126696
30645,6171.922336126696
29789,6375.407184034201
28933,6491.101217043659
28077,6491.101217043659
27221,7726.408781933318
26365,7429.871979080957
25509,7238.78138773857
24653,7256.914061444025
23797,7256.914061444025
22941,6489.581315424853
22085,6489.581315424853
21229,6172.843059275585
20373,6158.417130229328
19517,6184.170376804301
18661,6212.846594909128
17805,6387.655224711806
16949,6511.986123110145
16093,6511.986123110145
15237,8291.181224385931
14381,7529.950749876427
13525,7329.970482243204
12669,7365.905390612141
11813,7365.905390612141
10957,6557.045189598153
10101,6557.045189598153
9245,6355.043305174154
8389,6264.170521836108
7533,6266.141205523328
6677,6266.141205523328
5821,6375.1400468662105
4965,6511.986123110145
4109,6511.986123110145
3253,7733.732299794564
2397,7449.754344490924
1541,7258.663753148537
685,7248.509360832036
40918,5706.929625701476
40062,5706.929625701476
39206,6840.865842869527
38350,6488.3191291050425
37494,6276.187815267636
36638,6257.873426913951
35782,6257.873426913951
34926,5637.224457359496
34070,5637.224457359496
33214,5416.444477211858
32358,5343.8981192377005
31502,5316.869817538522
30646,5316.869817538522
29790,5476.507183832063
28934,5584.6252008728625
28078,5584.6252008728625
27222,6648.340776252448
26366,6320.370098499446
25510,6144.156762652054
24654,6145.4077532853735
23798,6145.4077532853735
22942,5583.105299254056
22086,5583.105299254056
21230,5310.214524718753
20374,5303.364611641154
19518,5329.1178582161265
18662,5357.7940763209535
17806,5488.755224509668
16950,5605.510106939349
16094,5605.510106939349
15238,7494.781260479381
14382,6434.63849477588
13526,6249.535482637652
12670,6268.588707934454
11814,6268.588707934454
10958,5650.569173427357
10102,5650.569173427357
9246,5503.3345206174
8390,5416.852786815429
7534,5418.823470502649
6678,5418.823470502649
5822,5485.138262429032
4966,5605.510106939349
4110,5605.510106939349
3254,6669.853919594659
2398,6340.252463909413
1542,6164.039128062021
686,6137.003052673384
40919,4821.704815285374
40063,4821.704815285374
39207,6009.703640857236
38351,5683.505822077596
37495,5437.944280382961
36639,5457.866585154195
35783,5457.866585154195
34927,4751.9996469433945
34071,4751.9996469433945
33215,4598.073932332049
32359,4513.3349780045555
31503,4433.363209726878
30647,4433.363209726878
29791,4589.3217281323705
28935,4699.400390456761
28079,4699.400390456761
27223,5802.988948759193
26367,5501.367165991035
25511,5291.723602286414
24655,5302.924220022696
23799,5302.924220022696
22943,4697.8804888379545
22087,4697.8804888379545
21231,4447.906333042094
20375,4432.048790043742
19519,4457.802036618715
18663,4502.554846945762
17807,4613.760555024207
16951,4720.285296523247
16095,4720.285296523247
15239,6425.990367254008
14383,5615.635562267469
13527,5397.102322272012
12671,5454.392240693733
11815,5454.392240693733
10959,4765.344363011255
10103,4765.344363011255
9247,4657.102921162961
8391,4561.613557440237
7535,4563.584241127457
6679,4563.584241127457
5823,4610.143592943571
4967,4720.285296523247
4111,4720.285296523247
3255,5824.502092101403
2399,5535.4391568819665
1543,5325.795593177345
687,5336.996210913628
40920,4424.934097335258
40064,4424.934097335258
39208,5469.672749985797
38352,5235.975670374795
37496,5010.053129920322
36640,5048.660219326466
35784,5048.660219326466
34928,4355.228928993279
34072,4355.228928993279
33216,4208.216405077186
32360,4126.159571663413
31504,4099.131269964234
30648,4099.131269964234
29792,4230.879738897911
28936,4302.629672506645
28080,4302.629672506645
27224,5289.770687382229
26368,5068.0266397691985
25512,4878.0220773047395
24656,4936.194545697888
23800,4936.194545697888
22944,4301.109770887839
22088,4301.109770887839
21232,4101.986452584081
20376,4085.6260640668665
19520,4111.379310641839
18664,4140.055528746666
17808,4243.127779575516
16952,4323.514578573131
16096,4323.514578573131
15240,6128.516754278971
14384,5182.2950360456325
13528,4983.400797290338
12672,5059.375500346969
11816,5059.375500346969
10960,4368.573645061139
10104,4368.573645061139
9248,4295.106448482728
8392,4199.114239241141
7536,4201.084922928361
6680,4201.084922928361
5824,4239.51081749488
4968,4323.514578573131
4112,4323.514578573131
3256,5311.283830724439
2400,5087.909005179165
1544,4897.904442714706
688,4927.789845085899
40921,4391.108409565033
40065,4391.108409565033
39209,5266.932936282753
38353,5050.721734969657
37497,4847.071600887438
36641,4865.836795750038
35785,4865.836795750038
34929,4325.911857747225
34073,4325.911857747225
33217,4161.302879560389
32361,4079.2460461466167
31505,4016.2155824434885
30649,4016.2155824434885
29793,4172.313252822995
28937,4273.312601260592
28081,4273.312601260592
27225,5072.8412481982205
26369,4868.583078883095
25513,4700.850922790891
24657,4710.894430618539
23801,4710.894430618539
22945,4271.7926996417855
22089,4271.7926996417855
21233,4028.0765848449846
20377,4014.901162760352
19521,4040.654409335324
18665,4085.407219662374
17809,4196.752079714832
16953,4294.197507327078
16097,4294.197507327078
15241,5535.226743559204
14385,4982.851475159529
13529,4806.2296427764895
12673,4862.362451289576
11817,4862.362451289576
10961,4339.256573815086
10105,4339.256573815086
9249,4237.273172965853
8393,4144.465930156848
7537,4146.436613844068
6681,4146.436613844068
5825,4193.135117634196
4969,4294.197507327078
4113,4294.197507327078
3257,5094.354391540431
2401,4902.655069774027
1545,4734.922913681822
689,4744.966421509471
40922,5486.628219026879
40066,5486.628219026879
39210,6407.519415912768
38354,6084.376257807813
37498,5912.894045317538
36642,5900.37258779708
35786,5900.37258779708
34930,5416.9230506849
34074,5416.9230506849
33218,5181.069466992337
32362,5103.629213963241
31506,5076.600912264063
30650,5076.600912264063
29794,5228.593863430112
28938,5364.323794198266
28082,5364.323794198266
27226,6214.091923563897
26370,5916.427227202216
25514,5780.862992701956
24658,5787.906914168502
23802,5787.906914168502
22946,5362.80389257946
22090,5362.80389257946
21234,5074.839514499232
20378,5063.095706366695
19522,5088.848952941667
18666,5117.5251710464945
17810,5240.841904107717
16954,5385.208700264752
16098,5385.208700264752
15242,6665.916453241392
14386,6030.69562347865
13530,5886.241712687554
12674,5911.087868817583
11818,5911.087868817583
10962,5430.2677667527605
10106,5430.2677667527605
9250,5267.959510397879
8394,5176.58388154097
7538,5178.55456522819
6682,5178.55456522819
5826,5237.224942027081
4970,5385.208700264752
4114,5385.208700264752
3258,6221.4154414251425
2402,5936.309592612183
1546,5800.7453581119225
690,5779.502213556513
40923,4567.077556496738
40067,4567.077556496738
39211,5348.113281888969
38355,5131.902080575873
37499,4937.066411354151
36643,4955.8316062167505
35787,4955.8316062167505
34931,4501.88100467893
34075,4501.88100467893
33219,4330.35883579684
32363,4248.302002383067
31507,4221.273700683888
30651,4221.273700683888
29795,4354.813795911146
28939,4449.281748192297
28083,4449.281748192297
27227,5168.211219285401
26371,4963.953049970276
25515,4805.035358738568
24659,4843.365932588173
23803,4843.365932588173
22947,4447.76184657349
22091,4447.76184657349
21235,4224.128883303735
20379,4207.76849478652
19523,4233.521741361493
18667,4262.19795946632
17811,4367.061836588751
16955,4470.166654258783
16099,4470.166654258783
15243,5611.082082904486
14387,5064.031820765746
13531,4896.224453243202
12675,4952.357261756289
11819,4952.357261756289
10963,4515.225720746791
10107,4515.225720746791
9251,4389.387824627753
8395,4296.580581818748
7539,4298.551265505968
6683,4298.551265505968
5827,4354.546658743156
4971,4470.166654258783
4115,4470.166654258783
3259,5175.534737146647
2403,4983.835415380243
1547,4824.917724148535
691,4834.961231976184
40924,5261.636134509038
40068,5261.636134509038
39212,6276.328625770822
38356,5939.25078974119
37500,5710.2838206643755
36644,5730.2061254356095
35788,5730.2061254356095
34932,5191.930966167059
34076,5191.930966167059
33220,4988.231442567985
32364,4916.38409062586
31508,4889.355788926681
30652,4889.355788926681
29796,5038.359653010668
28940,5146.477670051468
28084,5146.477670051468
27228,6090.949519524786
26372,5778.447719506636
25516,5585.398728419836
24660,5624.886412178074
23804,5624.886412178074
22948,5144.957768432661
22092,5144.957768432661
21236,4889.147450445923
20380,4875.850583029313
19524,4901.603829604286
18668,4930.280047709113
17812,5050.607693688273
16956,5167.362576117954
16100,5167.362576117954
15244,6578.59280723444
14388,5885.570155412027
13532,5683.631488034392
12676,5740.921406456112
11820,5740.921406456112
10964,5205.275682234919
10108,5205.275682234919
9252,5047.260431398898
8396,4963.963664029509
7540,4965.9343477167295
6684,4965.9343477167295
5828,5038.092515842677
4972,5167.362576117954
4116,5167.362576117954
3260,6098.273037386032
2404,5798.330084916603
1548,5605.281093829803
692,5616.481711566085
40925,6053.296162349051
40069,6053.296162349051
39213,6935.491268814199
38357,6648.627813476403
37501,6372.420960835125
36645,6379.553603782994
35789,6379.553603782994
34933,5983.5909940070715
34077,5983.5909940070715
33221,5513.1904065990275
32365,5423.448643377776
31509,5396.420341678597
30653,5396.420341678597
29797,5679.722665240495
28941,5921.372348242001
28085,5921.372348242001
27229,6733.346812918684
26373,6471.05939359237
25517,6230.770518941105
24661,6257.46854087598
23805,6257.46854087598
22949,5919.852446623195
22093,5919.852446623195
21237,5397.341064827486
20381,5382.915135781229
19525,5408.668382356202
18669,5437.344600461029
17813,5691.9707059181
16957,5942.257254308487
16101,5942.257254308487
15245,7570.002994325774
14389,6594.947179147241
13533,6345.768628205141
12677,6390.268884803497
11821,6390.268884803497
10965,5996.935710074932
10109,5996.935710074932
9253,5600.08045000457
8397,5506.022700233941
7541,5507.993383921161
6685,5507.993383921161
5829,5688.353743837464
4973,5942.257254308487
4117,5942.257254308487
3261,6754.859956260894
2405,6490.941759002337
1549,6250.652884351072
693,6249.063840263991
40926,5648.113655590896
40070,5648.113655590896
39214,6434.508360001438
38358,6133.966068878886
37502,5951.7109917837015
36646,5951.979196086608
35790,5951.979196086608
34934,5575.5183389438
34078,5575.5183389438
33222,5339.664755251237
32366,5267.39340385375
31510,5240.365102154571
30654,5240.365102154571
29798,5392.3580533206205
28942,5528.087984088775
28086,5528.087984088775
27230,6246.249769284175
26374,5971.185939904898
25518,5824.848840799727
24662,5844.6824240896385
23806,5844.6824240896385
22950,5526.568082469968
22094,5526.568082469968
21238,5238.60370438974
20382,5226.859896257203
19526,5252.613142832176
18670,5281.289360937003
17814,5404.606093998225
16958,5548.972890155261
16102,5548.972890155261
15246,6665.244609426297
14390,6066.095809068759
13534,5910.869033672753
12678,5948.504851626146
11822,5948.504851626146
10966,5588.86305501166
10110,5588.86305501166
9254,5398.693744082149
8398,5310.503081657823
7542,5312.473765345043
6686,5312.473765345043
5830,5392.09091615263
4974,5548.972890155261
4118,5548.972890155261
3262,6253.573287145421
2406,5991.068305314865
1550,5844.731206209694
694,5836.2777234776495
40927,5304.201256408593
40071,5304.201256408593
39215,6301.333775811059
38359,5975.13595703142
37503,5720.7599504762875
36647,5740.682255247521
35791,5740.682255247521
34935,5231.605939761496
34079,5231.605939761496
33223,4861.244795712113
32367,4772.055353737792
31511,4745.027052038613
30655,4745.027052038613
29799,5009.8765196617205
28943,5174.556195628034
28087,5174.556195628034
27231,6104.358221547152
26375,5802.736438778995
25519,5584.278410213877
24663,5623.766093972115
23807,5623.766093972115
22951,5173.036294009228
22095,5173.036294009228
21239,4750.56435557218
20383,4731.521846141245
19527,4757.275092716218
18671,4785.951310821045
17815,5022.124560339325
16959,5195.4411016945205
16103,5195.4411016945205
15247,6939.0297113863135
14391,5921.455322702257
13535,5694.107617846304
12679,5751.397536268024
11823,5751.397536268024
10967,5244.950655829357
10111,5244.950655829357
9255,4948.134839117655
8399,4849.460508962348
7543,4851.431192649568
6687,4851.431192649568
5831,5018.5075982586895
4975,5195.4411016945205
4119,5195.4411016945205
3263,6125.871364889363
2407,5822.618804188962
1551,5604.160775623844
695,5615.361393360126
40928,6905.074633452363
40072,6905.074633452363
39216,7907.339836148298
38360,7655.93493940533
37504,7484.452726915054
36648,7471.931269394596
35792,7471.931269394596
34936,6832.4793168052665
34080,6832.4793168052665
33224,6543.342210077666
32368,6510.580663118683
31512,6483.552361419504
30656,6483.552361419504
29800,6688.828835620591
28944,6789.980741293212
28088,6789.980741293212
27232,7715.031380923609
26376,7498.086589774312
25520,7362.522355274051
24664,7369.5662767405975
23808,7369.5662767405975
22952,6788.460839674406
22096,6788.460839674406
21240,6447.212938559141
20384,6470.047155522137
19528,6495.800402097109
18672,6524.476620201936
17816,6701.076876298196
16960,6810.865647359698
16104,6810.865647359698
15248,8179.591171517455
14392,7602.254305076167
13536,7457.80039428507
12680,7482.646550415098
11824,7482.646550415098
10968,6845.824032873127
10112,6845.824032873127
9256,6630.232253483208
8400,6573.434649721832
7544,6575.405333409052
6688,6575.405333409052
5832,6697.45991421756
4976,6810.865647359698
4120,6810.865647359698
3264,7736.544524265819
2408,7517.968955184279
1552,7382.404720684018
696,7361.161576128608
40929,6387.767624069134
40073,6387.767624069134
39217,7910.330077564016
38361,7429.026257800231
37505,7198.34197160059
36649,7192.81724507027
35793,7192.81724507027
34937,6315.172307422039
34081,6315.172307422039
33225,6051.373826055802
32369,5979.379789328576
31513,5952.351487629397
30657,5952.351487629397
29801,6162.4097184754655
28945,6267.741952567013
28089,6267.741952567013
27233,7713.992268728149
26377,7266.246128826243
25521,7071.479820616616
24665,7085.5204730733
23809,7085.5204730733
22953,6266.222050948208
22097,6266.222050948208
21241,5950.312775194307
20385,5938.846281732029
19529,5964.5995283070015
18673,5993.275746411829
17817,6174.65775915307
16961,6288.6268586335
16105,6288.6268586335
15249,8590.865092463626
14393,7375.345623471068
13537,7171.689638970606
12681,7203.532526090772
11825,7203.532526090772
10969,6328.517023489899
10113,6328.517023489899
9257,6138.263869461345
8401,6047.165555274695
7545,6049.136238961916
6689,6049.136238961916
5833,6171.0407970724345
4977,6288.6268586335
4121,6288.6268586335
3265,7735.505412070359
2409,7286.12849423621
1553,7091.362186026583
697,7077.115772461311
40930,4293.955228887834
40074,4293.955228887834
39218,5157.9703199597225
38362,4941.759118646626
37506,4738.108984564407
36650,4756.874179427007
35794,4756.874179427007
34938,4221.359912240738
34082,4221.359912240738
33226,4056.750934053902
32370,3979.8630022717375
31514,3916.8325385686107
30658,3916.8325385686107
29802,4072.9302089481157
28946,4173.9295573857125
28090,4173.9295573857125
27234,4969.047533506799
26378,4764.7893641916735
25522,4597.057208099469
24666,4607.100715927118
23810,4607.100715927118
22954,4172.409655766906
22098,4172.409655766906
21242,3928.693540970107
20386,3915.5181188854735
19530,3941.271365460446
18674,3986.0241757874937
17818,4097.369035839953
16962,4194.814463452199
16106,4194.814463452199
15250,5413.476645664001
14394,4873.888858836499
13538,4697.267026453459
12682,4753.399834966545
11826,4753.399834966545
10970,4234.704628308598
10114,4234.704628308598
9258,4132.721227459365
8402,4039.9139846503617
7546,4041.884668337582
6690,4041.884668337582
5834,4093.7520737593168
4978,4194.814463452199
4122,4194.814463452199
3266,4990.560676849009
2410,4798.861355082605
1554,4631.1291989904
698,4641.172706818049
40931,4544.995243303403
40075,4544.995243303403
39219,5421.574478435256
38363,5205.36327712216
37507,5001.713143039941
36651,5020.478337902541
35795,5020.478337902541
34939,4500.561069428453
34083,4500.561069428453
33227,4320.355092529435
32371,4238.2982591156615
31515,4211.269957416483
30659,4211.269957416483
29803,4352.454467771233
28947,4447.9618129418195
28091,4447.9618129418195
27235,5241.672415831688
26379,5037.414246516563
25523,4869.682090424359
24667,4908.012664273963
23811,4908.012664273963
22955,4434.251125108782
22099,4434.251125108782
21243,4214.12514003633
20387,4197.764751519115
19531,4223.5179980940875
18675,4252.194216198915
17819,4364.702508448838
16963,4456.655932794074
16107,4456.655932794074
15251,5695.057552523959
14395,5151.682642792997
13539,4975.060810409957
12683,5031.193618923044
11827,5031.193618923044
10971,4498.308786784132
10115,4498.308786784132
9259,4396.325385934899
8403,4303.518143125894
7547,4305.488826813114
6691,4305.488826813114
5835,4352.187330603242
4979,4453.249720296124
4123,4453.249720296124
3267,5248.995933692934
2411,5057.29661192653
1555,4889.564455834326
699,4899.607963661974
40932,4621.844498414138
40076,4621.844498414138
39220,5398.371607282197
38364,5182.160405969101
37508,4987.324736747379
36652,5006.0899316099785
35796,5006.0899316099785
34940,4552.139330072158
34084,4552.139330072158
33228,4380.617161190068
32372,4298.560327776295
31516,4218.5885594986175
30660,4218.5885594986175
29804,4383.983119325183
28948,4499.540073585525
28092,4499.540073585525
27236,5204.279919197665
26380,5000.02174988254
25524,4841.104058650832
24668,4851.14756647848
23812,4851.14756647848
22956,4498.020171966718
22100,4498.020171966718
21244,4230.449561900114
20388,4217.274139815481
19532,4243.027386390454
18676,4287.780196717501
17820,4408.4219462170195
16964,4520.424979652011
16108,4520.424979652011
15252,5671.024447817055
14396,5114.290146158974
13540,4946.48277863643
12684,5002.615587149517
11828,5002.615587149517
10972,4565.484046140019
10116,4565.484046140019
9260,4439.646150020981
8404,4346.838907211976
7548,4348.809590899196
6692,4348.809590899196
5836,4404.804984136384
4980,4520.424979652011
4124,4520.424979652011
3268,5225.793062539875
2412,5034.093740773471
1556,4875.176049541763
700,4885.219557369412
40933,5983.674146425772
40077,5983.674146425772
39221,7232.89001457374
38365,6797.252621189463
37509,6557.753870129325
36653,6552.229143599005
35797,6552.229143599005
34941,5939.239972550822
34085,5939.239972550822
33229,5694.702580841331
32373,5616.569395767909
31517,5589.54109406873
30661,5589.54109406873
29805,5749.178460362271
28949,5886.640716064188
28093,5886.640716064188
27237,7022.801630081562
26381,6629.303590583866
25525,6425.7228175137425
24669,6439.763469970427
23813,6439.763469970427
22957,5872.930028231151
22101,5872.930028231151
21245,5588.472628348226
20389,5576.035888171362
19533,5601.789134746335
18677,5630.465352851162
17821,5761.426501039876
16965,5895.334835916443
16109,5895.334835916443
15253,7888.795791075602
14397,6743.5719868603
13541,6531.101537499341
12685,6562.944424619507
11829,6562.944424619507
10973,5936.987689906501
10117,5936.987689906501
9261,5770.672874246795
8405,5681.7892797781415
7549,5683.759963465362
6693,5683.759963465362
5837,5748.91132319428
4981,5891.928623418493
4125,5891.928623418493
3269,7030.125147942807
2413,6649.185955993833
1557,6445.605182923709
701,6431.358769358438
40934,5950.908331645905
40078,5950.908331645905
39222,7165.958683628378
38366,6724.0006643718325
37510,6493.316378172191
36654,6487.791651641871
35798,6487.791651641871
34942,5881.203163303925
34086,5881.203163303925
33230,5654.088011268992
32374,5596.370263981621
31518,5569.341962282443
30662,5569.341962282443
29806,5707.674117252672
28950,5828.60390681729
28094,5828.60390681729
27238,6955.8702991362
26382,6556.051633766236
25526,6361.285325556609
24670,6375.325978013293
23814,6375.325978013293
22958,5827.084005198485
22102,5827.084005198485
21246,5547.858058775888
20390,5552.219794304439
19534,5577.973040879412
18678,5606.649258984239
17822,5716.305195849641
16966,5849.488812883777
16110,5849.488812883777
15254,7577.565776292492
14398,6670.32003004267
13542,6466.6640455422075
12686,6498.506932662373
11830,6498.506932662373
10974,5894.547879371785
10118,5894.547879371785
9262,5740.978054674535
8406,5665.707969478714
7550,5667.678653165934
6694,5667.678653165934
5838,5716.305195849641
4982,5849.488812883777
4126,5849.488812883777
3270,6977.38344247841
2414,6575.933999176203
1558,6381.167690966576
702,6366.921277401304
40935,5806.703144374339
40079,5806.703144374339
39223,6590.104894035674
38367,6264.991185555091
37511,6093.508973064816
36655,6080.987515544359
35799,6080.987515544359
34943,5736.9979760323595
34087,5736.9979760323595
33231,5501.144392339797
32375,5426.665368278044
31519,5399.637066578866
30663,5399.637066578866
29807,5551.630017744915
28951,5689.330498888697
28095,5689.330498888697
27239,6401.609181029773
26383,6101.973934292466
25527,5966.409699792204
24671,5973.453621258752
23815,5973.453621258752
22959,5687.810597269891
22103,5687.810597269891
21247,5399.846219189662
20391,5386.1318606814975
19535,5411.885107256471
18679,5440.561325361298
17823,5563.87805842252
16967,5710.215404955184
16111,5710.215404955184
15255,6836.877717899481
14399,6197.120925744965
13543,6052.667014953868
12687,6077.513171083896
11831,6077.513171083896
10975,5750.34269210022
10119,5750.34269210022
9263,5560.17338117071
8407,5470.012168370756
7551,5471.982852057975
6695,5471.982852057975
5839,5551.362880576925
4983,5710.215404955184
4127,5710.215404955184
3271,6408.93269889102
2415,6121.856299702433
1559,5986.292065202171
703,5965.048920646763
40936,5246.132488060099
40080,5246.132488060099
39224,6028.913137800992
38368,5728.370846678441
37512,5546.115769583256
36656,5546.3839738861625
35800,5546.3839738861625
34944,5180.935936242291
34088,5180.935936242291
33232,4959.639958372473
32376,4882.89871137541
31520,4855.870409676231
30664,4855.870409676231
29808,5014.310315181291
28952,5135.4826401267
28096,5135.4826401267
27240,5842.631605823164
26384,5567.567776443887
25528,5421.230677338716
24672,5441.064260628627
23816,5441.064260628627
22960,5133.962738507894
22104,5133.962738507894
21248,4860.555966250411
20392,4842.365203778863
19536,4868.118450353836
18680,4896.794668458663
17824,5026.558355858896
16968,5156.367546193186
16112,5156.367546193186
15256,6263.587794172296
14400,5660.500586868314
13544,5505.273811472308
12688,5542.909629425701
11832,5542.909629425701
10976,5194.280652310152
10120,5194.280652310152
9264,5018.668947203386
8408,4930.478284779059
7552,4932.448968466279
6696,4932.448968466279
5840,5014.0431780133
4984,5156.367546193186
4128,5156.367546193186
3272,5849.95512368441
2416,5587.450141853854
1560,5441.113042748683
704,5432.659560016638
40937,4500.05695019224
40081,4500.05695019224
39225,5366.962189569245
38369,5150.750988256149
37513,4947.10085417393
36657,4965.86604903653
35801,4965.86604903653
34945,4430.3517818502605
34089,4430.3517818502605
33233,4265.742803663424
32377,4183.68597024965
31521,4156.6576685504715
30665,4156.6576685504715
29809,4297.842178905222
28953,4377.752525363627
28097,4377.752525363627
27241,5187.060126965677
26385,4982.801957650552
25529,4815.0698015583475
24673,4853.400375407952
23817,4853.400375407952
22961,4376.232623744821
22105,4376.232623744821
21249,4159.512851170319
20393,4143.152462653104
19537,4168.905709228076
18681,4197.581927332903
17825,4310.090219582827
16969,4398.637431430113
16113,4398.637431430113
15257,5650.129303177289
14401,5097.070353926986
13545,4920.448521543946
12689,4976.581330057033
11833,4976.581330057033
10977,4443.696497918121
10121,4443.696497918121
9265,4341.713097068888
8409,4248.905854259883
7553,4250.876537947103
6697,4250.876537947103
5841,4297.575041737231
4985,4398.637431430113
4129,4398.637431430113
3273,5194.383644826923
2417,5002.684323060519
1561,4834.9521669683145
705,4844.995674795963
40938,5385.72695709022
40082,5385.72695709022
39226,6474.6032622437715
38370,6137.525426214139
37514,5891.963884519503
36658,5903.320841061318
35802,5903.320841061318
34946,5320.530405272412
34090,5320.530405272412
33234,5102.273275850594
32378,5030.425923908469
31522,5003.39762220929
30666,5003.39762220929
29810,5152.401486293276
28954,5275.077109156821
28098,5275.077109156821
27242,6289.224155997736
26386,5976.722355979585
25530,5767.078792274963
24674,5798.001127803783
23818,5798.001127803783
22962,5273.557207538015
22106,5273.557207538015
21250,5003.189283728531
20394,4989.892416311922
19538,5015.645662886895
18682,5044.321880991722
17826,5164.649526970881
16970,5295.962015223307
16114,5295.962015223307
15258,6816.842532449059
14402,6069.655166404012
13546,5851.121926408555
12690,5899.846496600856
11834,5899.846496600856
10978,5333.875121340273
10122,5333.875121340273
9266,5161.302264681506
8410,5078.005497312118
7554,5079.976180999338
6698,5079.976180999338
5842,5152.134349125286
4986,5295.962015223307
4130,5295.962015223307
3274,6296.547673858981
2418,5996.604721389552
1562,5786.96115768493
706,5789.596427191794
40939,6763.276654459337
40083,6763.276654459337
39227,7787.046220639376
38371,7417.617374483292
37515,7172.0558327886565
36659,7191.9781375598905
35803,7191.9781375598905
34947,6690.681337812241
34091,6690.681337812241
33235,6167.326316978156
32379,6078.136875003835
31523,6051.108573304656
30667,6051.108573304656
29811,6392.636105141468
28955,6633.631593678779
28099,6633.631593678779
27243,7581.089022525071
26387,7245.217856230867
25531,7035.574292526246
24675,7075.061976284484
23819,7075.061976284484
22963,6632.1116920599725
22107,6632.1116920599725
21251,6056.645876838223
20395,6037.603367407288
19539,6063.356613982261
18683,6092.032832087088
17827,6404.884145819073
16971,6654.516499745265
16115,6654.516499745265
15259,8438.67591803626
14403,7363.936740154129
13547,7145.403500158673
12691,7202.693418580393
11835,7202.693418580393
10979,6704.026053880101
10123,6704.026053880101
9267,6254.216360383698
8411,6155.542030228391
7555,6157.512713915611
6699,6157.512713915611
5843,6401.267183738437
4987,6654.516499745265
4131,6654.516499745265
3275,7602.602165867282
2419,7265.100221640834
1563,7055.456657936213
707,7066.657275672495
40940,4384.865362360971
40084,4384.865362360971
39228,5260.689889078691
38372,5044.478687765594
37516,4840.8285536833755
36660,4859.593748545975
35804,4859.593748545975
34948,4319.668810543163
34092,4319.668810543163
33236,4155.059832356326
32380,4073.002998942554
31524,4009.972535239426
30668,4009.972535239426
29812,4166.070205618933
28956,4267.069554056529
28100,4267.069554056529
27244,5066.598200994158
26388,4862.340031679033
25532,4694.607875586828
24676,4704.651383414477
23820,4704.651383414477
22964,4265.549652437723
22108,4265.549652437723
21252,4021.8335376409223
20396,4008.65811555629
19540,4034.411362131262
18684,4079.164172458311
17828,4190.509032510769
16972,4287.954460123015
16116,4287.954460123015
15260,5528.983696355142
14404,4976.608427955467
13548,4799.986595572427
12692,4856.119404085513
11836,4856.119404085513
10980,4333.013526611024
10124,4333.013526611024
9268,4231.03012576179
8412,4138.222882952786
7556,4140.193566640006
6700,4140.193566640006
5844,4186.892070430134
4988,4287.954460123015
4132,4287.954460123015
3276,5088.111344336368
2420,4896.412022569964
1564,4728.67986647776
708,4738.7233743054085
40941,5601.095331487207
40085,5601.095331487207
39229,6374.296530233196
38373,6166.122660866672
37517,5985.825983515901
36661,5973.304525995442
35805,5973.304525995442
34949,5535.898779669399
34093,5535.898779669399
33237,5306.95838667209
32381,5269.027938081498
31525,5205.997474378372
30669,5205.997474378372
29813,5380.548000696669
28957,5488.231302525736
28101,5488.231302525736
27245,6171.611191746331
26389,5988.915784123082
25533,5844.537084762324
24677,5823.293940206915
23821,5823.293940206915
22965,5486.71140090693
22109,5486.71140090693
21253,5178.663871299657
20397,5204.683054695236
19541,5230.436301270209
18685,5275.189111597256
17829,5404.986827588506
16973,5509.116208592222
16117,5509.116208592222
15261,6594.869498798971
14405,6098.252401056545
13549,5944.984025404952
12693,5969.8301815349805
11837,5969.8301815349805
10981,5549.24349573726
10125,5549.24349573726
9269,5382.9286800775535
8413,5329.31604274876
7557,5331.28672643598
6701,5331.28672643598
5845,5401.36986550787
4989,5509.116208592222
4133,5509.116208592222
3277,6193.124335088542
2421,6022.987775014013
1565,5878.609075653256
709,5857.365931097846
40942,5560.1669645702095
40086,5560.1669645702095
39230,6799.708836963329
38374,6364.071443579052
37518,6124.572692518915
36662,6119.047965988594
35806,6119.047965988594
34950,5490.46179622823
34094,5490.46179622823
33238,5256.599038692731
32382,5182.082815699944
31526,5155.054514000765
30670,5155.054514000765
29814,5314.691880294306
28958,5437.862539741596
28102,5437.862539741596
27246,6589.620452471151
26390,6196.1224129734555
25534,5992.541639903332
24678,6006.582292360016
23822,6006.582292360016
22966,5436.34263812279
22110,5436.34263812279
21254,5150.369086199626
20398,5137.9323460227615
19542,5163.685592597734
18686,5192.361810702561
17830,5323.322958891275
16974,5458.747445808082
16118,5458.747445808082
15262,7216.6409358883775
14406,6310.39080924989
13550,6097.920359888931
12694,6129.763247009097
11838,6129.763247009097
10982,5503.806512296091
10126,5503.806512296091
9270,5343.489082098273
8414,5251.420521197037
7558,5253.391204884257
6702,5253.391204884257
5846,5323.322958891275
4990,5458.747445808082
4134,5458.747445808082
3278,6611.133595813361
2422,6216.0047783834225
1566,6012.424005313299
710,5998.177591748027
40943,5852.997966537204
40087,5852.997966537204
39231,6734.49941150606
38375,6408.3015927264205
37519,6153.925586171288
36663,6173.847890942522
35807,6173.847890942522
34951,5787.801414719396
34095,5787.801414719396
33239,5332.447451337988
32383,5238.089107732058
31527,5211.06080603288
30671,5211.06080603288
29815,5499.14488623976
28959,5725.582768954326
28103,5725.582768954326
27247,6532.3549556105445
26391,6230.733172842387
25535,6012.275144277269
24679,6051.7628280355075
23823,6051.7628280355075
22967,5724.0628673355195
22111,5724.0628673355195
21255,5216.5981095664465
20399,5197.555600135512
19543,5223.308846710484
18687,5251.9850648153115
17831,5511.392926917365
16975,5746.467675020812
16119,5746.467675020812
15263,7369.011137017635
14407,6354.620958397258
13551,6127.273253541304
12695,6184.563171963025
11839,6184.563171963025
10983,5801.146130787257
10127,5801.146130787257
9271,5419.33749474353
8415,5320.6631645882235
7559,5322.633848275444
6703,5322.633848275444
5847,5507.775964836729
4991,5746.467675020812
4135,5746.467675020812
3279,6553.868098952755
2423,6250.615538252354
1567,6032.157509687236
711,6043.358127423518
40944,6071.834880523032
40088,6071.834880523032
39232,7320.551954247315
38376,6905.252829846578
37520,6714.183287890896
36664,6714.451492193803
35808,6714.451492193803
34952,6002.129712181052
34096,6002.129712181052
33240,5719.905796148705
32384,5637.848962734932
31528,5574.818499031806
30672,5574.818499031806
29816,5802.65254838514
28960,5949.530455694418
28104,5949.530455694418
27248,7103.953192567082
26392,6723.1141737600165
25536,6567.962609794349
24680,6559.509127062304
23824,6559.509127062304
22968,5948.010554075612
22112,5948.010554075612
21256,5586.679501433302
20400,5573.50407934867
19544,5599.257325923642
18688,5644.010136250689
17832,5827.091375276977
16976,5970.4153617609045
16120,5970.4153617609045
15264,7614.132776628141
14408,6837.3825700364505
13552,6673.341329779948
12696,6710.977147733341
11840,6710.977147733341
10984,6015.474428248913
10128,6015.474428248913
9272,5795.876089554169
8416,5703.068846745165
7560,5705.039530432385
6704,5705.039530432385
5848,5823.474413196341
4992,5970.4153617609045
4136,5970.4153617609045
3280,7125.466335909292
2424,6757.186164650948
1568,6602.034600685281
712,6593.581117953236
40945,5648.635699233228
40089,5648.635699233228
39233,6620.64438405157
38377,6373.888649417441
37521,6158.738973567878
36665,6161.635300907781
35809,6161.635300907781
34953,5583.43914741542
34097,5583.43914741542
33241,5372.095208688855
32385,5294.654955659759
31529,5231.624491956633
30673,5231.624491956633
29817,5396.738976853857
28961,5530.839890928786
28105,5530.839890928786
27249,6413.027266221735
26393,6191.74999333088
25537,6012.518295471331
24681,6006.692935776283
23825,6006.692935776283
22969,5529.31998930998
22113,5529.31998930998
21257,5238.8689139734515
20401,5230.310072273497
19545,5256.06331884847
18689,5300.816129175517
17833,5421.177803745693
16977,5551.724796995272
16121,5551.724796995272
15265,7268.46810911738
14409,6306.018389607314
13553,6117.89701545693
12697,6158.160956447319
11841,6158.160956447319
10985,5596.783863483281
10129,5596.783863483281
9273,5448.065502094319
8417,5359.874839669992
7561,5361.845523357212
6705,5361.845523357212
5849,5417.5608416650575
4993,5551.724796995272
4137,5551.724796995272
3281,6434.540409563945
2425,6225.821984221811
1569,6046.590286362262
713,6040.764926667214
40946,4307.281431444625
40090,4307.281431444625
39234,5375.085873050398
38378,5141.388793439396
37522,4915.466252984923
36666,4945.507994161648
35810,4945.507994161648
34954,4237.5762631026455
34098,4237.5762631026455
33242,4080.889476159404
32386,3999.531648777662
31530,3972.503347078484
30674,3972.503347078484
29818,4120.3730333783205
28962,4192.1229669870545
28106,4192.1229669870545
27250,5202.3297708178725
26394,4980.585723204842
25538,4790.581160740383
24682,4840.188280904113
23826,4840.188280904113
22970,4190.603065368248
22114,4190.603065368248
21258,3981.805484037341
20402,3958.998141181117
19546,3984.751387756089
18690,4013.427605860915
17834,4132.621074055925
16978,4213.007873053541
16122,4213.007873053541
15266,6077.914811996277
14410,5087.708159110233
13554,4888.813920354939
12698,4956.22327518215
11842,4956.22327518215
10986,4250.920979170506
10130,4250.920979170506
9274,4167.779519564946
8418,4065.3403559843478
7562,4067.311039671568
6706,4067.311039671568
5850,4129.00411197529
4994,4213.007873053541
4138,4213.007873053541
3282,5209.653288679118
2426,5000.468088614809
1570,4810.46352615035
714,4831.783580292124
40947,6980.482731385039
40091,6980.482731385039
39235,8436.862446994044
38379,7991.0077638029015
37523,7787.690914825991
36667,7769.376526472306
35811,7769.376526472306
34955,6915.286179567232
34099,6915.286179567232
33243,6626.149072839631
32387,6569.430943856302
31531,6489.459175578624
30675,6489.459175578624
29819,6726.590114379018
28963,6862.686923080597
28107,6862.686923080597
27251,8203.60279317051
26395,7808.86910771634
25539,7641.470236729444
24683,7614.434161340808
23827,7614.434161340808
22971,6861.167021461792
22115,6861.167021461792
21259,6475.981473549676
20403,6488.144755895489
19547,6513.8980024704615
18691,6558.6508127975085
17835,6751.028941270855
16979,6883.571829147084
16123,6883.571829147084
15267,9107.432358778466
14411,7923.137503992774
13555,7746.848956715043
12699,7765.902182011844
11843,7765.902182011844
10987,6928.630895635091
10131,6928.630895635091
9275,6685.178061670543
8419,6617.709523291984
7563,6619.680206979203
6707,6619.680206979203
5851,6747.411979190219
4995,6883.571829147084
4139,6883.571829147084
3283,8225.115936512715
2427,7842.941098607272
1571,7675.542227620375
715,7648.506152231739
40948,4621.2732490467215
40092,4621.2732490467215
39236,5488.178488423727
38380,5271.96728711063
37524,5068.317153028412
36668,5087.0823478910115
35812,5087.0823478910115
34956,4551.568080704742
34100,4551.568080704742
33244,4386.959102517905
32388,4304.902269104132
31532,4241.871805401006
30676,4241.871805401006
29820,4397.969475780512
28964,4498.968824218108
28108,4498.968824218108
27252,5294.086800339194
26396,5089.828631024069
25540,4922.096474931865
24684,4932.139982759513
23828,4932.139982759513
22972,4497.448922599302
22116,4497.448922599302
21260,4253.732807802502
20404,4240.55738571787
19548,4266.3106322928425
18692,4311.063442619889
17836,4422.408302672348
16980,4519.853730284594
16124,4519.853730284594
15268,5766.156335219519
14412,5204.097027300503
13556,5027.475194917463
12700,5083.60800343055
11844,5083.60800343055
10988,4564.912796772603
10132,4564.912796772603
9276,4462.929395923369
8420,4370.122153114365
7564,4372.092836801585
6708,4372.092836801585
5852,4418.7913405917125
4996,4519.853730284594
4140,4519.853730284594
3284,5315.5999436814045
2428,5123.900621915001
1572,4956.168465822796
716,4966.211973650445
40949,6279.353669945446
40093,6279.353669945446
39237,7629.21264672256
38381,7259.783800566476
37525,7014.2222588718405
36669,7034.144563643074
35813,7034.144563643074
34957,6209.648501603467
34101,6209.648501603467
33245,5951.768645342431
32389,5867.029691014938
31533,5787.057922737261
30677,5787.057922737261
29821,6001.092023920761
28965,6157.049245116833
28109,6157.049245116833
27253,7413.516310774119
26397,7077.645144479915
25541,6868.001580775293
24685,6879.202198511576
23829,6879.202198511576
22973,6155.529343498027
22117,6155.529343498027
21261,5801.601046052477
20405,5785.743503054125
19549,5811.496749629097
18693,5856.249559956144
17837,6025.530850812597
16981,6177.934151183319
16125,6177.934151183319
15269,8085.894404877043
14413,7191.913540756349
13557,6973.380300760892
12701,7030.6702191826125
11845,7030.6702191826125
10989,6222.993217671327
10133,6222.993217671327
9277,6010.797634173344
8421,5915.30827045062
7565,5917.27895413784
6709,5917.27895413784
5853,6021.913888731961
4997,6177.934151183319
4141,6177.934151183319
3285,7435.029454116329
2429,7111.717135370846
1573,6902.073571666225
717,6913.274189402508
40950,5415.817574296713
40094,5415.817574296713
39238,6115.937912010033
38382,5873.186017547976
37526,5701.703805057701
36670,5689.182347537243
35814,5689.182347537243
34958,5343.222257649617
34102,5343.222257649617
33246,5107.368673957054
32390,5035.097322559567
31534,5008.069020860388
30678,5008.069020860388
29822,5160.061972026438
28966,5295.791902794592
28110,5295.791902794592
27254,5927.6793212927705
26398,5710.405888573988
25542,5574.841654073727
24686,5581.885575540274
23830,5581.885575540274
22974,5294.272001175786
22118,5294.272001175786
21262,5006.307623095558
20406,4994.56381496302
19550,5020.317061537993
18694,5048.99327964282
17838,5172.3100127040425
16982,5316.676808861078
16126,5316.676808861078
15270,6346.674161434892
14414,5805.315757737849
13558,5660.861846946753
12702,5685.708003076781
11846,5685.708003076781
10990,5356.566973717478
10134,5356.566973717478
9278,5166.3976627879665
8422,5078.20700036364
7566,5080.17768405086
6710,5080.17768405086
5854,5159.794834858447
4998,5316.676808861078
4142,5316.676808861078
3286,5935.002839154016
2430,5730.288253983955
1574,5594.724019483694
718,5573.480874928285
40951,4360.9816242169445
40095,4360.9816242169445
39239,5227.88686359395
38383,5011.675662280853
37527,4808.025528198635
36671,4826.7907230612345
35815,4826.7907230612345
34959,4291.276455874965
34103,4291.276455874965
33247,4126.667477688128
32391,4044.610644274356
31535,3981.5801805712294
30679,3981.5801805712294
29823,4137.677850950735
28967,4238.677199388331
28111,4238.677199388331
27255,5033.795175509417
26399,4829.537006194292
25543,4661.804850102088
24687,4671.848357929736
23831,4671.848357929736
22975,4237.157297769525
22119,4237.157297769525
21263,3993.441182972725
20407,3980.2657608880927
19551,4006.019007463065
18695,4050.771817790112
17839,4162.116677842571
16983,4259.562105454817
16127,4259.562105454817
15271,5505.864710389742
14415,4943.805402470726
13559,4767.183570087686
12703,4823.316378600773
11847,4823.316378600773
10991,4304.621171942826
10135,4304.621171942826
9279,4202.637771093592
8423,4109.830528284588
7567,4111.801211971808
6711,4111.801211971808
5855,4158.4997157619355
4999,4259.562105454817
4143,4259.562105454817
3287,5055.3083188516275
2431,4863.608997085224
1575,4695.876840993019
719,4705.920348820668
40952,5198.651232590281
40096,5198.651232590281
39240,6050.910877251694
38384,5817.213797640692
37528,5600.1057220467155
36672,5630.14746322344
35816,5630.14746322344
34960,5133.454680772474
34104,5133.454680772474
33248,4928.858347546476
32392,4846.801514132702
31536,4819.773212433523
30680,4819.773212433523
29824,4948.669325982679
28968,5080.85542428584
28112,5080.85542428584
27256,5871.008814648126
26400,5649.264767035095
25544,5468.074669431133
24688,5517.6817895948625
23832,5517.6817895948625
22976,5079.335522667034
22120,5079.335522667034
21264,4822.628395053371
20408,4806.268006536156
19552,4832.021253111128
18696,4860.697471215955
17840,4960.917366660284
16984,5101.740330352326
16128,5101.740330352326
15272,6706.935025801872
14416,5749.343537830565
13560,5559.263763935767
12704,5626.673118762978
11848,5626.673118762978
10992,5146.799396840334
10136,5146.799396840334
9280,4987.887336377388
8424,4895.080093568384
7568,4897.050777255604
6712,4897.050777255604
5856,4948.402188814688
5000,5101.740330352326
4144,5101.740330352326
3288,5878.332332509372
2432,5669.147132445062
1576,5487.9570348411
720,5509.2770889828735
40953,5820.721408266665
40097,5820.721408266665
39241,7000.98842984506
38385,6632.866666680938
37529,6420.7353528435315
36673,6402.4209644898465
35817,6402.4209644898465
34961,5751.016239924686
34105,5751.016239924686
33249,5522.075846927376
32393,5458.599674756585
31537,5431.571373057406
30681,5431.571373057406
29825,5591.208739350947
28969,5703.348762781023
28113,5703.348762781023
27257,6795.831824695852
26401,6469.849415418312
25545,6293.63607957092
24689,6294.8870702042395
23833,6294.8870702042395
22977,5701.8288611622165
22121,5701.8288611622165
21265,5420.777673777242
20409,5418.066167160038
19553,5443.819413735011
18697,5472.495631839838
17841,5603.456780028552
16985,5724.233668847509
16129,5724.233668847509
15273,7630.905582927247
14417,6579.186032351775
13561,6394.083020213548
12705,6413.136245510349
11849,6413.136245510349
10993,5764.360955992546
10137,5764.360955992546
9281,5608.965890332918
8425,5526.622562991342
7569,5528.5932466785625
6713,5528.5932466785625
5857,5599.839817947916
5001,5724.233668847509
4145,5724.233668847509
3289,6817.344968038063
2433,6489.731780828279
1577,6313.518444980887
721,6286.4823695922505
40954,5866.416223731329
40098,5866.416223731329
39242,7027.81869161732
38386,6629.080262671822
37530,6425.763413694913
36674,6407.449025341228
35818,6407.449025341228
34962,5796.71105538935
34106,5796.71105538935
33250,5569.017884546458
32394,5496.4715265723
31538,5416.4997582946235
30682,5416.4997582946235
29826,5600.34717405998
28970,5744.111798902715
28114,5744.111798902715
27258,6821.103999519277
26402,6446.941606585261
25546,6279.542735598366
24690,6252.5066602097295
23834,6252.5066602097295
22978,5742.59189728391
22122,5742.59189728391
21266,5418.8502852565025
20410,5415.185338611486
19554,5440.938585186459
18698,5485.691395513506
17842,5624.786000951815
16986,5764.996704969202
16130,5764.996704969202
15274,7671.219836153988
14418,6561.210002861695
13562,6384.921455583964
12706,6403.974680880766
11850,6403.974680880766
10994,5810.05577145721
10138,5810.05577145721
9282,5628.04687337737
8426,5544.750106007981
7570,5546.720789695202
6714,5546.720789695202
5858,5621.1690388711795
5002,5764.996704969202
4146,5764.996704969202
3290,6842.617142861487
2434,6481.013597476192
1578,6313.614726489297
722,6286.578651100661
40955,5462.29646430893
40099,5462.29646430893
39243,6158.802747352602
38387,5914.080302514917
37531,5742.598090024642
36675,5730.076632504184
35819,5730.076632504184
34963,5397.099912491122
34107,5397.099912491122
33251,5175.8039346213045
32395,5101.324910559552
31539,5074.296608860373
30683,5074.296608860373
29827,5226.289560026423
28971,5349.432435347459
28115,5349.432435347459
27259,5970.307034346702
26403,5751.063051252291
25547,5615.4988167520305
24691,5622.542738218577
23835,5622.542738218577
22979,5347.912533728653
22123,5347.912533728653
21267,5074.50576147117
20411,5060.791402963006
19555,5086.544649537978
18699,5115.220867642805
17843,5238.537600704028
16987,5370.3173414139455
16131,5370.3173414139455
15275,6377.565504234505
14419,5846.21004270479
13563,5701.756131913694
12707,5726.602288043722
11851,5726.602288043722
10995,5410.444628558983
10139,5410.444628558983
9283,5234.832923452217
8427,5144.671710652263
7571,5146.642394339483
6715,5146.642394339483
5859,5226.022422858432
5003,5370.3173414139455
4147,5370.3173414139455
3291,5977.630552207947
2435,5770.945416662258
1579,5635.3811821619975
723,5614.138037606588
40956,4751.5531816712155
40100,4751.5531816712155
39244,5540.999992003269
38388,5324.788790690172
37532,5121.138656607954
36676,5139.9038514705535
35820,5139.9038514705535
34964,4681.848013329236
34108,4681.848013329236
33252,4470.08583284362
32396,4388.028999429846
31540,4324.998535726721
30684,4324.998535726721
29828,4504.330818689999
28972,4629.248756842602
28116,4629.248756842602
27260,5346.908303918736
26404,5142.650134603611
25548,4974.917978511407
24692,4984.961486339055
23836,4984.961486339055
22980,4627.728855223796
22124,4627.728855223796
21268,4336.859538128217
20412,4323.684116043584
19556,4349.437362618557
18700,4394.190172945604
17844,4528.769645581836
16988,4650.133662909088
16132,4650.133662909088
15276,5803.374159006537
14420,5256.918530880045
13564,5080.296698497005
12708,5136.429507010092
11852,5136.429507010092
10996,4695.192729397097
10140,4695.192729397097
9284,4546.056126249084
8428,4453.248883440079
7572,4455.219567127299
6716,4455.219567127299
5860,4525.1526835012
5004,4650.133662909088
4148,4650.133662909088
3292,5368.4214472609465
2436,5176.7221254945425
1580,5008.989969402338
724,5019.033477229987
40957,6690.7340967404025
40101,6690.7340967404025
39245,7890.173491028793
38389,7509.8646276227155
37533,7272.083193685405
36677,7292.005498456639
35821,7292.005498456639
34965,6641.791306341281
34109,6641.791306341281
33253,6223.818047161006
32397,6141.652299908412
31541,6114.623998209233
30685,6114.623998209233
29829,6365.147085590858
28973,6579.57266057621
28117,6579.57266057621
27261,7679.04739128288
26405,7332.296207738682
25549,7130.432751791385
24693,7169.920435549624
23837,7169.920435549624
22981,6565.861972743172
22125,6565.861972743172
21269,6107.968705389464
20413,6101.118792311865
19557,6126.872038886838
18701,6155.548256991665
17845,6377.395126268463
16989,6588.266780428465
16133,6588.266780428465
15277,8549.863624896116
14421,7456.183993293553
13565,7245.430861055421
12709,7302.720779477141
11853,7302.720779477141
10997,6639.53902369696
10141,6639.53902369696
9285,6299.78834056647
8429,6216.491573197081
7573,6218.4622568843015
6717,6218.4622568843015
5861,6364.8799484228675
5005,6584.860567930515
4149,6584.860567930515
3293,7686.370909144126
2437,7352.178573148649
1581,7150.315117201352
725,7161.515734937635
40958,5372.871308649175
40102,5372.871308649175
39246,6379.524551097427
38390,5961.568050798447
37534,5770.498508842766
36678,5770.766713145672
35822,5770.766713145672
34966,5323.9285182500535
34110,5323.9285182500535
33254,5079.391126540562
32398,5001.950873511467
31542,4974.922571812288
30686,4974.922571812288
29830,5134.559938105829
28974,5271.32926176342
28118,5271.32926176342
27262,6186.097058748556
26406,5793.61902019285
25550,5638.467456227183
24694,5658.301039517094
23838,5658.301039517094
22982,5257.618573930382
22126,5257.618573930382
21270,4973.161174047457
20414,4961.41736591492
19558,4987.170612489893
18702,5015.84683059472
17846,5146.807978783434
16990,5280.023381615674
16134,5280.023381615674
15278,6633.562555167645
14422,5907.887416469284
13566,5743.846176212782
12710,5767.29236868521
11854,5767.29236868521
10998,5321.6762356057325
10142,5321.6762356057325
9286,5155.361419946026
8430,5067.1707575217
7574,5069.14144120892
6718,5069.14144120892
5862,5134.292800937838
5006,5276.617169117724
4150,5276.617169117724
3294,6193.420576609802
2438,5813.501385602817
1582,5658.34982163715
726,5649.896338905105
40959,5940.292507543576
40103,5940.292507543576
39247,7009.924213701569
38391,6750.481985012028
37535,6546.83185092981
36679,6565.5970457924095
35823,6565.5970457924095
34967,5870.5873392015965
34111,5870.5873392015965
33255,5602.02421936507
32399,5519.967385951297
31543,5456.936922248171
30687,5456.936922248171
29831,5671.1101754056845
28975,5817.988082714963
28119,5817.988082714963
27263,6806.850881766639
26407,6568.343328925467
25551,6400.611172833263
24695,6410.654680660911
23839,6410.654680660911
22983,5816.4681810961565
22127,5816.4681810961565
21271,5468.797924649667
20415,5455.622502565035
19559,5481.375749140007
18703,5526.128559467054
17847,5695.549002297521
16991,5838.872988781449
16135,5838.872988781449
15279,7326.714505347039
14423,6682.611725201901
13567,6505.989892818861
12711,6562.122701331948
11855,6562.122701331948
10999,5883.932055269457
10143,5883.932055269457
9287,5677.994512770534
8431,5585.18726996153
7575,5587.15795364875
6719,5587.15795364875
5863,5691.932040216885
5007,5838.872988781449
4151,5838.872988781449
3295,6828.364025108849
2439,6602.415319816399
1583,6434.683163724194
727,6444.726671551843
40960,5133.997319756794
40104,5133.997319756794
39248,6314.732507833915
38392,5988.534689054276
37536,5734.158682499144
36680,5754.080987270378
35824,5754.080987270378
34968,5068.800767938987
34112,5068.800767938987
33256,4871.117625408242
32400,4786.378671080749
31544,4759.35036938157
30688,4759.35036938157
29832,4895.890898058217
28976,5016.201511452353
28120,5016.201511452353
27264,6122.207441216837
26408,5820.585658448679
25552,5602.127629883561
24696,5641.6153136418
23840,5641.6153136418
22984,5014.681609833547
22128,5014.681609833547
21272,4764.887672915137
20416,4745.845163484202
19560,4771.598410059175
18704,4800.274628164002
17848,4908.138938735822
16992,5037.086417518839
16136,5037.086417518839
15280,6974.587544607505
14424,5934.854054725113
13568,5707.50634986916
12712,5764.79626829088
11856,5764.79626829088
11000,5082.145484006847
10144,5082.145484006847
9288,4958.007668813784
8432,4859.333338658477
7576,4861.304022345697
6720,4861.304022345697
5864,4904.521976655186
5008,5037.086417518839
4152,5037.086417518839
3296,6143.720584559047
2440,5840.468023858646
1584,5622.009995293528
728,5633.210613029811
40961,6927.149462208044
40105,6927.149462208044
39249,8354.995858731587
38393,7898.258420467832
37537,7694.941571490922
36681,7676.627183137237
35825,7676.627183137237
34969,6878.206671808921
34113,6878.206671808921
33257,6581.632979218811
32401,6494.318639302837
31545,6467.290337603659
30689,6467.290337603659
29833,6672.566811804745
28977,6825.607415322288
28121,6825.607415322288
27265,8153.489148264113
26409,7730.309389862236
25553,7562.910518875339
24697,7564.161509508659
23841,7564.161509508659
22985,6811.89672748925
22129,6811.89672748925
21273,6475.403026725705
20417,6453.785131706291
19561,6479.538378281264
18705,6508.214596386091
17849,6684.81485248235
16993,6834.301535174543
16137,6834.301535174543
15281,9018.932123075161
14425,7844.57778613867
13569,7668.289238860938
12713,7687.342464157739
11857,7687.342464157739
11001,6875.9543891646
10145,6875.9543891646
9289,6640.661968049722
8433,6542.597218738519
7577,6544.56790242574
6721,6544.56790242574
5865,6672.299674636754
5009,6830.8953226765925
4153,6830.8953226765925
3297,8160.812666125359
2441,7750.1917552722025
1585,7582.792884285306
729,7555.75680889667
40962,6355.767842831179
40106,6355.767842831179
39250,7441.314457475129
38394,7072.969721618102
37538,6901.487509127826
36682,6888.966051607368
35826,6888.966051607368
34970,6286.0626744892
34114,6286.0626744892
33258,5996.925567761599
32402,5922.446543699847
31546,5842.47477542217
30690,5842.47477542217
29834,6079.605714222564
28978,6238.395197345537
28122,6238.395197345537
27266,7229.647475137866
26410,6895.762844874512
25554,6760.19861037425
24698,6738.955465818841
23842,6738.955465818841
22986,6236.875295726731
22130,6236.875295726731
21274,5851.689747814616
20418,5841.160355739034
19562,5866.913602314006
18706,5911.666412641053
17850,6104.0445411144
16994,6259.280103412023
16138,6259.280103412023
15282,7732.819366461796
14426,7005.099461807975
13570,6860.645551016878
12714,6885.491707146906
11858,6885.491707146906
11002,6299.40739055706
10146,6299.40739055706
9290,6055.954556592512
8434,5965.793343792558
7578,5967.764027479778
6722,5967.764027479778
5866,6100.427579033764
5010,6259.280103412023
4154,6259.280103412023
3298,7251.160618480077
2442,6929.834835765443
1586,6794.2706012651815
730,6773.027456709772
40963,4778.541120223905
40107,4778.541120223905
39251,5510.903650424109
38395,5294.692449111013
37539,5091.042315028794
36683,5109.807509891394
35827,5109.807509891394
34971,4726.708181519666
34115,4726.708181519666
33259,4486.157322978846
32403,4409.968397228714
31547,4382.940095529535
30691,4382.940095529535
29835,4545.037882993415
28979,4686.423787035684
28123,4686.423787035684
27267,5343.316449823193
26411,5139.058280508068
25555,4971.326124415863
24699,5009.656698265468
23843,5009.656698265468
22987,4672.713099202646
22131,4672.713099202646
21275,4392.242232488393
20419,4369.434889632167
19563,4395.18813620714
18707,4423.864354311967
17851,4557.28592367102
16995,4695.117906887938
16139,4695.117906887938
15283,5793.398914309236
14427,5241.01181478185
13571,5064.38998239881
12715,5106.333165430932
11859,5106.333165430932
11003,4724.455898875345
10147,4724.455898875345
9291,4562.12761638431
8435,4469.320373575306
7579,4471.291057262526
6723,4471.291057262526
5867,4544.7707458254245
5011,4691.711694389988
4155,4691.711694389988
3299,5350.6399676844385
2443,5158.9406459180345
1587,4991.20848982583
731,5001.251997653479
40964,5687.938165356522
40108,5687.938165356522
39252,6395.457267899131
38396,6150.734823061445
37540,5979.252610571171
36684,5966.731153050713
35828,5966.731153050713
34972,5622.741613538715
34116,5622.741613538715
33260,5386.888029846151
32404,5312.409005784399
31548,5285.38070408522
30692,5285.38070408522
29836,5437.37365525127
28980,5575.074136395052
28124,5575.074136395052
27268,6206.961554893231
26412,5987.717571798819
25556,5852.15333729856
24700,5859.197258765106
23844,5859.197258765106
22988,5573.554234776246
22132,5573.554234776246
21276,5285.589856696017
20420,5271.875498187852
19564,5297.628744762825
18708,5326.304962867652
17852,5449.621695928875
16996,5595.959042461538
16140,5595.959042461538
15284,6647.253671317894
14428,6082.864563251318
13572,5938.410652460223
12716,5963.256808590251
11860,5963.256808590251
11004,5636.086329606575
10148,5636.086329606575
9292,5445.917018677063
8436,5355.755805877109
7580,5357.726489564329
6724,5357.726489564329
5868,5437.106518083279
5012,5595.959042461538
4156,5595.959042461538
3300,6214.2850727544765
2444,6007.599937208786
1588,5872.0357027085265
732,5850.792558153117
40965,5294.830306727065
40109,5294.830306727065
39253,6260.456919908483
38397,5918.762503494172
37541,5664.38649693904
36685,5684.308801710274
35829,5684.308801710274
34973,5229.633754909258
34117,5229.633754909258
33261,4880.541017476202
32405,4793.75868983893
31549,4766.730388139751
30693,4766.730388139751
29837,4963.969952486339
28981,5167.415109144187
28125,5167.415109144187
27269,6058.312464012967
26413,5741.1940836101385
25557,5522.73605504502
24701,5562.223738803259
23845,5562.223738803259
22989,5165.895207525381
22133,5165.895207525381
21277,4764.69167570466
20421,4753.225182242383
19565,4778.978428817356
18709,4807.654646922183
17853,4976.217993163944
16997,5188.300015210673
16141,5188.300015210673
15285,6875.414968652949
14429,5865.081869165009
13573,5637.734164309056
12717,5695.024082730776
11861,5695.024082730776
11005,5242.978470977118
10149,5242.978470977118
9293,4956.511310881666
8437,4868.5979631275995
7581,4870.56864681482
6725,4870.56864681482
5869,4963.702815318348
5013,5188.300015210673
4157,5188.300015210673
3301,6065.635981874213
2445,5761.076449020105
1589,5542.618420454987
733,5553.81903819127
40966,4546.853539882749
40110,4546.853539882749
39254,5929.156461013672
38398,5516.591681232724
37542,5277.092930172586
36686,5271.568203642266
35830,5271.568203642266
34974,4474.258223235653
34118,4474.258223235653
33262,4309.649245048816
32406,4236.684961607002
31550,4209.656659907823
30694,4209.656659907823
29838,4350.8411702625735
28982,4426.8278683806275
28126,4426.8278683806275
27270,5724.236978153102
26414,5353.811552258736
25558,5150.230779188612
24702,5164.271431645297
23846,5164.271431645297
22990,4425.307966761821
22134,4425.307966761821
21278,4208.5881941873195
20422,4196.151454010455
19566,4221.904700585428
18710,4250.580918690255
17854,4363.089210940178
16998,4447.712774447114
16142,4447.712774447114
15286,6558.640719449436
14430,5462.911046903561
13574,5250.4405975426025
12718,5282.283484662768
11862,5282.283484662768
11006,4487.602939303513
10150,4487.602939303513
9294,4396.539288454358
8438,4304.470727553122
7582,4306.441411240342
6726,4306.441411240342
5870,4359.472248859543
5014,4447.712774447114
4158,4447.712774447114
3302,5731.560496014348
2446,5373.693917668703
1590,5170.113144598579
734,5155.866731033308
40967,4388.875928856615
40111,4228.971640018865
39255,4370.684748287828
38399,4245.679102868745
37543,4438.74325675764
36687,4437.7431149453
35831,4437.7431149453
34975,4319.170760514635
34119,4159.266471676886
33263,4141.834512594977
32407,3550.9532102255484
31551,3523.9249085263696
30695,3523.9249085263696
29839,3651.9125517140974
28983,3777.701457044186
28127,4126.621637162093
27271,3701.9126387004485
26415,3588.8600252793344
25559,3817.8421571582458
24703,3836.4073943329095
23847,3836.4073943329095
22991,3776.18155542538
22135,4125.101735543288
21279,3526.78009114622
20423,3510.419702629003
19567,3536.1729492039753
18711,3554.0306234334275
17855,3664.160592391703
16999,3798.5863631106713
16143,4171.0740791974695
15287,4255.9356450337655
14431,3703.1284215557666
13575,3923.2208771438427
12719,3959.588348981987
11863,3959.588348981987
11007,3843.64542959868
10151,4216.133145685473
9295,3709.081543169493
8439,3613.089333927903
7583,3615.060017615124
6727,3615.060017615124
5871,3660.5436303110673
5015,3798.5863631106713
4159,4171.0740791974695
3303,3709.2361565616934
2447,3608.7423906893
1591,3837.724522568212
735,3828.0026937209195
40968,5722.91766390301
40112,5722.91766390301
39256,6576.412180584268
38400,6251.2984721036855
37544,6071.001794752914
36688,6058.480337232456
35832,6058.480337232456
34976,5653.212495561031
34120,5653.212495561031
33264,5424.272102563721
32408,5349.793078501969
31552,5322.76477680279
30696,5322.76477680279
29840,5482.402143096331
28984,5605.545018417368
28128,5605.545018417368
27272,6387.916467578368
26416,6088.28122084106
25560,5943.902521480302
24704,5950.946442946849
23848,5950.946442946849
22992,5604.025116798562
22136,5604.025116798562
21280,5322.973929413587
20424,5309.259570905422
19568,5335.012817480395
18712,5363.689035585222
17856,5494.650183773936
17000,5626.429924483854
16144,5626.429924483854
15288,6818.486289431114
14432,6197.617837774523
13576,6044.34946212293
12720,6069.195618252958
11864,6069.195618252958
11008,5666.557211628891
10152,5666.557211628891
9296,5511.162145969263
8440,5417.815966736726
7584,5419.786650423946
6728,5419.786650423946
5872,5491.0332216933
5016,5626.429924483854
4160,5626.429924483854
3304,6395.2399854396135
2448,6108.163586251027
1592,5963.784886890269
736,5942.54174233486
40969,6584.576144657284
40113,6584.576144657284
39257,8057.125250034392
38401,7568.245414301949
37545,7337.5611281023075
36689,7332.036401571987
35833,7332.036401571987
34977,6514.870976315305
34121,6514.870976315305
33265,6217.123269671381
32409,6132.384315343889
31553,6052.412547066211
30697,6052.412547066211
29841,6294.325242511588
28985,6462.27171982867
28129,6462.27171982867
27273,7841.428914085951
26417,7386.106758215387
25561,7191.34045000576
24705,7177.094036440489
23849,7177.094036440489
22993,6460.751818209865
22137,6460.751818209865
21281,6066.955670381428
20425,6051.098127383076
19569,6076.8513739580485
18713,6121.6041842850955
17857,6318.7640694034235
17001,6483.156625895157
16145,6483.156625895157
15289,8745.258479693917
14433,7500.375154491821
13577,7296.719169991359
12721,7328.562057111525
11865,7328.562057111525
11009,6528.215692383164
10153,6528.215692383164
9297,6276.152258502295
8441,6180.662894779571
7585,6182.63357846679
6729,6182.63357846679
5873,6315.147107322788
5017,6483.156625895157
4161,6483.156625895157
3305,7862.942057428161
2449,7420.178749106319
1593,7225.412440896692
737,7211.16602733142
40970,6416.388832303593
40114,6416.388832303593
39258,7418.6540349995275
38402,7132.671113161026
37546,6961.188900670751
36690,6948.6674431502925
35834,6948.6674431502925
34978,6343.793515656496
34122,6343.793515656496
33266,6054.656408928896
32410,5982.385057531409
31554,5955.35675583223
30698,5955.35675583223
29842,6160.633230033317
28986,6296.363160801471
28130,6296.363160801471
27274,7221.4138004318675
26418,6969.890984187038
25562,6834.326749686777
24706,6841.370671153323
23850,6841.370671153323
22994,6294.843259182665
22138,6294.843259182665
21282,5953.5953580673995
20426,5941.851549934862
19570,5967.604796509835
18714,5996.281014614662
17858,6172.881270710922
17002,6317.248066867957
16146,6317.248066867957
15290,7699.311636359499
14434,7078.990478831864
13578,6934.536568040767
12722,6959.382724170795
11866,6959.382724170795
11010,6357.138231724357
10154,6357.138231724357
9298,6141.546452334438
8442,6050.170823477529
7586,6052.141507164749
6730,6052.141507164749
5874,6169.264308630286
5018,6317.248066867957
4162,6317.248066867957
3306,7242.926943774078
2450,6989.773349597005
1594,6854.2091150967435
738,6832.965970541334
40971,4724.4350519583595
40115,4724.4350519583595
39259,5885.057026470241
38403,5566.4352236592595
37547,5328.653789721949
36691,5348.576094493183
35835,5348.576094493183
34979,4651.839735311263
34123,4651.839735311263
33267,4442.608347843912
32411,4360.994921838249
31555,4297.964458135123
30699,4297.964458135123
29843,4491.664326567676
28987,4594.789991177801
28131,4594.789991177801
27275,5673.89184672537
26419,5379.84607992587
25563,5177.982623978573
24707,5189.183241714856
23851,5189.183241714856
22995,4593.270089558995
22139,4593.270089558995
21283,4304.931565481681
20427,4296.650038451987
19571,4322.40328502696
18715,4367.1560953540065
17859,4516.103153459512
17003,4615.674897244287
16147,4615.674897244287
15291,6498.010018466135
14435,5498.564963849132
13579,5287.811831611
12723,5345.101750032721
11867,5345.101750032721
11011,4665.184451379124
10155,4665.184451379124
9299,4518.578641249376
8443,4430.66529349531
7587,4432.63597718253
6731,4432.63597718253
5875,4512.486191378876
5019,4615.674897244287
4163,4615.674897244287
3307,5695.40499006758
2451,5413.918070816801
1595,5212.054614869505
739,5223.255232605788
40972,6311.814597668053
40116,6311.814597668053
39260,7613.261213045497
38404,7243.832366889414
37548,6998.270825194778
36692,7018.193129966012
35836,7018.193129966012
34980,6242.109429326073
34124,6242.109429326073
33268,5998.787178887783
32412,5914.04822456029
31556,5834.0764562826125
30700,5834.0764562826125
29844,6048.110557466112
28988,6189.510172839439
28132,6189.510172839439
27276,7397.5648770970565
26420,7061.693710802852
25564,6852.050147098231
24708,6863.250764834514
23852,6863.250764834514
22996,6187.990271220633
22140,6187.990271220633
21284,5848.619579597828
20428,5832.762036599476
19572,5858.515283174449
18716,5903.268093501496
17860,6072.549384357949
17004,6210.395078905925
16148,6210.395078905925
15292,7939.26185370377
14436,7175.962107079286
13580,6957.42886708383
12724,7014.71878550555
11868,7014.71878550555
11012,6255.454145393934
10156,6255.454145393934
9300,6057.816167718695
8444,5962.326803995971
7588,5964.297487683191
6732,5964.297487683191
5876,6068.932422277313
5020,6210.395078905925
4164,6210.395078905925
3308,7419.078020439267
2452,7095.765701693784
1596,6886.122137989162
740,6897.322755725445
40973,5144.925174690843
40117,5144.925174690843
39261,6394.7537752442295
38405,5979.800084434572
37549,5740.301333374435
36693,5734.776606844114
35837,5734.776606844114
34981,5072.329858043747
34125,5072.329858043747
33269,4851.549877896108
32413,4779.555841168882
31557,4716.525377465756
30701,4716.525377465756
29845,4891.075903784053
28989,5024.899503188722
28133,5024.899503188722
27277,6193.207984777795
26421,5802.83032997962
25565,5599.249556909496
24709,5585.003143344225
23853,5585.003143344225
22997,5023.379601569915
22141,5023.379601569915
21285,4723.492484812314
20429,4715.2109577826195
19573,4740.964204357592
18717,4785.717014684639
17861,4915.514730675889
17005,5045.784409255208
16149,5045.784409255208
15293,6811.272443659953
14437,5911.929824624445
13581,5699.459375263486
12725,5731.302262383652
11869,5731.302262383652
11013,5085.674574111607
10157,5085.674574111607
9301,4927.520171301572
8445,4839.606823547506
7589,4841.577507234726
6733,4841.577507234726
5877,4911.897768595253
5021,5045.784409255208
4165,5045.784409255208
3309,6214.721128120005
2453,5836.902320870551
1597,5633.321547800428
741,5619.075134235156
40974,6922.37469534493
40118,6922.37469534493
39262,8369.085645560883
38406,7957.732855020313
37550,7745.601541182908
36694,7727.287152829223
35838,7727.287152829223
34982,6873.431904945808
34126,6873.431904945808
33270,6575.6109902012795
32414,6512.1348180304885
31558,6485.10651633131
30702,6485.10651633131
29846,6698.027405659888
28990,6825.764427802145
28134,6825.764427802145
27278,8154.947396561274
26422,7794.715603757687
25566,7618.502267910296
24710,7619.753258543616
23854,7619.753258543616
22998,6812.0537399691075
22142,6812.0537399691075
21286,6474.312817051145
20430,6471.601310433942
19574,6497.3545570089145
18718,6526.030775113742
17862,6710.275446337493
17006,6834.4585476544
16150,6834.4585476544
15294,8820.368521293443
14438,7904.05222069115
13582,7718.949208552924
12726,7738.002433849725
11870,7738.002433849725
11014,6871.179622301487
10158,6871.179622301487
9302,6651.581283606743
8446,6572.42292269775
7590,6574.393606384971
6734,6574.393606384971
5878,6697.7602684918975
5022,6831.05233515645
4166,6831.05233515645
3310,8162.27091442252
2454,7814.597969167654
1598,7638.384633320263
742,7611.348557931627
40975,6581.984656379925
40119,6581.984656379925
39263,7667.531271023874
38407,7299.1865351668475
37551,7127.704322676572
36695,7115.182865156114
35839,7115.182865156114
34983,6512.279488037945
34127,6512.279488037945
33271,6223.142381310345
32415,6148.663357248593
31559,6068.691588970915
30703,6068.691588970915
29847,6305.822527771309
28991,6464.612010894282
28135,6464.612010894282
27279,7455.864288686612
26423,7121.979658423257
25567,6986.415423922996
24711,6965.172279367586
23855,6965.172279367586
22999,6463.092109275476
22143,6463.092109275476
21287,6077.906561363361
20431,6067.377169287779
19575,6093.130415862752
18719,6137.883226189799
17863,6330.2613546631455
17007,6485.496916960768
16151,6485.496916960768
15295,7953.507231439736
14439,7231.31627535672
13583,7086.8623645656235
12727,7111.708520695652
11871,7111.708520695652
11015,6525.624204105806
10159,6525.624204105806
9303,6282.171370141257
8447,6192.010157341303
7591,6193.980841028523
6735,6193.980841028523
5879,6326.64439258251
5023,6485.496916960768
4167,6485.496916960768
3311,7477.377432028822
2455,7156.051649314189
1599,7020.487414813927
743,6999.244270258518
40976,4354.103627242016
40120,4354.103627242016
39264,5221.008866619021
38408,5004.797665305925
37552,4801.147531223706
36696,4819.912726086306
35840,4819.912726086306
34984,4284.3984589000365
34128,4284.3984589000365
33272,4110.1152176860505
32416,4028.7573903043112
31560,3972.1738809401977
30704,3972.1738809401977
29848,4137.945814346849
28992,4238.9451627844455
28136,4238.9451627844455
27280,5034.063138905532
26424,4829.8049695904065
25568,4662.072813498202
24712,4672.116321325851
23856,4672.116321325851
23000,4237.425261165639
22144,4237.425261165639
21288,3984.034883341694
20432,3970.8594612570614
19576,3996.6127078320337
18720,4041.3655181590793
17864,4162.384641238686
17008,4259.830068850932
16152,4259.830068850932
15296,5517.021985537251
14440,4936.927405495798
13584,4760.305573112758
12728,4816.438381625844
11872,4816.438381625844
11016,4297.743174967897
10160,4297.743174967897
9304,4186.0855110915145
8448,4093.27826828251
7592,4095.24895196973
6736,4095.24895196973
5880,4158.76767915805
5024,4259.830068850932
4168,4259.830068850932
3312,5055.576282247742
2456,4863.876960481338
1600,4696.144804389133
744,4706.188312216782
40977,4488.443161624178
40121,4488.443161624178
39265,5724.080871648787
38409,5405.459068837806
37553,5167.677634900495
36697,5187.599939671729
35841,5187.599939671729
34985,4418.737993282199
34129,4418.737993282199
33273,4271.725469366106
32417,4194.562531007271
31561,4167.534229308092
30705,4167.534229308092
29849,4299.282698241769
28993,4366.138736795565
28137,4366.138736795565
27281,5531.555805031709
26425,5237.510038232209
25569,5035.646582284912
24713,5075.134266043151
23857,5075.134266043151
23001,4364.618835176759
22145,4364.618835176759
21289,4165.495516873001
20433,4154.029023410724
19577,4179.782269985697
18721,4208.458488090524
17865,4311.530738919374
17009,4387.023642862051
16153,4387.023642862051
15297,6131.328194351637
14441,5351.778434508643
13585,5141.025302270511
12729,5198.315220692231
11873,5198.315220692231
11017,4432.082709350059
10161,4432.082709350059
9305,4358.615512771648
8449,4267.517198584999
7593,4269.487882272219
6737,4269.487882272219
5881,4307.913776838738
5025,4387.023642862051
4169,4387.023642862051
3313,5538.879322892954
2457,5257.392403642176
1601,5055.528947694879
745,5066.729565431162
40978,4678.332804360472
40122,4678.332804360472
39266,5460.025292459208
38410,5243.814091146111
37554,5048.978421924389
36698,5067.743616786989
35842,5067.743616786989
34986,4629.390013961351
34130,4629.390013961351
33274,4442.270846367079
32418,4360.214012953305
31562,4333.1857112541265
30706,4333.1857112541265
29850,4466.725806481385
28994,4576.790757474717
28138,4576.790757474717
27282,5280.12322985564
26426,5075.865060540515
25570,4916.947369308807
24714,4955.277943158411
23858,4955.277943158411
23002,4563.080069641679
22146,4563.080069641679
21290,4336.040893873974
20434,4319.680505356759
19578,4345.433751931731
18722,4374.1099700365585
17866,4478.97384715899
17010,4585.484877326971
16154,4585.484877326971
15298,5737.867399806318
14442,5190.133456816949
13586,5022.326089294405
12730,5078.458897807492
11874,5078.458897807492
11018,4627.13773131703
10162,4627.13773131703
9306,4501.299835197991
8450,4408.492592388987
7594,4410.463276076207
6738,4410.463276076207
5882,4466.458669313394
5026,4582.078664829021
4170,4582.078664829021
3314,5287.4467477168855
2458,5095.747425950482
1602,4936.829734718774
746,4946.873242546422
40979,4817.627795805669
40123,4817.627795805669
39267,5607.074606137722
38411,5390.863404824626
37555,5187.213270742407
36699,5205.978465605007
35843,5205.978465605007
34987,4747.922627463689
34131,4747.922627463689
33275,4536.160446978073
32419,4454.1036135643
31563,4391.073149861174
30707,4391.073149861174
29851,4570.405432824453
28995,4695.323370977056
28139,4695.323370977056
27283,5412.98291805319
26427,5208.724748738065
25571,5040.99259264586
24715,5051.036100473509
23859,5051.036100473509
23003,4693.8034693582495
22147,4693.8034693582495
21291,4402.93415226267
20435,4389.758730178038
19579,4415.5119767530105
18723,4460.264787080057
17867,4594.844259716289
17011,4716.208277043542
16155,4716.208277043542
15299,5869.448773140991
14443,5322.993145014499
13587,5146.371312631459
12731,5202.504121144545
11875,5202.504121144545
11019,4761.26734353155
10163,4761.26734353155
9307,4612.130740383537
8451,4519.323497574533
7595,4521.294181261753
6739,4521.294181261753
5883,4591.2272976356535
5027,4716.208277043542
4171,4716.208277043542
3315,5434.4960613954
2459,5242.796739628996
1603,5075.064583536791
747,5085.10809136444
40980,5525.665515645953
40124,5525.665515645953
39268,6584.077267014982
38412,6239.423415016691
37556,5993.8618733220555
36700,6013.7841780932895
35844,6013.7841780932895
34988,5453.0701989988565
34132,5453.0701989988565
33276,5234.813069577038
32420,5159.859597265831
31564,5079.887828988154
30708,5079.887828988154
29852,5254.299203332437
28996,5405.639844143831
28140,5405.639844143831
27284,6382.531476548547
26428,6062.453660561739
25572,5852.810096857117
24716,5864.0107145934
23860,5864.0107145934
23004,5404.119942525025
22148,5404.119942525025
21292,5089.814371918692
20436,5078.573409305018
19580,5104.3266558799905
18724,5149.0794662070375
17868,5278.738030224274
17012,5426.5247502103175
16156,5426.5247502103175
15300,7220.630549143213
14444,6171.553155206564
13588,5953.019915211107
12732,6010.309833632828
11876,6010.309833632828
11020,5466.414915066717
10164,5466.414915066717
9308,5293.84205840795
8452,5202.969275069904
7596,5204.939958757124
6740,5204.939958757124
5884,5275.121068143638
5028,5426.5247502103175
4172,5426.5247502103175
3316,6404.0446198907575
2460,6096.52565145267
1604,5886.882087748048
748,5898.082705484331
40981,4679.500657701458
40125,4679.500657701458
39269,5743.4316458160065
38413,5424.809843005025
37557,5195.842873928211
36701,5215.765178699445
35845,5215.765178699445
34989,4609.795489359479
34133,4609.795489359479
33277,4423.274178272099
32421,4346.1112399132635
31565,4319.082938214085
30709,4319.082938214085
29853,4466.421604604043
28997,4557.196232872845
28141,4557.196232872845
27285,5550.906579198928
26429,5256.860812399428
25573,5063.811821312628
24717,5103.299505070867
23861,5103.299505070867
23005,4555.676331254039
22149,4555.676331254039
21293,4317.044225778994
20437,4305.577732316717
19581,4331.3309788916895
18725,4360.0071969965165
17869,4478.669645281648
17013,4578.081138939331
16157,4578.081138939331
15301,6360.081972098992
14445,5371.129208675862
13589,5169.190541298227
12733,5226.480459719947
11877,5226.480459719947
11021,4623.140205427339
10165,4623.140205427339
9309,4510.164221677641
8453,4419.065907490992
7597,4421.036591178212
6741,4421.036591178212
5885,4475.052683201012
5029,4578.081138939331
4173,4578.081138939331
3317,5558.230097060174
2461,5276.743177809395
1605,5083.694186722595
749,5094.894804458878
40982,5601.951351273823
40126,5601.951351273823
39270,6875.457653105133
38414,6462.8928733241855
37558,6223.394122264048
36702,6217.869395733727
35846,6217.869395733727
34990,5550.1184125695845
34134,5550.1184125695845
33278,5300.799264215111
32422,5227.8349807732975
31566,5200.806679074119
30710,5200.806679074119
29854,5365.225802012642
28998,5502.688057714559
28142,5502.688057714559
27286,6670.538170244564
26430,6300.112744350197
25574,6096.531971280074
24718,6110.572623736758
23862,6110.572623736758
23006,5488.977369881522
22150,5488.977369881522
21294,5199.738213353615
20438,5187.301473176751
19582,5213.0547197517235
18726,5241.730937856551
17870,5377.473842690247
17014,5511.382177566814
16158,5511.382177566814
15302,7518.575948034823
14446,6409.212238995023
13590,6196.741789634064
12734,6228.58467675423
11878,6228.58467675423
11022,5547.8661299252635
10166,5547.8661299252635
9310,5376.769557620575
8454,5287.885963151922
7598,5289.856646839142
6742,5289.856646839142
5886,5364.958664844651
5030,5507.975965068864
4174,5507.975965068864
3318,6677.86168810581
2462,6319.995109760164
1606,6116.414336690041
750,6102.167923124769
40983,5906.792435084125
40127,5906.792435084125
39271,7379.135599018099
38415,7009.7067528620155
37559,6764.145211167381
36703,6775.5021677091945
35847,6775.5021677091945
34991,5837.087266742145
34135,5837.087266742145
33279,5629.878029095761
32423,5545.139074768269
31567,5465.167306490591
30711,5465.167306490591
29855,5674.4093479311205
28999,5784.488010255511
28143,5784.488010255511
27287,7163.439263069658
26431,6827.568096775454
25575,6617.924533070833
24719,6620.559802577696
23863,6620.559802577696
23007,5782.968108636705
22151,5782.968108636705
21295,5479.7104298058075
20439,5463.852886807455
19583,5489.606133382428
18727,5534.358943709475
17871,5698.848174822958
17015,5805.372916321998
16159,5805.372916321998
15303,8073.18846895081
14447,6941.836493051889
13591,6723.303253056432
12735,6772.027823248733
11879,6772.027823248733
11023,5850.431982810005
10167,5850.431982810005
9311,5688.907017926675
8455,5593.41765420395
7599,5595.38833789117
6743,5595.38833789117
5887,5695.231212742322
5031,5805.372916321998
4175,5805.372916321998
3319,7184.95240641187
2463,6861.6400876663865
1607,6651.996523961765
751,6654.6317934686285
40984,5238.224361009054
40128,5238.224361009054
39272,6242.755645240809
38416,5916.5578264611695
37560,5662.181819906037
36704,5682.104124677271
35848,5682.104124677271
34992,5173.027809191246
34136,5173.027809191246
33280,4802.666665141863
32424,4708.308321535933
31568,4681.280019836754
30712,4681.280019836754
29856,4946.129487459862
29000,5110.8091634261755
28144,5110.8091634261755
27288,6040.6111893452935
26432,5738.989406577136
25576,5520.531378012018
24720,5560.0190617702565
23864,5560.0190617702565
23008,5109.289261807369
22152,5109.289261807369
21296,4686.817323370321
20440,4667.774813939386
19584,4693.528060514359
18728,4722.204278619186
17872,4958.3775281374665
17016,5131.694069492662
16160,5131.694069492662
15304,6883.187011025566
14448,5862.877192132007
13592,5635.529487276053
12736,5692.819405697774
11880,5692.819405697774
11024,5186.372525259107
10168,5186.372525259107
9312,4889.556708547405
8456,4790.882378392098
7600,4792.853062079318
6744,4792.853062079318
5888,4954.760566056831
5032,5131.694069492662
4176,5131.694069492662
3320,6062.124332687504
2464,5758.871771987103
1608,5540.413743421985
752,5551.6143611582675
40985,5976.06907602328
40129,5976.06907602328
39273,7137.471543909271
38417,6743.8417681387555
37561,6540.524919161846
36705,6522.210530808161
35849,6522.210530808161
34993,5906.363907681301
34137,5906.363907681301
33281,5678.670736838409
32425,5616.164811382204
31569,5536.1930431045275
30713,5536.1930431045275
29857,5720.040458869884
29001,5858.696430537637
28145,5858.696430537637
27289,6935.688631154198
26433,6566.634891395165
25577,6399.23602040827
24721,6372.199945019634
23865,6372.199945019634
23009,5857.1765289188315
22153,5857.1765289188315
21297,5533.434916891424
20441,5534.87862342139
19585,5560.631869996363
18729,5605.38468032341
17873,5744.479285761719
17017,5879.581336604124
16161,5879.581336604124
15305,7768.908793222567
14449,6675.971508328628
13593,6499.682961050898
12737,6518.736186347699
11881,6518.736186347699
11025,5919.70862374916
10169,5919.70862374916
9313,5737.69972566932
8457,5659.511611474914
7601,5661.482295162135
6745,5661.482295162135
5889,5740.862323681084
5033,5879.581336604124
4177,5879.581336604124
3321,6957.201774496409
2465,6600.7068822860965
1609,6433.308011299201
753,6406.271935910565
40986,5307.941655939033
40130,5307.941655939033
39274,6336.8996618125275
38418,6013.756503707573
37562,5833.459826356801
36706,5820.938368836343
35850,5820.938368836343
34994,5238.236487597053
34138,5238.236487597053
33282,5009.296094599744
32426,4931.855841570648
31570,4868.825377867523
30714,4868.825377867523
29858,5043.375904185819
29002,5185.63723111042
28146,5185.63723111042
27290,6129.282543982692
26434,5831.617847621012
25578,5687.239148260254
24722,5665.996003704845
23866,5665.996003704845
23010,5184.117329491613
22154,5184.117329491613
21298,4876.069799884341
20442,4867.510958184386
19586,4893.264204759359
18730,4938.017015086406
17874,5067.814731077656
17018,5206.522137176906
16162,5206.522137176906
15306,6595.432438589834
14450,5945.886243897446
13594,5792.617868245853
12738,5817.464024375881
11882,5817.464024375881
11026,5251.581203664914
10170,5251.581203664914
9314,5085.266388005208
8458,4997.075725580881
7602,4999.046409268101
6746,4999.046409268101
5890,5064.19776899702
5034,5206.522137176906
4178,5206.522137176906
3322,6150.795687324902
2466,5865.689838511943
1610,5721.311139151186
754,5700.067994595776
40987,4906.916302700919
40131,4906.916302700919
39275,6229.606113026783
38419,5817.041333245835
37563,5577.542582185697
36707,5572.0178556553765
35851,5572.0178556553765
34995,4837.2111343589395
34139,4837.2111343589395
33283,4631.229524205032
32427,4553.09633913161
31571,4526.068037432431
30715,4526.068037432431
29859,4690.487160370954
29003,4784.611877872306
28147,4784.611877872306
27291,6019.517728534604
26435,5649.092302640238
25579,5445.511529570114
24723,5459.552182026799
23867,5459.552182026799
23011,4783.0919762534995
22155,4783.0919762534995
21299,4524.999571711927
20443,4512.562831535063
19587,4538.316078110036
18731,4566.992296214863
17875,4702.735201048559
17019,4805.496783938792
16163,4805.496783938792
15307,6871.877853034719
14451,5763.360698916672
13595,5550.890249555713
12739,5582.733136675879
11883,5582.733136675879
11027,4850.5558504268
10171,4850.5558504268
9315,4718.119567610574
8459,4626.051006709338
7603,4628.021690396558
6747,4628.021690396558
5891,4699.118238967923
5035,4805.496783938792
4179,4805.496783938792
3323,6041.030871876815
2467,5668.974668050205
1611,5465.393894980081
755,5451.14748141481
40988,5832.157815932086
40132,5832.157815932086
39276,6685.652332613344
38420,6362.509174508389
37564,6182.212497157618
36708,6169.6910396371595
35852,6169.6910396371595
34996,5762.452647590107
34140,5762.452647590107
33284,5533.512254592797
32428,5456.072001563702
31572,5393.041537860576
30716,5393.041537860576
29860,5567.5920641788725
29004,5709.853391103473
28148,5709.853391103473
27292,6478.035214783508
26436,6180.370518421828
25580,6035.991819061071
24724,6014.748674505661
23868,6014.748674505661
23012,5708.333489484667
22156,5708.333489484667
21300,5400.285959877394
20444,5391.7271181774395
19588,5417.480364752412
18732,5462.233175079459
17876,5592.030891070709
17020,5730.738297169959
16164,5730.738297169959
15308,6934.5010698713095
14452,6294.638914698262
13596,6141.370539046669
12740,6166.216695176698
11884,6166.216695176698
11028,5775.797363657967
10172,5775.797363657967
9316,5609.482547998261
8460,5521.291885573934
7604,5523.262569261155
6748,5523.262569261155
5892,5588.413928990073
5036,5730.738297169959
4180,5730.738297169959
3324,6499.548358125719
2468,6214.442509312759
1612,6070.063809952002
756,6048.820665396593
40989,4562.498563932009
40133,4562.498563932009
39277,5532.221481069821
38421,5298.524401458819
37565,5072.601861004346
36709,5111.20895041049
35853,5111.20895041049
34997,4489.903247284913
34141,4489.903247284913
33285,4280.671859817562
32429,4194.164538756961
31573,4131.134075053835
30717,4131.134075053835
29861,4324.833943486387
29005,4432.853503151451
28149,4432.853503151451
27293,5333.67930533846
26437,5111.935257725429
25581,4921.93069526097
24725,4951.816097632163
23869,4951.816097632163
23013,4431.333601532645
22157,4431.333601532645
21301,4142.995077455331
20445,4129.819655370698
19589,4155.57290194567
18733,4200.325712272718
17877,4349.272770378224
17021,4453.738409217937
16165,4453.738409217937
15309,6157.797477079225
14453,5230.654141648692
13597,5031.759902893397
12741,5107.734605950028
11885,5107.734605950028
11029,4503.247963352774
10173,4503.247963352774
9317,4356.642153223026
8461,4263.834910414022
7605,4265.805594101242
6749,4265.805594101242
5893,4345.655808297588
5037,4453.738409217937
4181,4453.738409217937
3325,5355.19244868067
2469,5146.007248616361
1613,4956.002686151902
757,4985.888088523095
40990,4491.594785894616
40134,4491.594785894616
39278,5536.333438545154
38422,5302.636358934153
37566,5076.7138184796795
36710,5115.3209078858235
35854,5115.3209078858235
34998,4421.889617552636
34142,4421.889617552636
33286,4265.202830609394
32430,4183.845003227653
31574,4127.261493863538
30718,4127.261493863538
29862,4283.59738584912
29006,4376.436321437045
28150,4376.436321437045
27294,5349.387710831665
26438,5127.643663218634
25582,4937.639100754175
24726,4967.524503125368
23870,4967.524503125368
23014,4374.916419818239
22158,4374.916419818239
21302,4139.122496265034
20446,4125.947074180402
19590,4151.700320755374
18734,4196.453131082421
17878,4308.036212740956
17022,4397.321227503531
16166,4397.321227503531
15310,6208.023448148514
14454,5234.7660991240255
13598,5035.871860368731
12742,5111.846563425362
11886,5111.846563425362
11030,4435.234333620497
10174,4435.234333620497
9318,4341.173124014858
8462,4248.365881205854
7606,4250.336564893074
6750,4250.336564893074
5894,4304.41925066032
5038,4397.321227503531
4182,4397.321227503531
3326,5370.900854173875
2470,5161.715654109566
1614,4971.7110916451065
758,5001.596494016299
40991,5133.430539606414
40135,5133.430539606414
39279,6426.3263534107955
38423,5984.36833415425
37567,5753.684047954609
36711,5748.1593214242885
35855,5748.1593214242885
34999,5063.725371264434
34143,5063.725371264434
33287,4865.388176238018
32431,4804.752472902044
31575,4777.724171202864
30719,4777.724171202864
29863,4940.945833352907
29007,5018.272075148842
28151,5018.272075148842
27295,6223.38392928966
26439,5823.565263919696
25583,5628.798955710069
24727,5642.839608166753
23871,5642.839608166753
23015,5016.752173530037
22159,5016.752173530037
21303,4766.304184115957
20447,4764.218965305497
19591,4789.972211880469
18735,4818.648429985296
17879,4953.193874030512
17023,5039.156981215329
16167,5039.156981215329
15311,7054.424012532069
14455,5930.687699825087
13599,5727.031715324625
12743,5758.874602444791
11887,5758.874602444791
11031,5077.070087332294
10175,5077.070087332294
9319,4952.278219643561
8463,4870.561180108729
7607,4872.53186379595
6751,4872.53186379595
5895,4949.576911949876
5039,5039.156981215329
4183,5039.156981215329
3327,6230.707447150906
2471,5843.447629329663
1615,5648.681321120036
759,5634.434907554764
40992,4865.910242566432
40136,4865.910242566432
39280,5968.33521963872
38424,5649.713416827739
37568,5395.337410272607
36712,5415.2597150438405
35856,5415.2597150438405
35000,4793.314925919336
34144,4793.314925919336
33288,4523.9163012132985
32432,4442.302875207635
31576,4379.272411504509
30720,4379.272411504509
29864,4596.206892520835
29008,4736.265181785874
28152,4736.265181785874
27296,5757.170039893849
26440,5463.1242730943495
25584,5244.666244529231
24728,5255.866862265514
23872,5255.866862265514
23016,4734.745280167068
22160,4734.745280167068
21304,4386.239518851067
20448,4377.957991821373
19592,4403.711238396346
18736,4448.464048723393
17880,4620.6457194126715
17024,4757.15008785236
16168,4757.15008785236
15312,6355.948570551726
14456,5581.843157017612
13600,5354.495452161658
12744,5411.785370583379
11888,5411.785370583379
11032,4806.659641987197
10176,4806.659641987197
9320,4599.8865946187625
8464,4511.973246864696
7608,4513.943930551916
6752,4513.943930551916
5896,4617.028757332036
5040,4757.15008785236
4184,4757.15008785236
3328,5778.683183236059
2472,5497.196263985281
1616,5278.738235420163
760,5289.9388531564455
40993,4257.917493961153
40137,4257.917493961153
39281,5108.9046045799005
38425,4899.627159051595
37569,4695.9770249693765
36713,4722.58555146956
35857,4722.58555146956
35001,4207.993450174529
34145,4207.993450174529
33289,4048.6373640155675
32433,3971.7282323726736
31577,3944.6999306734947
30721,3944.6999306734947
29865,4085.8844410282463
29009,4163.305037085215
28153,4163.305037085215
27297,4907.8957739360985
26441,4707.626640798813
25585,4539.894484706609
24729,4578.225058556213
23873,4578.225058556213
23017,4161.785135466409
22161,4161.785135466409
21305,3944.5406436932108
20449,3927.2832847167206
19593,3945.0134475908853
18737,3973.6896656957124
17881,4086.1979579456365
17025,4176.166859450894
16169,4176.166859450894
15313,5321.603459351787
14457,4795.770887834068
13601,4619.149055451028
12745,4675.281863964115
11889,4675.281863964115
11033,4221.225925938902
10177,4221.225925938902
9321,4118.717805890972
8465,4025.0135926226926
7609,4026.9842763099127
6753,4026.9842763099127
5897,4073.682780100041
5041,4176.166859450894
4185,4176.166859450894
3329,4907.196208096537
2473,4715.5744824485655
1617,4547.842326356361
761,4557.88583418401
40994,5577.392355628913
40138,5577.392355628913
39282,6777.623132025422
38426,6378.166038850436
37570,6138.667287790298
36714,6133.142561259978
35858,6133.142561259978
35002,5507.687187286933
34146,5507.687187286933
33290,5300.5680033351155
32434,5215.829049007622
31578,5188.8007473084435
30722,5188.8007473084435
29866,5334.777317406164
29010,5455.0879308003
28154,5455.0879308003
27298,6585.098065408343
26442,6210.217008244839
25586,6006.636235174716
24730,6020.6768876314
23874,6020.6768876314
23018,5453.568029181493
22162,5453.568029181493
21306,5194.3380508420105
20450,5175.295541411076
19594,5201.048787986048
18738,5229.7250060908755
17882,5347.025358083769
17026,5475.972836866786
16170,5475.972836866786
15314,7451.092226402384
14458,6324.485404521273
13602,6112.0149551603145
12746,6143.85784228048
11890,6143.85784228048
11034,5521.031903354794
10178,5521.031903354794
9322,5387.458046740658
8466,5288.783716585351
7610,5290.754400272571
6754,5290.754400272571
5898,5343.408396003133
5042,5475.972836866786
4186,5475.972836866786
3330,6606.6112087505535
2474,6230.099373654806
1618,6026.518600584683
762,6012.272187019411
40995,5056.623052577244
40139,5056.623052577244
39283,5824.109893752622
38427,5607.898692439526
37571,5404.248558357307
36715,5423.013753219907
35859,5423.013753219907
35003,4986.917884235265
34147,4986.917884235265
33291,4753.195734592973
32435,4671.1389011792
31579,4608.108437476074
30723,4608.108437476074
29867,4787.440720439353
29011,4934.318627748631
28155,4934.318627748631
27299,5630.01820566809
26443,5425.760036352965
25587,5258.02788026076
24731,5268.071388088409
23875,5268.071388088409
23019,4932.798726129825
22163,4932.798726129825
21307,4619.96943987757
20451,4606.794017792938
19595,4632.54726436791
18739,4677.300074694957
17883,4811.879547331189
17027,4955.203533815117
16171,4955.203533815117
15315,6096.168100275232
14459,5540.028432629399
13603,5363.406600246359
12747,5419.539408759445
11891,5419.539408759445
11035,5000.2626003031255
10179,5000.2626003031255
9323,4829.166027998437
8467,4736.358785189433
7611,4738.329468876653
6755,4738.329468876653
5899,4808.2625852505535
5043,4955.203533815117
4187,4955.203533815117
3331,5651.5313490103
2475,5459.832027243896
1619,5292.099871151691
763,5302.14337897934
40996,5382.958701716888
40140,5382.958701716888
39284,6329.530910458557
38428,5957.462813434263
37572,5766.393271478581
36716,5766.661475781487
35860,5766.661475781487
35004,5313.253533374908
34148,5313.253533374908
33292,5084.313140377599
32436,5002.256306963825
31580,4939.225843260699
30724,4939.225843260699
29868,5113.776369578995
29012,5260.654276888275
28156,5260.654276888275
27300,6121.913792628721
26444,5775.324157347702
25588,5620.1725933820335
24732,5611.7191106499895
23876,5611.7191106499895
23020,5259.134375269468
22164,5259.134375269468
21308,4951.086845662195
20452,4937.911423577562
19596,4963.664670152535
18740,5008.417480479582
17884,5138.215196470832
17028,5281.539182954761
16172,5281.539182954761
15316,6578.3796477165215
14460,5889.592553624136
13604,5725.551313367632
12748,5763.187131321025
11892,5763.187131321025
11036,5326.598249442769
10180,5326.598249442769
9324,5160.283433783063
8468,5067.476190974058
7612,5069.446874661277
6756,5069.446874661277
5900,5134.598234390196
5044,5281.539182954761
4188,5281.539182954761
3332,6143.4269359709315
2476,5809.396148238633
1620,5654.244584272965
764,5645.791101540921
40997,5281.158687381133
40141,5281.158687381133
39285,6314.801921541583
38429,6005.639209862282
37573,5779.716669407809
36717,5795.402658571076
35861,5795.402658571076
35005,5215.962135563325
34149,5215.962135563325
33293,5004.61819683676
32437,4922.561363422987
31581,4859.530899719861
30725,4859.530899719861
29869,5024.645384617084
29013,5163.362879076692
28157,5163.362879076692
27301,6107.184803711748
26445,5823.500553775721
25589,5633.495991311262
24733,5640.460293439578
23877,5640.460293439578
23021,5161.842977457885
22165,5161.842977457885
21309,4871.391902121357
20453,4858.2164800367245
19597,4883.969726611697
18741,4928.722536938744
17885,5049.084211508921
17029,5184.247785143178
16173,5184.247785143178
15317,6962.625646607393
14461,5937.768950052155
13605,5738.87471129686
12749,5791.928314110614
11893,5791.928314110614
11037,5229.306851631186
10181,5229.306851631186
9325,5080.588490242224
8469,4987.7812474332195
7613,4989.75193112044
6757,4989.75193112044
5901,5045.467249428285
5045,5184.247785143178
4189,5184.247785143178
3333,6128.697947053958
2477,5857.572544666652
1621,5667.567982202193
765,5674.532284330509
40998,7053.168433500688
40142,7053.168433500688
39286,8504.526394205997
38430,8058.671711014856
37574,7855.354862037945
36718,7837.04047368426
35862,7837.04047368426
35006,7008.734259625739
34150,7008.734259625739
33294,6704.000154185956
32438,6647.282025202627
31582,6620.253723503449
30726,6620.253723503449
29870,6825.530197704535
29014,6956.135003139104
28158,6956.135003139104
27302,8285.456365863423
26446,7890.722680409259
25590,7723.3238094223625
24734,7724.574800055682
23878,7724.574800055682
23022,6942.424315306066
22166,6942.424315306066
21310,6597.7702016928515
20454,6606.748517606081
19598,6632.501764181054
18742,6661.177982285881
17886,6837.7782383821395
17030,6964.829122991358
16174,6964.829122991358
15318,9180.285572802672
14462,8022.448656054301
13606,7846.160108776569
12750,7865.213334073371
11894,7865.213334073371
11038,7024.76524171459
10182,7024.76524171459
9326,6795.870013572787
8470,6728.401475194228
7614,6730.372158881447
6758,6730.372158881447
5902,6858.103931092463
5046,6979.706175226583
4190,6979.706175226583
3334,8310.237463093275
2478,7928.062625187834
1622,7760.663754200938
766,7733.627678812301
40999,4746.790813730584
40143,4746.790813730584
39287,5909.380765526784
38431,5590.758962715802
37575,5352.977528778491
36719,5372.899833549725
35863,5372.899833549725
35007,4677.0856453886045
34151,4677.0856453886045
33295,4482.9199191737325
32439,4405.756980814897
31583,4378.7286791157185
30727,4378.7286791157185
29871,4533.7117606331685
29015,4624.486388901971
28159,4624.486388901971
27303,5716.855698909705
26447,5422.809932110205
25591,5220.946476162909
24735,5260.4341599211475
23879,5260.4341599211475
23023,4622.9664872831645
22167,4622.9664872831645
21311,4376.689966680628
20455,4365.223473218351
19599,4390.976719793323
18743,4419.65293789815
17887,4545.959801310773
17031,4645.371294968457
16175,4645.371294968457
15319,6225.819027877064
14463,5537.078328386639
13607,5326.3251961485075
12751,5383.615114570228
11895,5383.615114570228
11039,4690.430361456465
10183,4690.430361456465
9327,4569.809962579275
8471,4478.711648392626
7615,4480.682332079846
6759,4480.682332079846
5903,4542.3428392301375
5047,4645.371294968457
4191,4645.371294968457
3335,5724.179216770951
2479,5442.692297520172
1623,5240.828841572876
767,5252.0294593091585
41000,6521.76311859861
40144,6521.76311859861
39288,7218.88429531606
38432,6869.613862933092
37576,6624.052321238456
36720,6643.97462600969
35864,6643.97462600969
35008,6452.057950256631
34152,6452.057950256631
33296,5950.799170830996
32440,5856.440827225067
31584,5829.412525525888
30728,5829.412525525888
29872,6112.87477768268
29016,6389.83930449156
28160,6389.83930449156
27304,7016.739839420545
26448,6692.045443049058
25592,6482.401879344437
24736,6521.889563102675
23880,6521.889563102675
23024,6388.319402872754
22168,6388.319402872754
21312,5834.949829059455
20456,5815.90731962852
19600,5841.660566203493
18744,5870.33678430832
17888,6125.122818360285
17032,6410.724210558046
16176,6410.724210558046
15320,7829.744987104139
14464,6815.933228603929
13608,6597.399988608472
12752,6654.689907030192
11896,6654.689907030192
11040,6465.402666324491
10184,6465.402666324491
9328,6037.689214236539
8472,5939.014884081232
7616,5940.985567768452
6760,5940.985567768452
5904,6121.505856279649
5048,6410.724210558046
4192,6410.724210558046
3336,7038.252982762755
2480,6711.927808459025
1624,6502.2842447544035
768,6513.484862490686
41001,5003.406236050711
40145,5003.406236050711
39289,6271.750386683629
38433,5945.552567903989
37577,5691.176561348857
36721,5711.098866120091
35865,5711.098866120091
35009,4930.810919403615
34153,4930.810919403615
33297,4783.798395487523
32441,4704.228342791638
31585,4641.197879088512
30729,4641.197879088512
29873,4787.859508046945
29017,4883.38056454859
28161,4883.38056454859
27305,6070.204596217194
26449,5768.582813449037
25593,5550.124784883918
24737,5561.325402620201
23881,5561.325402620201
23025,4881.860662929784
22169,4881.860662929784
21313,4655.741002403728
20457,4639.883459405376
19601,4665.636705980349
18745,4710.389516307396
17889,4812.298334938781
17033,4904.265470615076
16177,4904.265470615076
15321,6919.548315345976
14465,5877.682308093862
13609,5650.334603237909
12753,5707.624521659629
11897,5707.624521659629
11041,4944.155635471476
10185,4944.155635471476
9329,4859.768688892987
8473,4764.279325170262
7617,4766.2500088574825
6761,4766.2500088574825
5905,4808.681372858146
5049,4904.265470615076
4193,4904.265470615076
3337,6091.717739559404
2481,5802.654804339968
1625,5584.19677577485
769,5595.397393511133
41002,6402.142778480408
40146,6402.142778480408
39290,7889.040838505909
38434,7407.737018742124
37578,7193.647305160304
36722,7188.122578629984
35866,7188.122578629984
35010,6332.437610138429
34154,6332.437610138429
33298,6046.679159615516
32442,5969.516221256682
31586,5942.487919557502
30730,5942.487919557502
29874,6152.546150403571
29018,6279.838353651794
28162,6279.838353651794
27306,7687.534128038433
26450,7239.787988136527
25594,7061.616252544722
24738,7075.656905001406
23882,7075.656905001406
23026,6278.318452032989
22170,6278.318452032989
21314,5940.449207122412
20458,5928.982713660134
19602,5954.735960235107
18746,5983.412178339934
17890,6164.794191081176
17034,6300.723259718281
16178,6300.723259718281
15322,8252.170831042364
14466,7354.056384412961
13610,7166.99497253032
12754,7198.837859650486
11898,7198.837859650486
11042,6345.782326206288
10186,6345.782326206288
9330,6133.569203021059
8474,6042.470888834409
7618,6044.44157252163
6762,6044.44157252163
5906,6161.17722900054
5050,6300.723259718281
4194,6300.723259718281
3338,7709.047271380643
2482,7259.670353546494
1626,7081.498617954689
770,7067.252204389417
41003,5373.986397448028
40147,5559.605355608476
39291,6223.070243312743
38435,5899.927085207788
37579,5719.6304078570165
36723,5707.108950336558
35867,5707.108950336558
35011,5304.281229106048
34155,5489.900187266497
33299,5075.340836108739
32443,4997.900583079643
31587,4934.870119376517
30731,4934.870119376517
29875,5109.420645694814
29019,5251.681972619414
28163,5437.300930779863
27307,6015.453125482907
26451,5717.788429121227
25595,5573.409729760469
24739,5552.16658520506
23883,5552.16658520506
23027,5250.162071000608
22171,5435.781029161057
21315,4942.1145413933355
20459,4933.555699693381
19603,4959.308946268354
18747,5004.061756595401
17891,5133.859472586651
17035,5272.5668786859005
16179,5458.185836846349
15323,6577.714414813797
14467,5832.056825397661
13611,5678.788449746068
12755,5703.634605876096
11899,5703.634605876096
11043,5317.625945173909
10187,5503.244903334357
9331,5151.311129514203
8475,5063.120467089876
7619,5065.091150777096
6763,5065.091150777096
5907,5130.242510506015
5051,5272.5668786859005
4195,5458.185836846349
3339,6036.966268825117
2483,5751.860420012158
1627,5607.481720651401
771,5586.238576095991
41004,5255.020095065819
40148,5255.020095065819
39292,6100.028644832982
38436,5857.276750370925
37580,5685.79453788065
36724,5673.273080360192
35868,5673.273080360192
35012,5189.823543248011
34156,5189.823543248011
33300,4953.969959555448
32444,4877.228712558385
31588,4850.200410859206
30732,4850.200410859206
29876,5008.640316364266
29020,5144.37024713242
28164,5144.37024713242
27308,5913.747112855153
26452,5696.473680136371
25596,5560.90944563611
24740,5567.953367102657
23884,5567.953367102657
23028,5142.850345513614
22172,5142.850345513614
21316,4854.885967433386
20460,4836.6952049618385
19604,4862.448451536811
18748,4891.124669641638
17892,5020.888357041871
17036,5165.255153198907
16180,5165.255153198907
15324,6353.029328666847
14468,5789.4064905607975
13612,5644.9525797697015
12756,5669.79873589973
11900,5669.79873589973
11044,5203.168259315872
10188,5203.168259315872
9332,5012.998948386361
8476,4924.8082859620345
7620,4926.778969649255
6764,4926.778969649255
5908,5008.3731791962755
5052,5165.255153198907
4196,5165.255153198907
3340,5921.070630716399
2484,5716.356045546338
1628,5580.791811046077
772,5559.5486664906675
41005,4567.9677941693335
40149,4567.9677941693335
39293,5271.970495229952
38437,5111.834807328818
37581,4916.999138107096
36725,4943.60766460728
35869,4943.60766460728
35013,4518.04375038271
34157,4518.04375038271
33301,4351.774473528493
32445,4274.865341885601
31589,4247.837040186422
30733,4247.837040186422
29877,4381.377135413681
29021,4473.355337293396
28165,4473.355337293396
27309,5113.797779160419
26453,4962.670403650305
25597,4803.752712418597
24741,4842.083286268202
23885,4842.083286268202
23029,4471.8354356745895
22173,4471.8354356745895
21317,4247.677753206138
20461,4230.420394229647
19605,4248.150557103812
18749,4252.150687066593
17893,4372.792436566111
17037,4486.217159659074
16181,4486.217159659074
15325,5522.180458315173
14469,5050.81465068556
13613,4883.007283163017
12757,4939.140091676103
11901,4939.140091676103
11045,4531.2762261470825
10189,4531.2762261470825
9333,4404.913610829348
8477,4311.209397561068
7621,4313.180081248288
6765,4313.180081248288
5909,4369.175474485475
5053,4486.217159659074
4197,4486.217159659074
3341,5113.098213320857
2485,4970.618245300057
1629,4811.700554068349
773,4821.744061895998
41006,4883.502469381347
40150,4883.502469381347
39294,6047.014592198345
38438,5728.392789387363
37582,5490.6113554500525
36726,5510.5336602212865
35870,5510.5336602212865
35014,4813.797301039367
34158,4813.797301039367
33302,4604.565913572016
32446,4517.783585934744
31590,4490.755284235565
30734,4490.755284235565
29878,4669.541992643362
29022,4751.578655274297
28166,4751.578655274297
27310,5844.870136302829
26454,5550.82436950333
25598,5348.960913556033
24742,5388.448597314272
23886,5388.448597314272
23030,4750.05875365549
22174,4750.05875365549
21318,4488.716571800474
20462,4477.250078338197
19606,4503.00332491317
18750,4531.679543017997
17894,4681.790033320967
17038,4772.463561340783
16182,4772.463561340783
15326,6667.8922812159935
14470,5674.712155058201
13614,5463.959022820069
12758,5521.248941241789
11902,5521.248941241789
11046,4827.142017107228
10190,4827.142017107228
9334,4691.455956977558
8478,4600.357642790909
7622,4602.328326478129
6766,4602.328326478129
5910,4678.173071240331
5054,4772.463561340783
4198,4772.463561340783
3342,5866.38327964504
2486,5570.706734913297
1630,5368.843278966
774,5380.043896702283
41007,6898.287262041528
40151,6898.287262041528
39295,8326.513435533223
38439,7880.658752342078
37583,7677.341903365167
36727,7659.027515011482
35871,7659.027515011482
35015,6833.090710223721
34159,6833.090710223721
33303,6558.511209318865
32447,6501.793080335537
31591,6474.764778636357
30735,6474.764778636357
29879,6680.0412528374445
29023,6780.491453737086
28167,6780.491453737086
27311,8107.443407190648
26455,7712.709721736481
25599,7545.3108507495845
24743,7546.561841382904
23887,7546.561841382904
23031,6778.971552118281
22175,6778.971552118281
21319,6452.28125682576
20463,6461.259572738989
19607,6487.012819313962
18751,6515.689037418789
17895,6692.289293515049
17039,6801.376359803573
16183,6801.376359803573
15327,8760.91990595341
14471,7812.78849253195
13615,7636.499945254219
12759,7655.55317055102
11903,7655.55317055102
11047,6846.43542629158
10191,6846.43542629158
9335,6617.540198149777
8479,6550.071659771218
7623,6552.042343458437
6767,6552.042343458437
5911,6679.774115669454
5055,6801.376359803573
4199,6801.376359803573
3343,8114.766925051894
2487,7732.592087146448
1631,7565.193216159551
775,7538.157140770915
41008,5046.706528484527
40152,5046.706528484527
39296,6344.9357128156535
38440,5906.8629204283125
37584,5676.178634228671
36728,5670.653907698351
35872,5670.653907698351
35016,4981.509976666719
34160,4981.509976666719
33304,4776.7755886672285
32448,4699.612650308394
31592,4619.640882030716
30736,4619.640882030716
29880,4808.270054441055
29024,4928.910720180084
28168,4928.910720180084
27312,6138.22102071761
26456,5724.724264341751
25600,5529.957956132124
24744,5515.711542566853
23888,5515.711542566853
23032,4927.390818561279
22176,4927.390818561279
21320,4626.607989377275
20464,4618.326462347581
19608,4644.079708922553
18752,4688.8325192496
17896,4832.708881332891
17040,4949.795626246571
16184,4949.795626246571
15328,6774.836496815798
14472,5838.992660618185
13616,5635.336676117723
12760,5667.179563237889
11904,5667.179563237889
11048,4994.854692734579
10192,4994.854692734579
9336,4835.804577498142
8480,4747.891229744076
7624,4749.861913431295
6768,4749.861913431295
5912,4829.091919252255
5056,4949.795626246571
4200,4949.795626246571
3344,6159.734164059821
2488,5758.796255232683
1632,5564.029947023056
776,5549.783533457784
41009,7113.472410836243
40153,7113.472410836243
39297,8554.330690422144
38441,8108.476007230998
37585,7905.159158254088
36729,7886.844769900403
35873,7886.844769900403
35017,7043.767242494264
34161,7043.767242494264
33305,6769.187741589409
32449,6712.46961260608
31593,6685.441310906902
30737,6685.441310906902
29881,6890.717785107988
29025,6991.167986007631
28169,6991.167986007631
27313,8335.260662079569
26457,7940.526976625401
25601,7773.128105638505
24745,7774.379096271825
23889,7774.379096271825
23033,6989.648084388824
22177,6989.648084388824
21321,6662.957789096305
20465,6671.936105009534
19609,6697.689351584507
18753,6726.365569689334
17897,6902.965825785593
17041,7012.052892074116
16185,7012.052892074116
15329,9211.763841556256
14473,8054.795372901835
13617,7878.506825624104
12761,7897.560050920905
11905,7897.560050920905
11049,7057.111958562125
10193,7057.111958562125
9337,6856.077784994952
8481,6785.424280183809
7625,6787.394963871028
6769,6787.394963871028
5913,6899.348863704957
5057,7012.052892074116
4201,7012.052892074116
3345,8356.773805421777
2489,7960.409342035368
1633,7793.010471048472
777,7765.974395659836
41010,5018.99823617603
40154,5018.99823617603
39298,6209.883957763996
38442,5883.686138984356
37586,5629.310132429224
36730,5649.232437200458
35874,5649.232437200458
35018,4946.402919528934
34162,4946.402919528934
33306,4752.237193314062
32450,4672.667140618178
31594,4609.636676915052
30738,4609.636676915052
29882,4779.532918457257
29026,4898.972564673909
28170,4898.972564673909
27314,6008.338167297561
26458,5706.7163845294035
25602,5488.258355964285
24746,5499.458973700568
23890,5499.458973700568
23034,4897.452663055103
22178,4897.452663055103
21322,4624.179800230268
20466,4608.3222572319155
19610,4634.075503806888
18754,4678.828314133935
17898,4803.971745349094
17042,4919.857470740395
16186,4919.857470740395
15330,6612.788568576347
14474,5815.815879174229
13618,5588.4681743182755
12762,5645.758092739996
11906,5645.758092739996
11050,4959.747635596795
10194,4959.747635596795
9338,4828.207486719526
8482,4732.718122996802
7626,4734.688806684022
6770,4734.688806684022
5914,4800.354783268458
5058,4919.857470740395
4202,4919.857470740395
3346,6029.851310639771
2490,5740.788375420335
1634,5522.330346855217
778,5533.5309645914995
41011,4830.324043984385
40155,4830.324043984385
39299,6018.322869556247
38443,5692.125050776607
37587,5446.5635090819715
36731,5466.485813853205
35875,5466.485813853205
35019,4760.618875642405
34163,4760.618875642405
33307,4606.693161031059
32451,4521.954206703566
31595,4441.982438425889
30739,4441.982438425889
29883,4597.940956831381
29027,4708.019619155772
28171,4708.019619155772
27315,5811.6081774582035
26459,5509.986394690046
25603,5300.342830985424
24747,5311.543448721707
23891,5311.543448721707
23035,4706.499717536965
22179,4706.499717536965
21323,4456.525561741105
20467,4440.668018742753
19611,4466.421265317726
18755,4511.1740756447725
17899,4622.379783723218
17043,4728.904525222258
16187,4728.904525222258
15331,6673.583273529833
14475,5624.25479096648
13619,5405.721550971023
12763,5463.0114693927435
11907,5463.0114693927435
11051,4773.963591710266
10195,4773.963591710266
9339,4665.722149861972
8483,4570.232786139248
7627,4572.203469826468
6771,4572.203469826468
5915,4618.762821642582
5059,4728.904525222258
4203,4728.904525222258
3347,5833.121320800414
2491,5544.058385580977
1635,5334.414821876356
779,5345.6154396126385
41012,6965.746620733877
40156,6965.746620733877
39300,8392.936254550921
38444,7956.075451403959
37588,7752.758602427049
36732,7734.444214073364
35876,7734.444214073364
35020,6900.550068916069
34164,6900.550068916069
33308,6619.57337503814
32452,6557.067449581935
31596,6530.039147882757
30740,6530.039147882757
29884,6735.315622083845
29028,6852.882591772407
28172,6852.882591772407
27316,8196.361323426416
26460,7793.058200141333
25604,7625.659329154437
24748,7626.910319787757
23892,7626.910319787757
23036,6851.3626901536
22180,6851.3626901536
21324,6518.275201888005
20468,6516.533941985389
19612,6542.287188560362
18756,6570.963406665189
17900,6747.563662761449
17044,6873.767497838892
16188,6873.767497838892
15332,8744.102351864005
14476,7902.394817074796
13620,7726.106269797065
12764,7745.159495093866
11908,7745.159495093866
11052,6924.081919118301
10196,6924.081919118301
9340,6688.789498003423
8484,6610.6013838090175
7628,6612.572067496237
6772,6612.572067496237
5916,6745.235619050224
5060,6883.954631973264
4204,6883.954631973264
3348,8203.684841287664
2492,7812.9405655513
1636,7645.541694564404
780,7618.505619175768
41013,5189.881901088019
40157,5189.881901088019
39301,6508.0286219004165
38445,6066.070602643871
37589,5835.38631644423
36733,5829.8615899139095
35877,5829.8615899139095
35021,5120.176732746039
34165,5120.176732746039
33309,4907.281931896878
32453,4846.646228560904
31597,4773.121414622237
30741,4773.121414622237
29885,4961.750587032575
29029,5074.723436630447
28173,5074.723436630447
27317,6290.896572298317
26461,5891.077906928353
25605,5696.311598718726
24749,5682.065185153454
23893,5682.065185153454
23037,5073.203535011642
22181,5073.203535011642
21325,4764.260292977967
20469,4771.8069949391
19613,4797.560241514073
18757,4842.31305184112
17901,4986.189413924412
17045,5095.608342696934
16189,5095.608342696934
15333,6832.7045742306045
14477,5998.200342833744
13621,5794.544358333282
12765,5826.387245453448
11909,5826.387245453448
11053,5133.521448813899
10197,5133.521448813899
9341,4966.310920727791
8485,4894.225801964552
7629,4896.196485651773
6773,4896.196485651773
5917,4982.572451843776
5061,5095.608342696934
4205,5095.608342696934
3349,6312.409715640527
2493,5925.149897819284
1637,5730.383589609657
781,5716.137176044385
41014,6837.273321421559
40158,6837.273321421559
39302,8339.787359855642
38446,7836.142280004001
37590,7605.45799380436
36734,7599.933267274039
35878,7599.933267274039
35022,6764.678004774461
34166,6764.678004774461
33310,6475.540898046861
32454,6423.991670695141
31598,6396.963368995963
30742,6396.963368995963
29886,6602.239843197049
29030,6717.247649919437
28174,6717.247649919437
27318,8125.886233144675
26462,7673.362151030013
25606,7478.595842820386
24750,7492.63649527707
23894,7492.63649527707
23038,6715.72774830063
22182,6715.72774830063
21326,6374.4798471853655
20470,6383.458163098595
19614,6409.211409673568
18758,6437.887627778395
17902,6614.487883874654
17046,6738.132555985922
16190,6738.132555985922
15334,9002.759056880144
14478,7782.461645674838
13622,7578.805661174376
12766,7610.648548294542
11910,7610.648548294542
11054,6778.022720842323
10198,6778.022720842323
9342,6562.430941452404
8486,6491.777436641261
7630,6493.748120328481
6774,6493.748120328481
5918,6610.870921794018
5062,6738.132555985922
4206,6738.132555985922
3350,8147.399376486886
2494,7693.24451643998
1638,7498.478208230353
782,7484.231794665081
41015,4816.133687556316
40159,4816.133687556316
39303,5685.31415785888
38447,5469.102956545784
37591,5265.452822463565
36735,5284.218017326165
35879,5284.218017326165
35023,4764.300748852077
34167,4764.300748852077
33311,4584.094771953059
32455,4507.206840170894
31599,4480.178538471715
30743,4480.178538471715
29887,4621.363048826465
29031,4716.870393997052
28175,4716.870393997052
27319,5510.580996886921
26463,5306.322827571796
25607,5138.590671479591
24751,5176.921245329196
23895,5176.921245329196
23039,4703.159706164014
22183,4703.159706164014
21327,4483.033721091562
20471,4466.673332574347
19615,4492.42657914932
18759,4521.102797254147
17903,4633.61108950407
17047,4725.564513849306
16191,4725.564513849306
15335,5955.693789894752
14479,5415.422322216621
13623,5238.800489833581
12767,5294.9332983466675
11911,5294.9332983466675
11055,4762.048466207756
10199,4762.048466207756
9343,4660.065065358523
8487,4567.257822549518
7631,4569.228506236738
6775,4569.228506236738
5919,4621.0959116584745
5063,4722.158301351356
4207,4722.158301351356
3351,5517.904514748167
2495,5326.205192981763
1639,5158.473036889558
783,5168.516544717207
41016,5286.442027497069
40160,5286.442027497069
39304,5926.151196262768
38448,5709.939994949672
37592,5515.10432572795
36736,5533.86952059055
35880,5533.86952059055
35024,5216.736859155089
34168,5216.736859155089
33312,4994.544071658347
32456,4912.487238244574
31600,4832.5154699668965
30744,4832.5154699668965
29888,5002.702089536432
29032,5164.137602668456
28176,5164.137602668456
27320,5732.059508178236
26464,5527.801338863111
25608,5368.883647631403
24752,5378.927155459051
23896,5378.927155459051
23040,5162.617701049649
22184,5162.617701049649
21328,4844.376472368393
20472,4831.20105028376
19616,4856.954296858733
18760,4901.70710718578
17904,5027.140916428269
17048,5185.022508734942
16192,5185.022508734942
15336,6192.884396524444
14480,5642.069735139545
13624,5474.2623676170015
12768,5530.395176130088
11912,5530.395176130088
11056,5230.08157522295
10200,5230.08157522295
9344,5053.57306048926
8488,4960.765817680255
7632,4962.736501367475
6776,4962.736501367475
5920,5023.523954347633
5064,5185.022508734942
4208,5185.022508734942
3352,5753.572651520446
2496,5561.873329754042
1640,5402.955638522334
784,5412.999146349983
41017,5168.123290954357
40161,5168.123290954357
39305,5948.434722068354
38449,5656.757888686958
37593,5474.502811591773
36737,5474.771015894679
35881,5474.771015894679
35025,5102.926739136549
34169,5102.926739136549
33313,4867.073155443986
32457,4785.715328062245
31601,4758.687026363066
30745,4758.687026363066
29889,4917.126931868126
29033,5057.473443020958
28177,5057.473443020958
27321,5762.153190090526
26465,5495.954818452404
25609,5349.617719347233
24753,5369.451302637144
23897,5369.451302637144
23041,5055.953541402152
22185,5055.953541402152
21329,4767.989163321924
20473,4745.181820465698
19617,4770.935067040671
18761,4799.611285145498
17905,4929.374972545731
17049,5078.358349087444
16193,5078.358349087444
15337,6201.435405902219
14481,5588.887628876831
13625,5433.660853480825
12769,5471.296671434217
11913,5471.296671434217
11057,5116.27145520441
10201,5116.27145520441
9345,4926.102144274899
8489,4833.294901465894
7633,4835.265585153114
6777,4835.265585153114
5921,4916.859794700135
5065,5078.358349087444
4209,5078.358349087444
3353,5769.4767079517715
2497,5515.837183862371
1641,5369.5000847572
785,5361.046602025155
41018,4774.645875261671
40162,4774.645875261671
39306,5568.503356410267
38450,5352.2921550971705
37594,5148.642021014952
36738,5167.407215877552
35882,5167.407215877552
35026,4704.940706919691
34170,4704.940706919691
33314,4493.178526434075
32458,4411.121693020302
31602,4384.093391321123
30746,4384.093391321123
29890,4548.512514259646
29034,4652.341450433058
28178,4652.341450433058
27322,5388.601293806699
26466,5184.343124491574
25610,5016.610968399369
24754,5054.941542248974
23898,5054.941542248974
23042,4650.821548814251
22186,4650.821548814251
21330,4386.94857394097
20474,4370.588185423755
19618,4396.341431998728
18762,4425.017650103555
17906,4560.760554937251
17050,4673.226356499544
16194,4673.226356499544
15338,5836.066790225787
14482,5298.611520768008
13626,5121.989688384968
12770,5178.122496898054
11914,5178.122496898054
11058,4718.285422987552
10202,4718.285422987552
9346,4569.148819839539
8490,4476.341577030535
7634,4478.312260717755
6778,4478.312260717755
5922,4548.245377091655
5066,4673.226356499544
4210,4673.226356499544
3354,5395.924811667945
2498,5204.225489901541
1642,5036.493333809336
786,5046.536841636985
41019,5250.035001358638
40163,5250.035001358638
39307,6476.938193057584
38451,6150.740374277944
37595,5896.364367722812
36739,5907.721324264627
35883,5907.721324264627
35027,5184.83844954083
34171,5184.83844954083
33315,4968.055911515935
32459,4887.63292530111
31603,4831.049415936995
30747,4831.049415936995
29891,4987.385307922576
29035,5139.385153425239
28179,5139.385153425239
27323,6277.369461330583
26467,5975.747678562426
25611,5757.289649997308
24755,5759.924919504171
23899,5759.924919504171
23043,5137.865251806433
22187,5137.865251806433
21331,4841.9755771715745
20475,4826.118034173222
19619,4851.871280748195
18763,4896.624091075242
17907,5008.207172733777
17051,5160.270059491725
16195,5160.270059491725
15339,6838.980429082591
14483,6082.870114467817
13627,5855.522409611864
12771,5904.246979804165
11915,5904.246979804165
11059,5198.183165608691
10203,5198.183165608691
9347,5044.026204921399
8491,4948.536841198675
7635,4950.507524885895
6779,4950.507524885895
5923,5008.207172733777
5067,5160.270059491725
4211,5160.270059491725
3355,6298.882604672794
2499,6009.819669453357
1643,5791.361640888239
787,5793.9969103951025
41020,5414.471455947954
40164,5414.471455947954
39308,6717.013203557537
38452,6271.364395201538
37596,6040.680109001897
36740,6035.155382471577
35884,6035.155382471577
35028,5344.766287605975
34172,5344.766287605975
33316,5186.838494211954
32460,5102.09953988446
31604,5075.071238185282
30748,5075.071238185282
29892,5208.611333412539
29036,5292.167031119342
28180,5292.167031119342
27324,6524.488136940458
26468,6103.415364595941
25612,5908.649056386314
24756,5922.689708842999
23900,5922.689708842999
23044,5290.647129500535
22188,5290.647129500535
21332,5080.608541718848
20476,5061.566032287914
19620,5087.319278862887
18764,5115.995496967714
17908,5220.859374090144
17052,5313.051937185827
16196,5313.051937185827
15340,7372.750904484185
14484,6217.683760872375
13628,6014.027776371913
12772,6045.870663492079
11916,6045.870663492079
11060,5358.111003673836
10204,5358.111003673836
9348,5273.728537617495
8492,5175.054207462189
7636,5177.024891149408
6780,5177.024891149408
5924,5217.242412009508
5068,5313.051937185827
4212,5313.051937185827
3356,6546.001280282669
2500,6123.297730005908
1644,5928.531421796281
788,5914.28500823101
41021,4686.563568604459
40165,4686.563568604459
39309,5957.797867542493
38453,5631.6000487628535
37597,5377.224042207721
36741,5397.146346978955
35885,5397.146346978955
35029,4616.858400262479
34173,4616.858400262479
33317,4469.845876346387
32461,4385.106922018894
31605,4322.076458315768
30749,4322.076458315768
29893,4468.738087274201
29037,4564.259143775846
28181,4564.259143775846
27325,5751.08317544445
26469,5449.461392676292
25613,5231.003364111174
24757,5242.203981847457
23901,5242.203981847457
23045,4562.739242157039
22189,4562.739242157039
21333,4336.619581630984
20477,4320.762038632632
19621,4346.515285207604
18765,4391.268095534651
17909,4493.176914166037
17053,4585.144049842332
16197,4585.144049842332
15341,6618.383277777013
14485,5563.729788952726
13629,5336.382084096773
12773,5393.672002518493
11917,5393.672002518493
11061,4630.20311633034
10205,4630.20311633034
9349,4545.816169751851
8493,4450.326806029127
7637,4452.297489716347
6781,4452.297489716347
5925,4489.559952085401
5069,4585.144049842332
4213,4585.144049842332
3357,5772.59631878666
2501,5483.533383567224
1645,5265.075355002105
789,5276.275972738388
41022,5962.164250501657
40166,5962.164250501657
39310,7053.7559258163255
38454,6794.313697126785
37598,6590.663563044566
36742,6609.428757907166
35886,6609.428757907166
35030,5892.459082159678
34174,5892.459082159678
33318,5627.413378639024
32462,5545.356545225251
31606,5482.326081522125
30750,5482.326081522125
29894,5714.941887520441
29038,5839.859825673044
28182,5839.859825673044
27326,6850.682593881395
26470,6612.175041040224
25614,6444.442884948019
24758,6454.486392775668
23902,6454.486392775668
23046,5838.339924054238
22190,5838.339924054238
21334,5494.187083923621
20478,5481.011661838988
19622,5506.764908413961
18766,5551.517718741008
17910,5739.3807144122775
17054,5860.74473173953
16198,5860.74473173953
15342,7360.862177942455
14486,6726.443437316658
13630,6549.821604933618
12774,6605.954413446704
11918,6605.954413446704
11062,5905.803798227538
10206,5905.803798227538
9350,5703.383672044488
8494,5610.576429235483
7638,5612.5471129227035
6782,5612.5471129227035
5926,5735.763752331642
5070,5860.74473173953
4214,5860.74473173953
3358,6872.195737223606
2502,6646.247031931155
1646,6478.5148758389505
790,6488.558383666599
41023,6837.369027853844
40167,6837.369027853844
39311,8087.414372984901
38455,7762.428543445643
37599,7544.23443897374
36743,7551.3670819216095
35887,7551.3670819216095
35031,6767.663859511865
34175,6767.663859511865
33319,6496.123207055009
32463,6426.041265630147
31607,6346.06949735247
30751,6346.06949735247
29895,6573.76439473179
29039,6719.996382368202
28183,6719.996382368202
27327,7876.649816379431
26471,7585.221666702053
25615,7402.945540220164
24759,7401.356496133082
23903,7401.356496133082
23047,6718.476480749396
22191,6718.476480749396
21335,6350.887387108025
20479,6344.755077669333
19623,6370.508324244306
18767,6415.261134571353
17911,6598.203221623627
17055,6740.881288434688
16199,6740.881288434688
15343,8749.969649817684
14487,7694.558283635516
13631,7503.392480862792
12775,7547.892737461148
11919,7547.892737461148
11063,6781.008575579725
10207,6781.008575579725
9351,6555.152195885921
8495,6469.388065722857
7639,6471.3587494100775
6783,6471.3587494100775
5927,6594.586259542991
5071,6740.881288434688
4215,6740.881288434688
3359,7898.1629597216415
2503,7619.293657592984
1647,7437.017531111095
791,7435.4284870240135
41024,4771.066918867057
40168,4771.066918867057
39312,5547.5940277351165
38456,5331.38282642202
37600,5136.547157200298
36744,5155.312352062898
35888,5155.312352062898
35032,4701.361750525078
34176,4701.361750525078
33320,4529.8395816429875
32464,4447.782748229214
31608,4367.810979951537
30752,4367.810979951537
29896,4533.205539778102
29040,4648.762494038444
28184,4648.762494038444
27328,5353.502339650584
26472,5149.244170335459
25616,4990.326479103751
24760,5000.3699869314
23904,5000.3699869314
23048,4647.242592419638
22192,4647.242592419638
21336,4379.671982353033
20480,4366.496560268401
19624,4392.249806843373
18768,4437.00261717042
17912,4557.644366669939
17056,4669.64740010493
16200,4669.64740010493
15344,5820.246868269975
14488,5263.512566611893
13632,5095.70519908935
12776,5151.838007602436
11920,5151.838007602436
11064,4714.706466592938
10208,4714.706466592938
9352,4588.8685704739
8496,4496.0613276648955
7640,4498.032011352116
6784,4498.032011352116
5928,4554.027404589303
5072,4669.64740010493
4216,4669.64740010493
3360,5375.015482992794
2504,5183.31616122639
1648,5024.398469994682
792,5034.441977822331
41025,6506.526252438224
40169,6506.526252438224
39313,7578.884222154083
38457,7290.930749939954
37601,7110.634072589181
36745,7098.112615068723
35889,7098.112615068723
35033,6433.930935791128
34177,6433.930935791128
33321,6151.707019758781
32465,6082.396897328637
31609,6055.3685956294585
30753,6055.3685956294585
29897,6268.289484958037
29041,6391.432360279074
28185,6391.432360279074
27329,7386.5757669293935
26473,7133.0824003089365
25617,6988.703700948178
24761,6995.747622414725
23905,6995.747622414725
23049,6389.9124586602675
22193,6389.9124586602675
21337,6055.5777482402555
20481,6041.863389732091
19625,6067.616636307063
18769,6096.29285441189
17913,6280.537525635642
17057,6412.31726634556
16201,6412.31726634556
15345,7861.9895123549795
14489,7237.250115610791
13633,7083.9817399591975
12777,7108.827896089226
11921,7108.827896089226
11065,6447.275651858989
10209,6447.275651858989
9353,6238.597063164323
8497,6145.250883931786
7641,6147.221567619006
6785,6147.221567619006
5929,6276.920563555006
5073,6412.31726634556
4217,6412.31726634556
3361,7408.088910271604
2505,7152.964765718903
1649,7008.586066358145
793,6987.342921802736
41026,4924.079567261259
40170,4924.079567261259
39314,6124.131362289419
38458,5805.509559478437
37602,5559.948017783801
36746,5571.304974325616
35890,5571.304974325616
35034,4854.37439891928
34178,4854.37439891928
33322,4715.006290130679
32466,4637.843351771844
31610,4557.871583494167
30754,4557.871583494167
29898,4713.830101899659
29042,4801.775142432646
28186,4801.775142432646
27330,5917.4166701913755
26474,5623.370903391876
25618,5413.727339687254
24762,5416.362609194118
23906,5416.362609194118
23050,4800.25524081384
22194,4800.25524081384
21338,4564.838690840725
20482,4556.5571638110305
19626,4582.310410386003
18770,4627.06322071305
17914,4738.2689287914955
17058,4822.660048499132
16202,4822.660048499132
15346,6444.487292468493
14490,5737.63929966831
13634,5519.106059672853
12778,5567.830629865154
11922,5567.830629865154
11066,4867.7191149871405
10210,4867.7191149871405
9354,4774.035278961592
8498,4686.121931207525
7642,4688.092614894746
6786,4688.092614894746
5930,4734.65196671086
5074,4822.660048499132
4218,4822.660048499132
3362,5938.929813533586
2506,5657.442894282807
1650,5447.799330578186
794,5450.434600085049
41027,5634.348966109265
40171,5634.348966109265
39315,6684.614308812185
38459,6405.326869443047
37603,6129.1200168017685
36747,6136.252659749638
35891,6136.252659749638
35035,5561.753649462169
34179,5561.753649462169
33323,5243.359175451809
32467,5166.362329830824
31611,5103.331866127698
30755,5103.331866127698
29899,5315.484590499042
29043,5504.703905328707
28187,5504.703905328707
27331,6473.449129067314
26475,6218.737725709658
25619,5978.448851058393
24763,5976.859806971312
23907,5976.859806971312
23051,5503.184003709901
22195,5503.184003709901
21339,5105.682393089578
20483,5102.017446444562
19627,5127.7706930195345
18771,5172.5235033465815
17915,5339.923417390878
17059,5525.588811395193
16203,5525.588811395193
15347,7291.647660534897
14491,6337.45660963292
13635,6088.27805869082
12779,6132.778315289176
11923,6132.778315289176
11067,5575.09836553003
10211,5575.09836553003
9355,5319.329468857273
8499,5236.032701487885
7643,5238.003385175105
6787,5238.003385175105
5931,5336.306455310242
5075,5525.588811395193
4219,5525.588811395193
3363,6494.962272409524
2507,6252.809716600589
1651,6012.520841949325
795,6010.931797862243
41028,5932.404464032712
40172,5932.404464032712
39316,6718.580958177233
38460,6392.383139397593
37604,6138.007132842461
36748,6157.929437613695
35892,6157.929437613695
35036,5859.809147385616
34180,5859.809147385616
33324,5362.696829723547
32468,5274.206393781258
31612,5247.178092082079
30756,5247.178092082079
29900,5532.940836814317
29044,5809.9053636231965
28188,5809.9053636231965
27332,6528.751364284369
26476,6227.129581516211
25620,6008.671552951093
24764,6048.159236709332
23908,6048.159236709332
23052,5808.38546200439
22196,5808.38546200439
21340,5259.162349954657
20484,5233.672886184711
19628,5259.426132759684
18772,5288.102350864511
17916,5545.188877491922
17060,5830.790269689683
16204,5830.790269689683
15348,7374.06439622265
14492,6338.702505068431
13636,6111.354800212477
12780,6168.6447186341975
11924,6168.6447186341975
11068,5873.153863453476
10212,5873.153863453476
9356,5449.586873129089
8500,5344.465588634772
7644,5346.436272321992
6788,5346.436272321992
5932,5541.571915411286
5076,5830.790269689683
4220,5830.790269689683
3364,6550.264507626579
2508,6247.011946926178
1652,6028.55391836106
796,6039.754536097343
41029,5284.202329302255
40173,5284.202329302255
39317,6428.739702342573
38461,6084.085850344282
37605,5829.70984378915
36749,5849.632148560384
35893,5849.632148560384
35037,5214.497160960275
34181,5214.497160960275
33325,5003.15322223371
32469,4923.030848290895
31613,4860.000384587769
30757,4860.000384587769
29901,5025.114869484993
29045,5161.897904473642
28189,5161.897904473642
27333,6222.02501024453
26477,5901.947194257721
25621,5683.489165692603
24765,5694.689783428886
23909,5694.689783428886
23053,5160.378002854835
22197,5160.378002854835
21341,4869.926927518307
20485,4858.685964904633
19629,4884.439211479606
18773,4929.1920218066525
17917,5049.553696376829
17061,5182.782810540128
16205,5182.782810540128
15349,6844.4317947270965
14493,6016.215590534155
13637,5788.867885678202
12781,5846.157804099922
11925,5846.157804099922
11069,5227.841877028136
10213,5227.841877028136
9357,5079.123515639174
8501,4988.250732301128
7645,4990.221415988348
6789,4990.221415988348
5933,5045.936734296193
5077,5182.782810540128
4221,5182.782810540128
3365,6243.53815358674
2509,5936.0191851486525
1653,5717.561156583534
797,5728.761774319817
41030,4687.080420078696
40174,4687.080420078696
39318,6069.383341209619
38462,5656.818561428671
37606,5417.319810368534
36750,5411.795083838213
35894,5411.795083838213
35038,4614.4851034316
34182,4614.4851034316
33326,4440.201862217614
32470,4367.936584807832
31614,4340.908283108653
30758,4340.908283108653
29902,4498.214010829563
29046,4574.200708947617
28190,4574.200708947617
27334,5871.609818720092
26478,5501.184392825726
25622,5297.603619755602
24766,5311.6442722122865
23910,5311.6442722122865
23054,4572.680807328811
22198,4572.680807328811
21342,4346.28677172716
20486,4327.403077211286
19630,4353.156323786258
18774,4381.832541891085
17918,4510.462051507168
17062,4595.0856150141035
16206,4595.0856150141035
15350,6716.90287176782
14494,5603.1379270995085
13638,5390.66747773855
12782,5422.510364858716
11926,5422.510364858716
11070,4627.82981949946
10214,4627.82981949946
9358,4527.091905623156
8502,4428.576390382909
7646,4430.547074070129
6790,4430.547074070129
5934,4506.8450894265325
5078,4595.0856150141035
4222,4595.0856150141035
3366,5878.933336581338
2510,5521.066758235693
1654,5317.485985165569
798,5303.2395716002975
41031,5307.280843552369
40175,5307.280843552369
39319,6007.401181265689
38463,5762.678736428004
37607,5591.19652393773
36751,5578.675066417271
35895,5578.675066417271
35039,5234.685526905273
34183,5234.685526905273
33327,4998.83194321271
32471,4929.5218207825665
31615,4902.493519083388
30759,4902.493519083388
29903,5054.486470249437
29047,5192.186951393219
28191,5192.186951393219
27335,5824.0743698913975
26479,5604.830386796987
25623,5469.266152296726
24767,5476.310073763273
23911,5476.310073763273
23055,5190.667049774413
22199,5190.667049774413
21343,4902.702671694185
20487,4888.98831318602
19631,4914.7415597609925
18775,4943.4177778658195
17919,5066.734510927042
17063,5213.071857459705
16207,5213.071857459705
15351,6274.8295222110855
14495,5694.808476617877
13639,5550.354565826781
12783,5575.2007219568095
11927,5575.2007219568095
11071,5248.030242973134
10215,5248.030242973134
9359,5057.860932043623
8503,4967.699719243668
7647,4969.6704029308885
6791,4969.6704029308885
5935,5054.219333081446
5079,5213.071857459705
4223,5213.071857459705
3367,5831.397887752643
2511,5624.712752206954
1655,5489.148517706693
799,5467.905373151284
41032,5588.999633536998
40176,5588.999633536998
39320,6828.541505930118
38464,6397.520692930519
37608,6158.021941870381
36752,6152.49721534006
35896,6152.49721534006
35040,5519.294465195018
34184,5519.294465195018
33328,5285.431707659519
32472,5215.53206505141
31616,5152.501601348285
30760,5152.501601348285
29904,5327.052127666581
29048,5466.695208708385
28192,5466.695208708385
27336,6604.263495956975
26480,6215.382036843957
25624,6011.801263773834
24768,5997.554850208562
23912,5997.554850208562
23056,5465.175307089578
22200,5465.175307089578
21344,5152.205412944116
20488,5147.570219584512
19632,5173.323466159485
18776,5218.076276486532
17920,5347.873992477782
17064,5487.580114774871
16208,5487.580114774871
15352,7240.284338042914
14496,6329.650433120391
13640,6117.179983759433
12784,6149.0228708795985
11928,6149.0228708795985
11072,5532.639181262879
10216,5532.639181262879
9360,5361.402001064983
8504,5277.134986981007
7648,5279.1056706682275
6792,5279.1056706682275
5936,5347.873992477782
5080,5487.580114774871
4224,5487.580114774871
3368,6625.776639299185
2512,6249.454027734889
1656,6045.873254664765
800,6031.6268410994935
41033,6693.027753686816
40177,6693.027753686816
39321,8005.22632080644
38465,7612.724861047026
37609,7367.16331935239
36753,7378.520275894205
35897,7378.520275894205
35041,6627.8312018690085
34185,6627.8312018690085
33329,6356.290549412152
32473,6271.551595084659
31617,6244.52329338548
30761,6244.52329338548
29905,6440.363726165494
29049,6575.231945382375
28193,6575.231945382375
27337,7803.719610338963
26481,7444.775830441429
25625,7235.132266736808
24769,7266.054602265627
23913,7266.054602265627
23057,6573.7120437635685
22201,6573.7120437635685
21345,6250.060596919047
20489,6231.0180874881125
19633,6256.771334063085
18777,6285.447552167912
17921,6452.611766843099
17065,6596.116851448861
16209,6596.116851448861
15353,8693.359550465962
14497,7544.854601236899
13641,7326.321361241442
12785,7375.045931433743
11929,7375.045931433743
11073,6641.175917936869
10217,6641.175917936869
9361,6415.319538243065
8505,6319.830174520341
7649,6321.800858207561
6793,6321.800858207561
5937,6440.096588997503
5081,6596.116851448861
4225,6596.116851448861
3369,7811.043128200209
2513,7464.658195851396
1657,7255.014632146775
801,7257.649901653638
41034,4714.131761824046
40178,4714.131761824046
39322,6074.643365992291
38466,5682.762288785963
37610,5443.263537725826
36754,5437.738811195505
35898,5437.738811195505
35042,4648.935210006239
34186,4648.935210006239
33330,4492.486644669073
32474,4415.323706310238
31618,4388.295404611059
30762,4388.295404611059
29906,4529.479914965809
29050,4596.335953519605
28194,4596.335953519605
27338,5882.118299375213
26482,5514.813258180367
25626,5311.232485110243
24770,5325.273137566927
23914,5325.273137566927
23058,4594.816051900799
22202,4594.816051900799
21346,4386.256692175968
20490,4374.790198713691
19634,4400.543445288664
18778,4429.219663393491
17922,4541.727955643414
17066,4617.220859586091
16210,4617.220859586091
15354,6734.478423875327
14498,5629.081654456801
13642,5416.611205095842
12786,5448.454092216008
11930,5448.454092216008
11074,4662.279926074099
10218,4662.279926074099
9362,4579.376688074615
8506,4488.278373887966
7650,4490.249057575186
6794,4490.249057575186
5938,4538.110993562778
5082,4617.220859586091
4226,4617.220859586091
3370,5903.631442717423
2514,5534.6956235903335
1658,5331.11485052021
802,5316.868436954938
41035,7090.516650907867
40179,7090.516650907867
39323,8515.4728991263
38467,8078.612095979337
37611,7875.295247002427
36755,7856.980858648742
35899,7856.980858648742
35043,7038.683712203629
34187,7038.683712203629
33331,6742.110019613517
32475,6684.772995788922
31619,6657.744694089743
30763,6657.744694089743
29907,6863.02116829083
29051,6996.185136691575
28195,6996.185136691575
27339,8324.066869633403
26483,7920.76374634832
25627,7753.364875361423
24771,7754.615865994743
23915,7754.615865994743
23059,6982.4744488585375
22203,6982.4744488585375
21347,6645.980748094992
20491,6644.239488192375
19635,6669.992734767347
18779,6698.6689528721745
17923,6875.269208968435
17067,7004.87925654383
16211,7004.87925654383
15355,8862.938092670574
14499,8024.931461650174
13643,7848.642914372443
12787,7867.696139669244
11931,7867.696139669244
11075,7036.431429559308
10219,7036.431429559308
9363,6801.13900844443
8507,6722.950894250024
7651,6724.9215779372435
6795,6724.9215779372435
5939,6862.7540311228395
5083,7001.47304404588
4227,7001.47304404588
3371,8331.390387494648
2515,7940.646111758287
1659,7773.24724077139
803,7746.211165382754
41036,4536.0827617698915
40180,4536.0827617698915
39324,5603.887203375664
38468,5370.1901237646625
37612,5144.267583310189
36756,5174.309324486914
35900,5174.309324486914
35044,4466.377593427912
34188,4466.377593427912
33332,4309.69080648467
32476,4228.332979102929
31620,4201.30467740375
30764,4201.30467740375
29908,4349.174363703587
29052,4420.924297312321
28196,4420.924297312321
27340,5431.131101143139
26484,5209.3870535301085
25628,5019.382491065649
24772,5068.989611229379
23916,5068.989611229379
23060,4419.404395693515
22204,4419.404395693515
21348,4210.606814362608
20492,4187.799471506382
19636,4213.552718081355
18780,4242.228936186182
17924,4361.422404381192
17068,4441.809203378807
16212,4441.809203378807
15356,6306.716142321544
14500,5316.5094894355
13644,5117.6152506802055
12788,5185.024605507417
11932,5185.024605507417
11076,4479.722309495773
10220,4479.722309495773
9364,4396.580849890212
8508,4294.141686309615
7652,4296.112369996835
6796,4296.112369996835
5940,4357.805442300556
5084,4441.809203378807
4228,4441.809203378807
3372,5438.454619004385
2516,5229.269418940075
1660,5039.264856475616
804,5060.58491061739
41037,5640.155113747991
40181,5640.155113747991
39325,6611.781186853793
38469,6324.917731515997
37613,6106.723627044093
36757,6113.856269991962
35901,6113.856269991962
35045,5570.4499454060115
34189,5570.4499454060115
33333,5352.192815984193
32477,5272.070442041378
31621,5192.0986737637
30765,5192.0986737637
29909,5366.5100481079835
29053,5517.850688919378
28197,5517.850688919378
27341,6405.06649475575
26485,6142.779075429436
25629,5960.5029489475455
24773,5958.913904860464
23917,5958.913904860464
23061,5516.3307873005715
22205,5516.3307873005715
21349,5202.025216694238
20493,5190.784254080564
19637,5216.537500655537
18781,5261.290310982584
17925,5390.94887499982
17069,5538.735594985864
16213,5538.735594985864
15357,7022.1482729773825
14501,6257.04747170587
13645,6065.881668933144
12789,6110.3819255315
11933,6110.3819255315
11077,5583.794661473872
10221,5583.794661473872
9365,5411.221804815105
8509,5320.349021477059
7653,5322.319705164279
6797,5322.319705164279
5941,5387.331912919184
5085,5538.735594985864
4229,5538.735594985864
3373,6426.57963809796
2517,6176.851066320367
1661,5994.574939838477
805,5992.985895751395
41038,5284.947994982422
40182,5284.947994982422
39326,6017.310525182626
38470,5801.09932386953
37614,5597.449189787311
36758,5616.214384649911
35902,5616.214384649911
35046,5233.115056278183
34190,5233.115056278183
33334,5002.238460764513
32478,4925.350528982348
31622,4898.322227283169
30766,4898.322227283169
29910,5044.2987973808895
29054,5185.684701423158
28198,5185.684701423158
27342,5842.577364210667
26486,5638.319194895542
25630,5470.587038803337
24774,5508.917612652942
23918,5508.917612652942
23062,5171.97401359012
22206,5171.97401359012
21350,4901.177409903016
20494,4884.817021385801
19638,4910.570267960774
18782,4939.246486065601
17926,5056.546838058494
17070,5194.3788212754125
16214,5194.3788212754125
15358,6281.770516945316
14502,5747.418689540367
13646,5570.796857157327
12790,5612.740040189449
11934,5612.740040189449
11078,5230.862773633862
10222,5230.862773633862
9366,5078.208754169977
8510,4985.401511360972
7654,4987.372195048192
6798,4987.372195048192
5942,5044.031660212899
5086,5190.9726087774625
4230,5190.9726087774625
3374,5849.900882071913
2518,5658.201560305509
1662,5490.469404213304
806,5500.512912040953
41039,6000.519937522133
40183,6000.519937522133
39327,6989.286733246311
38471,6707.5319310834975
37615,6489.337826611593
36759,6496.470469559463
35903,6496.470469559463
35047,5930.814769180153
34191,5930.814769180153
33335,5686.4111139543675
32479,5619.946134610142
31623,5592.917832910963
30767,5592.917832910963
29911,5735.474742655939
29055,5883.14729203649
28199,5883.14729203649
27343,6801.693445972203
26487,6544.514679820872
25631,6362.238553338982
24775,6388.936575273856
23919,6388.936575273856
23063,5881.627390417684
22207,5881.627390417684
21351,5585.112940804233
20495,5575.795664932959
19639,5601.548911507932
18783,5630.225129612759
17927,5744.105821252908
17071,5904.0321981029765
16215,5904.0321981029765
15359,7381.862636964807
14503,6639.66167127337
13647,6448.495868500645
12791,6492.996125099001
11935,6492.996125099001
11079,5944.159485248014
10223,5944.159485248014
9367,5745.44010278528
8511,5659.675972622216
7655,5661.646656309436
6799,5661.646656309436
5943,5735.207605487948
5087,5904.0321981029765
4231,5904.0321981029765
3375,6809.016963833449
2519,6564.397045230839
1663,6382.1209187489485
807,6380.531874661867
41040,6761.789119296142
40184,6761.789119296142
39328,8034.900253382434
38472,7704.805770668194
37616,7486.611666196289
36760,7485.178960914739
35904,7485.178960914739
35048,6692.083950954163
34192,6692.083950954163
33336,6420.543298497307
32480,6340.420924554492
31624,6313.392622855313
30768,6313.392622855313
29912,6509.233055635326
29056,6639.484694467529
28200,6639.484694467529
27344,7833.393542914958
26488,7536.856740062597
25632,7354.580613580706
24776,7372.713287286161
23920,7372.713287286161
23064,6637.964792848723
22208,6637.964792848723
21352,6314.313346004202
20496,6299.887416957945
19640,6325.640663532918
18784,6354.316881637745
17928,6521.481096312931
17072,6660.369600534015
16216,6660.369600534015
15360,8728.222749854212
14504,7651.125136339031
13648,7459.959333566305
12792,7495.894241935242
11936,7495.894241935242
11080,6705.428667022024
10224,6705.428667022024
9368,6507.433341902849
8512,6413.37559213222
7656,6415.34627581944
6800,6415.34627581944
5944,6517.864134232295
5088,6660.369600534015
4232,6660.369600534015
3376,7854.906686257168
2520,7556.739105472564
1664,7374.462978990673
808,7364.308586674172
41041,6210.682826728053
40185,6210.682826728053
39329,7306.621160950499
38473,6962.847842451502
37617,6780.592765356318
36761,6780.860969659224
35905,6780.860969659224
35049,6145.486274910246
34193,6145.486274910246
33337,5856.349168182645
32481,5778.90891515355
31625,5751.880613454371
30769,5751.880613454371
29913,5957.157087655458
29057,6092.887018423612
28201,6092.887018423612
27345,7104.21202475123
26489,6794.898811845906
25633,6648.561712740735
24777,6668.395296030646
23921,6668.395296030646
23065,6091.367116804806
22209,6091.367116804806
21353,5750.11921568954
20497,5738.375407557003
19641,5764.128654131976
18785,5792.804872236803
17929,5969.405128333063
17073,6113.771924490098
16217,6113.771924490098
15361,7594.876977070391
14505,6894.977582641375
13649,6739.750807245369
12793,6777.386625198762
11937,6777.386625198762
11081,6158.8309909781065
10225,6158.8309909781065
9369,5915.378157013558
8513,5827.187494589231
7657,5829.1581782764515
6801,5829.1581782764515
5945,5956.889950487467
5089,6113.771924490098
4233,6113.771924490098
3377,7111.535542612476
2521,6814.7811772558725
1665,6668.444078150702
809,6659.990595418657
41042,5185.967213045737
40186,5185.967213045737
39330,6575.791792571377
38474,6133.833773314832
37618,5903.149487115191
36762,5897.62476058487
35906,5897.62476058487
35050,5116.262044703757
34194,5116.262044703757
33338,4944.739875821666
32482,4883.405166453659
31626,4803.433398175983
30770,4803.433398175983
29914,4968.827958002548
29058,5063.662788217122
28202,5063.662788217122
27346,6351.513782598235
26490,5951.695117228271
25634,5756.928809018644
24778,5742.682395453372
23922,5742.682395453372
23066,5062.142886598317
22210,5062.142886598317
21354,4794.572276531712
20498,4802.118978492846
19642,4827.872225067818
18786,4872.625035394865
17930,4993.266784894384
17074,5084.547694283609
16218,5084.547694283609
15362,6896.910432337914
14506,6065.963513504705
13650,5862.3075290042425
12794,5894.150416124408
11938,5894.150416124408
11082,5129.606760771617
10226,5129.606760771617
9370,5003.768864652579
8514,4931.683745889341
7658,4933.654429576562
6802,4933.654429576562
5946,4989.649822813748
5090,5084.547694283609
4234,5084.547694283609
3378,6373.026925940445
2522,5985.767108119202
1666,5791.000799909575
810,5776.754386344303
41043,5230.025761463433
40187,5230.025761463433
39331,6106.798596382921
38475,5806.256305260369
37619,5615.186763304688
36763,5615.454967607594
35907,5615.454967607594
35051,5157.430444816337
34195,5157.430444816337
33339,4918.815788791878
32483,4847.243443426423
31627,4820.215141727244
30771,4820.215141727244
29915,4995.973725386945
29059,5117.146050332354
28203,5117.146050332354
27347,5925.685966036701
26491,5650.622136657424
25635,5495.470572691756
24779,5515.3041559816675
23923,5515.3041559816675
23067,5115.626148713548
22211,5115.626148713548
21355,4824.900698301424
20499,4806.7099358298765
19643,4832.463182404849
18787,4859.851571281191
17931,4999.32355029959
17075,5138.03095639884
16219,5138.03095639884
15363,6360.895124191151
14507,5738.386045450242
13651,5574.344805193739
12795,5611.980623147132
11939,5611.980623147132
11083,5170.775160884197
10227,5170.775160884197
9371,4994.786082197342
8515,4906.595419773015
7659,4908.566103460235
6803,4908.566103460235
5947,4995.7065882189545
5091,5138.03095639884
4235,5138.03095639884
3379,5933.009483897947
2523,5670.504502067391
1667,5515.352938101723
811,5506.899455369678
41044,5405.8294337517345
40188,5405.8294337517345
39332,6467.13133342588
38476,6122.47748142759
37620,5876.915939732954
36764,5896.838244504188
35908,5896.838244504188
35052,5336.124265409755
34196,5336.124265409755
33340,5117.867135987936
32484,5037.744762045121
31628,4957.772993767444
30772,4957.772993767444
29916,5132.184368111727
29060,5283.525008923121
28204,5283.525008923121
27348,6260.416641327837
26492,5940.3388253410285
25636,5730.695261636407
24780,5741.89587937269
23924,5741.89587937269
23068,5282.005107304315
22212,5282.005107304315
21356,4967.699536697982
20500,4956.458574084308
19644,4982.21182065928
18788,5026.964630986327
17932,5156.6231950035635
17076,5304.409914989607
16220,5304.409914989607
15364,6877.49841954947
14508,6054.6072216174625
13652,5836.073981622006
12796,5893.363900043726
11940,5893.363900043726
11084,5349.468981477616
10228,5349.468981477616
9372,5176.896124818849
8516,5086.023341480803
7660,5087.994025168023
6804,5087.994025168023
5948,5153.006232922928
5092,5304.409914989607
4236,5304.409914989607
3380,6281.929784670047
2524,5974.41081623196
1668,5764.767252527338
812,5775.967870263621
41045,6703.136224353523
40189,6703.136224353523
39333,7788.682838997473
38477,7456.886678611607
37621,7285.404466121331
36765,7272.883008600873
35909,7272.883008600873
35053,6633.431056011544
34197,6633.431056011544
33341,6344.293949283943
32485,6306.363500693352
31629,6279.335198994173
30773,6279.335198994173
29917,6484.61167319526
29061,6585.763578867881
28205,6585.763578867881
27349,7591.205482141175
26493,7293.869427348981
25637,7158.305192848719
24781,7165.349114315266
23925,7165.349114315266
23069,6584.243677249075
22213,6584.243677249075
21357,6242.995776133809
20501,6265.829993096805
19645,6291.583239671778
18789,6320.259457776605
17933,6496.859713872865
17077,6606.648484934367
16221,6606.648484934367
15365,8063.536192756767
14509,7403.206044282444
13653,7258.752133491347
12797,7283.598289621375
11941,7283.598289621375
11085,6646.775772079404
10229,6646.775772079404
9373,6431.183992689485
8517,6374.386388928109
7661,6376.357072615329
6805,6376.357072615329
5949,6493.242751792229
5093,6606.648484934367
4237,6606.648484934367
3381,7598.529000002421
2525,7313.751792758948
1669,7178.187558258686
813,7156.944413703277
41046,6226.419107629965
40190,6226.419107629965
39334,7743.837101645671
38478,7374.408255489588
37622,7120.032248934455
36766,7131.38920547627
35910,7131.38920547627
35054,6161.222555812157
34198,6161.222555812157
33342,5951.802865676679
32486,5867.063911349186
31630,5840.035609650007
30774,5840.035609650007
29918,6025.067601618722
29062,6108.6232993255235
28206,6108.6232993255235
27350,7542.330391178195
26494,7206.459224883991
25638,6988.001196318873
24782,7018.923531847692
23926,7018.923531847692
23070,6107.103397706717
22214,6107.103397706717
21358,5845.572913183574
20502,5826.530403752639
19646,5852.283650327612
18790,5880.959868432439
17934,6037.315642296327
17078,6129.50820539201
16222,6129.50820539201
15366,8230.56683074989
14510,7320.727621160425
13654,7093.379916304471
12798,7142.104486496773
11942,7142.104486496773
11086,6174.567271880018
10230,6174.567271880018
9374,6027.773159082143
8518,5932.283795359419
7662,5934.254479046639
6806,5934.254479046639
5950,6024.800464450731
5094,6129.50820539201
4238,6129.50820539201
3382,7549.653909039441
2526,7226.341590293958
1670,7007.88356172884
814,7010.518831235703
41047,5664.130428744001
40191,5664.130428744001
39335,6447.532178405335
38479,6124.38902030038
37623,5952.906807810105
36767,5940.385350289647
35911,5940.385350289647
35055,5594.425260402021
34199,5594.425260402021
33343,5358.571676709458
32487,5281.131423680363
31631,5254.103121981184
30775,5254.103121981184
29919,5406.096073147233
29063,5541.826003915387
28207,5541.826003915387
27351,6254.104686056464
26495,5956.439989694783
25639,5820.875755194523
24783,5827.919676661069
23927,5827.919676661069
23071,5540.306102296581
22215,5540.306102296581
21359,5252.341724216353
20503,5240.597916083816
19647,5266.351162658789
18791,5270.351292621569
17935,5409.445898059878
17079,5562.710909981874
16223,5562.710909981874
15367,6700.739948921708
14511,6056.518760490253
13655,5912.064849699157
12799,5936.911005829185
11943,5936.911005829185
11087,5607.769976469882
10231,5607.769976469882
9375,5417.600665540371
8519,5329.410003116044
7663,5331.380686803264
6807,5331.380686803264
5951,5405.8289359792425
5095,5562.710909981874
4239,5562.710909981874
3383,6261.42820391771
2527,5976.32235510475
1671,5840.75812060449
815,5819.51497604908
41048,4800.397192958932
40192,4800.397192958932
39336,5576.924301826991
38480,5360.7131005138945
37624,5165.877431292172
36768,5184.642626154772
35912,5184.642626154772
35056,4730.692024616952
34200,4730.692024616952
33344,4559.169855734862
32488,4477.1130223210885
31632,4397.141254043411
30776,4397.141254043411
29920,4562.535813869977
29064,4678.092768130318
28208,4678.092768130318
27352,5382.832613742458
26496,5178.574444427333
25640,5019.656753195625
24784,5029.700261023274
23928,5029.700261023274
23072,4676.572866511512
22216,4676.572866511512
21360,4409.002256444907
20504,4395.826834360275
19648,4421.580080935248
18792,4466.332891262295
17936,4586.974640761813
17080,4698.977674196804
16224,4698.977674196804
15368,5849.577142361849
14512,5292.842840703767
13656,5125.035473181224
12800,5181.16828169431
11944,5181.16828169431
11088,4744.036740684813
10232,4744.036740684813
9376,4618.198844565774
8520,4525.39160175677
7664,4527.36228544399
6808,4527.36228544399
5952,4583.357678681177
5096,4698.977674196804
4240,4698.977674196804
3384,5404.345757084669
2528,5212.646435318265
1672,5053.728744086557
816,5063.772251914205
41049,5222.794133952402
40193,5222.794133952402
39337,6498.380739690451
38481,6098.923646515465
37625,5859.424895455328
36769,5853.900168925007
35913,5853.900168925007
35057,5153.088965610423
34201,5153.088965610423
33345,4945.969781658605
32489,4861.230827331112
31633,4834.202525631933
30777,4834.202525631933
29921,4980.179095729653
29065,5100.489709123789
28209,5100.489709123789
27353,6305.855673073373
26497,5930.974615909869
25641,5727.393842839745
24785,5741.434495296429
23929,5741.434495296429
23073,5098.969807504983
22217,5098.969807504983
21361,4839.7398291655
20505,4820.697319734565
19649,4846.450566309538
18793,4875.126784414365
17937,4992.427136407258
17081,5121.374615190275
16225,5121.374615190275
15369,6841.657330132091
14513,6045.243012186303
13657,5832.772562825344
12801,5864.61544994551
11945,5864.61544994551
11089,5166.433681678283
10233,5166.433681678283
9377,5032.859825064147
8521,4934.18549490884
7665,4936.15617859606
6809,4936.15617859606
5953,4988.8101743266225
5097,5121.374615190275
4241,5121.374615190275
3385,6327.368816415583
2529,5950.8569813198355
1673,5747.276208249712
817,5733.02979468444
41050,5330.29629528254
40194,5330.29629528254
39338,6290.350542150042
38482,5909.416987384593
37626,5718.347445428912
36770,5718.615649731818
35914,5718.615649731818
35058,5260.591126940561
34202,5260.591126940561
33346,5031.650733943251
32490,4954.210480914156
31634,4891.18001721103
30778,4891.18001721103
29922,5065.7305435293265
29066,5207.991870453927
28210,5207.991870453927
27354,6082.733424320207
26498,5727.278331298032
25642,5572.126767332365
24786,5563.67328460032
23930,5563.67328460032
23074,5206.471968835121
22218,5206.471968835121
21362,4898.424439227848
20506,4889.865597527893
19650,4915.618844102866
18794,4960.371654429913
17938,5090.169370421163
17082,5228.876776520413
16226,5228.876776520413
15370,6548.883318927349
14514,5841.546727574466
13658,5677.505487317963
12802,5715.141305271356
11946,5715.141305271356
11090,5273.935843008421
10234,5273.935843008421
9378,5107.621027348715
8522,5019.430364924388
7666,5021.4010486116085
6810,5021.4010486116085
5954,5086.552408340527
5098,5228.876776520413
4242,5228.876776520413
3386,6104.246567662417
2530,5761.350322188963
1674,5606.198758223296
818,5597.745275491251
41051,6682.6961540706125
40195,6682.6961540706125
39339,7757.229949215625
38483,7388.885213358598
37627,7217.403000868322
36771,7204.881543347864
35915,7204.881543347864
35059,6612.990985728633
34203,6612.990985728633
33347,6338.411484823777
32491,6263.932460762025
31635,6236.904159062846
30779,6236.904159062846
29923,6442.1806332639335
29067,6565.32350858497
28211,6565.32350858497
27355,7559.7525923593275
26499,7225.867962095972
25643,7090.30372759571
24787,7097.347649062257
23931,7097.347649062257
23075,6563.803606966164
22219,6563.803606966164
21363,6237.113311673643
20507,6223.398953165478
19651,6249.152199740451
18795,6277.828417845278
17939,6454.428673941538
17083,6586.208414651456
16227,6586.208414651456
15371,8040.621677106939
14515,7335.204579029435
13659,7190.750668238338
12803,7215.5968243683665
11947,7215.5968243683665
11091,6626.335701796494
10235,6626.335701796494
9379,6425.301528229319
8523,6331.955348996782
7667,6333.926032684002
6811,6333.926032684002
5955,6450.8117118609025
5099,6586.208414651456
4243,6586.208414651456
3387,7581.265735701538
2531,7245.750327505939
1675,7110.186093005677
819,7088.942948450268
41052,6677.270883504663
40196,6677.270883504663
39340,7910.175506017345
38484,7587.657039271762
37628,7369.462934799857
36772,7376.595577747727
35916,7376.595577747727
35060,6607.565715162684
34204,6607.565715162684
33348,6336.025062705828
32492,6263.47870473167
31636,6236.4504030324915
30780,6236.4504030324915
29924,6432.290835812505
29068,6554.96645867605
28212,6554.96645867605
27356,7708.668795549868
26500,7419.708008666165
25644,7237.431882184274
24788,7264.129904119149
23932,7264.129904119149
23076,6553.446557057244
22220,6553.446557057244
21364,6229.795110212723
20508,6222.945197135124
19652,6248.698443710096
18796,6277.3746618149235
17940,6444.53887649011
17084,6575.851364742536
16228,6575.851364742536
15372,8589.883944885752
14516,7533.976404942599
13660,7342.810602169873
12804,7387.310858768229
11948,7387.310858768229
11092,6620.910431230544
10236,6620.910431230544
9380,6422.91510611137
8524,6336.433372309399
7668,6338.404055996619
6812,6338.404055996619
5956,6440.921914409474
5100,6575.851364742536
4244,6575.851364742536
3388,7715.992313411114
2532,7439.590374076132
1676,7257.314247594241
820,7255.72520350716
41053,4649.699075414604
40197,4649.699075414604
39341,5420.378744014402
38485,5204.167542701306
37629,5009.331873479584
36773,5028.097068342184
35917,5028.097068342184
35061,4600.756285015482
34205,4600.756285015482
33349,4428.194723243955
32493,4346.836895862214
31637,4319.808594163035
30781,4319.808594163035
29925,4459.795643729304
29069,4555.302988899891
28213,4555.302988899891
27357,5247.622641781877
26501,5043.364472466752
25645,4884.446781235044
24789,4922.777355084649
23933,4922.777355084649
23077,4541.592301066853
22221,4541.592301066853
21365,4329.110731121893
20509,4306.303388265667
19653,4332.05663484064
18797,4360.732852945467
17941,4472.043684406909
17085,4563.997108752145
16229,4563.997108752145
15373,5679.687737216443
14517,5150.486908372143
13661,4982.6795408496
12805,5024.622723881722
11949,5024.622723881722
11093,4598.504002371161
10237,4598.504002371161
9381,4487.223712074868
8525,4394.416469265863
7669,4396.387152953083
6813,4396.387152953083
5957,4459.528506561313
5101,4560.590896254195
4245,4560.590896254195
3389,5254.946159643123
2533,5063.246837876719
1677,4904.329146645011
821,4914.37265447266
41054,4935.9068444033965
40198,4935.9068444033965
39342,6157.257119775884
38486,5831.059300996245
37630,5576.683294441113
36774,5588.040250982927
35918,5588.040250982927
35062,4870.710292585589
34206,4870.710292585589
33350,4676.544566370717
32494,4591.805612043224
31638,4564.777310344045
30782,4564.777310344045
29926,4719.760391861495
29070,4818.111036098955
28214,4818.111036098955
27358,5964.732053158806
26502,5663.110270390648
25646,5444.65224182553
24790,5475.5745773543495
23934,5475.5745773543495
23078,4816.591134480149
22222,4816.591134480149
21366,4570.314613877612
20510,4551.272104446677
19654,4577.02535102165
18798,4605.701569126477
17942,4732.0084325391
17086,4838.995942165441
16230,4838.995942165441
15374,6495.344443405273
14518,5763.189041186118
13662,5535.841336330164
12806,5584.565906522465
11950,5584.565906522465
11094,4884.0550086534495
10238,4884.0550086534495
9382,4752.514859776181
8526,4657.025496053457
7670,4658.996179740677
6814,4658.996179740677
5958,4719.493254693504
5102,4838.995942165441
4246,4838.995942165441
3390,5972.0555710200515
2534,5682.992635800615
1678,5464.534607235497
822,5467.16987674236
41055,5970.042447620087
40199,5970.042447620087
39343,7221.238548789128
38487,6755.121193178225
37631,6551.804344201316
36775,6533.489955847631
35919,6533.489955847631
35063,5897.44713097299
34207,5897.44713097299
33351,5661.593547280427
32495,5610.0443199287065
31639,5530.07255165103
30783,5530.07255165103
29927,5713.9199674163865
29071,5850.0167761179655
28215,5850.0167761179655
27359,7002.129440447594
26503,6578.151438723273
25647,6410.752567736377
24791,6383.716492347741
23935,6383.716492347741
23079,5848.496874499158
22223,5848.496874499158
21367,5516.594849622082
20511,5528.758131967893
19655,5554.511378542866
18799,5599.264188869913
17943,5738.358794308222
17087,5870.901682184451
16231,5870.901682184451
15375,7595.315216301709
14519,6687.250933368098
13663,6510.9623860903675
12807,6530.015611387169
11951,6530.015611387169
11095,5910.791847040851
10239,5910.791847040851
9383,5720.62253611134
8527,5653.153997732779
7671,5655.12468142
6815,5655.12468142
5959,5734.741832227586
5103,5870.901682184451
4247,5870.901682184451
3391,7023.642583789804
2535,6612.223429614204
1679,6444.824558627309
823,6417.788483238673
41056,5645.844618190214
40200,5645.844618190214
39344,6682.135005174142
38488,6355.9371863945025
37632,6110.375644699867
36776,6121.732601241682
35920,6121.732601241682
35064,5576.139449848234
34208,5576.139449848234
33352,5345.396590818269
32496,5264.274598571412
31640,5184.302830293735
30784,5184.302830293735
29928,5345.053408442197
29072,5523.5401933616
28216,5523.5401933616
27360,6475.420313076099
26504,6173.798530307941
25648,5964.15496660332
24792,5966.790236110183
23936,5966.790236110183
23080,5522.020291742794
22224,5522.020291742794
21368,5195.2289915283145
20512,5179.371448529962
19656,5205.124695104935
18800,5249.877505431982
17944,5365.875273253398
17088,5544.4250994280865
16232,5544.4250994280865
15376,7345.089826477918
14520,6288.066926584375
13664,6069.5336865889185
12808,6118.25825678122
11952,6118.25825678122
11096,5589.484165916095
10240,5589.484165916095
9384,5404.425579649182
8528,5308.936215926457
7672,5310.9068996136775
6816,5310.9068996136775
5960,5365.875273253398
5104,5544.4250994280865
4248,5544.4250994280865
3392,6496.933456418309
2536,6207.870521198873
1680,5998.226957494251
824,6000.862227001115
41057,4569.361576688091
40201,4599.854710936228
39345,5530.864755972458
38489,5297.167676361456
37633,5080.059600767479
36777,5118.6666901736235
35921,5118.6666901736235
35065,4499.656408346112
34209,4530.1495425942485
33353,4345.730693734766
32497,4263.673860320992
31641,4183.702092043315
30785,4183.702092043315
29929,4339.660610448807
29073,4447.057151859478
28217,4477.550286107615
27361,5336.773067887925
26505,5115.029020274895
25649,4933.838922670932
24793,4963.724325042125
23937,4963.724325042125
23081,4445.537250240672
22225,4476.0303844888085
21369,4195.563094444811
20513,4182.387672360179
19657,4208.140918935152
18801,4252.893729262199
17945,4364.099437340644
17089,4467.942057925964
16233,4498.435192174101
15377,6179.194487192446
14521,5229.297416551329
13665,5039.217642656531
12809,5115.192345713162
11953,5115.192345713162
11097,4513.001124413972
10241,4543.494258662109
9385,4404.759682565678
8529,4311.952439756674
7673,4313.923123443894
6817,4313.923123443894
5961,4360.482475260008
5105,4467.942057925964
4249,4498.435192174101
3393,5358.286211230135
2537,5149.101011165826
1681,4967.910913561864
825,4997.796315933057
41058,5323.788093668816
40202,5354.281227916953
39346,6605.696924319286
38490,6174.676111319687
37634,5935.1773602595495
36778,5929.652633729229
35922,5929.652633729229
35066,5254.082925326837
34210,5284.576059574973
33354,5025.142532329527
32498,4951.625927640783
31642,4888.595463937657
30786,4888.595463937657
29930,5063.145990255954
29074,5201.483668840203
28218,5231.97680308834
27362,6381.4189143461435
26506,5992.537455233126
25650,5788.956682163002
24794,5774.710268597731
23938,5774.710268597731
23082,5199.963767221397
22226,5230.4569014695335
21370,4891.916237614124
20514,4887.281044254521
19658,4913.034290829493
18802,4957.78710115654
17946,5087.58481714779
17090,5222.368574906689
16234,5252.861709154826
15378,6926.220930073575
14522,6106.80585150956
13666,5894.335402148601
12810,5926.178289268767
11954,5926.178289268767
11098,5267.427641394697
10242,5297.920775642834
9386,5101.112825734991
8530,5016.8458116510155
7674,5018.816495338236
6818,5018.816495338236
5962,5083.967855067154
5106,5222.368574906689
4250,5252.861709154826
3394,6402.932057688354
2538,6026.609446124057
1682,5823.028673053934
826,5808.782259488662
41059,6840.994225984834
40203,6840.994225984834
39347,8313.543331361938
38491,7824.663495629498
37635,7593.979209429857
36779,7588.454482899537
35923,7588.454482899537
35067,6771.2890576428545
34211,6771.2890576428545
33355,6473.541350998931
32499,6388.802396671439
31643,6361.774094972259
30787,6361.774094972259
29931,6571.832325818328
29075,6718.68980115622
28219,6718.68980115622
27363,8112.036620894465
26507,7656.7144650239015
25651,7461.948156814275
24795,7475.988809270959
23939,7475.988809270959
23083,6717.1698995374145
22227,6717.1698995374145
21371,6367.311398505827
20515,6348.268889074891
19659,6374.022135649864
18803,6402.698353754691
17947,6584.080366495933
17091,6739.574707222707
16235,6739.574707222707
15379,9006.865827833719
14523,7770.982861300336
13667,7567.326876799873
12811,7599.169763920039
11955,7599.169763920039
11099,6784.633773710714
10243,6784.633773710714
9387,6560.431394404474
8531,6461.757064249166
7675,6463.7277479363875
6819,6463.7277479363875
5963,6580.463404415297
5107,6739.574707222707
4251,6739.574707222707
3395,8119.360138755711
2539,7676.5968304338685
1683,7481.830522224242
827,7467.58410865897
41060,6964.438138280463
40204,6964.438138280463
39348,8149.870539089534
38492,7781.748775925413
37636,7569.6174620880065
36780,7551.3030737343215
35924,7551.3030737343215
35068,6915.495347881341
34212,6915.495347881341
33356,6670.95795617185
32500,6607.481784001059
31644,6580.453482301881
30788,6580.453482301881
29932,6740.090848595421
29076,6867.8278707376785
28220,6867.8278707376785
27364,7944.7139339403275
26508,7618.731524662786
25652,7442.518188815395
24796,7443.769179448715
23940,7443.769179448715
23084,6854.117182904641
22228,6854.117182904641
21372,6569.659783021717
20516,6566.948276404512
19660,6592.701522979486
18804,6621.377741084313
17948,6752.338889273026
17092,6876.521990589933
16236,6876.521990589933
15380,8787.985133186306
14524,7728.06814159625
13668,7542.965129458022
12812,7562.018354754824
11956,7562.018354754824
11100,6913.243065237021
10244,6913.243065237021
9388,6746.928249577314
8532,6667.769888668322
7676,6669.740572355541
6820,6669.740572355541
5964,6739.823711427432
5108,6873.115778091983
4252,6873.115778091983
3396,7952.037451801572
2540,7638.613890072753
1684,7462.400554225362
828,7435.3644788367255
41061,6595.576866326513
40205,6595.576866326513
39349,7394.764522980794
38493,7045.494090597826
37637,6791.118084042693
36781,6811.040388813927
35925,6811.040388813927
35069,6525.871697984533
34213,6525.871697984533
33357,6024.772847153793
32501,5930.414503547863
31645,5903.386201848684
30789,5903.386201848684
29933,6186.688525410583
29077,6463.653052219463
28221,6463.653052219463
27365,7192.620067085279
26509,6867.925670713792
25653,6649.467642148674
24797,6688.955325906913
23941,6688.955325906913
23085,6462.133150600656
22229,6462.133150600656
21373,5908.923505382251
20517,5889.880995951316
19661,5915.634242526289
18805,5944.310460631116
17949,6198.936566088188
17093,6484.537958285949
16237,6484.537958285949
15381,8029.276248492369
14525,6991.813456268663
13669,6764.465751412709
12813,6821.75566983443
11957,6821.75566983443
11101,6539.216414052394
10245,6539.216414052394
9389,6111.662890559335
8533,6012.988560404028
7677,6014.959244091248
6821,6014.959244091248
5965,6195.319604007552
5109,6484.537958285949
4253,6484.537958285949
3397,7214.133210427489
2541,6887.808036123759
1685,6669.350007558641
829,6680.5506252949235
41062,6964.266766835877
40206,6964.266766835877
39350,8219.477491197611
38494,7902.06767762701
37638,7683.873573155105
36782,7691.006216102975
35926,7691.006216102975
35070,6915.323976436755
34214,6915.323976436755
33358,6628.186325267717
32502,6565.680399811513
31646,6538.652098112334
30790,6538.652098112334
29934,6734.492530892348
29078,6867.656499293093
28222,6867.656499293093
27366,8022.902560073106
26510,7739.050426364384
25654,7556.774299882493
24798,7583.472321817368
23942,7583.472321817368
23086,6853.945811460055
22230,6853.945811460055
21374,6526.888152117583
20518,6525.146892214966
19662,6550.900138789939
18806,6579.576356894766
17950,6746.740571569953
17094,6876.350619145347
16238,6876.350619145347
15382,8669.384620940975
14526,7848.387043297847
13670,7657.221240525121
12814,7701.721497123477
11958,7701.721497123477
11102,6913.071693792434
10246,6913.071693792434
9390,6687.215314098629
8534,6609.027199904223
7678,6610.9978835914435
6822,6610.9978835914435
5966,6734.225393724358
5110,6872.944406647397
4254,6872.944406647397
3398,8030.226077934351
2542,7758.932791774351
1686,7576.65666529246
830,7575.067621205379
41063,4869.677372353669
40207,4869.677372353669
39351,6260.035821020385
38495,5847.471041239437
37639,5607.972290179299
36783,5602.447563648979
35927,5602.447563648979
35071,4820.734581954547
34215,4820.734581954547
33359,4640.528605055529
32503,4562.395419982106
31647,4535.367118282928
30791,4535.367118282928
29935,4676.551628637678
29079,4768.135325467913
28223,4768.135325467913
27367,6049.947436528207
26511,5679.52201063384
25655,5475.941237563717
24799,5489.981890020401
23943,5489.981890020401
23087,4754.424637634876
22231,4754.424637634876
21375,4534.298652562424
20519,4521.86191238556
19663,4547.615158960532
18807,4576.2913770653595
17951,4688.799669315283
17095,4776.829445320168
16239,4776.829445320168
15383,6902.307561028321
14527,5793.790406910274
13671,5581.319957549315
12815,5613.162844669481
11959,5613.162844669481
11103,4818.482299310226
10247,4818.482299310226
9391,4716.498898460993
8535,4627.615303992339
7679,4629.585987679559
6823,4629.585987679559
5967,4676.284491469687
5111,4773.423232822218
4255,4773.423232822218
3399,6057.2709543894525
2543,5699.404376043807
1687,5495.823602973684
831,5481.577189408412
41064,4870.731777159227
40208,4870.731777159227
39352,6231.213305694639
38496,5839.332228488311
37640,5599.833477428173
36784,5594.308750897852
35928,5594.308750897852
35072,4818.898838454988
34216,4818.898838454988
33360,4646.853274405641
32504,4574.8592376784145
31648,4547.830935979236
30792,4547.830935979236
29936,4689.015446333986
29080,4771.468483599963
28224,4771.468483599963
27368,6043.857140709169
26512,5676.552099514322
25656,5472.971326444199
24800,5487.011978900883
23944,5487.011978900883
23088,4757.7577957669255
22232,4757.7577957669255
21376,4545.792223544145
20520,4534.325730081868
19664,4560.0789766568405
18808,4588.755194761668
17952,4701.263487011591
17096,4780.162603452218
16240,4780.162603452218
15384,6658.840881195796
14528,5785.651594159148
13672,5573.181144798189
12816,5605.024031918355
11960,5605.024031918355
11104,4816.646555810667
10248,4816.646555810667
9392,4722.823567811105
8536,4634.910220057039
7680,4636.880903744259
6824,4636.880903744259
5968,4688.748309165995
5112,4776.756390954268
4256,4776.756390954268
3400,6051.180658570414
2544,5696.434464924289
1688,5492.853691854166
832,5478.607278288894
41065,6183.797168713659
40209,6183.797168713659
39353,7271.418844040947
38497,6936.510983283106
37641,6754.255906187921
36785,6754.524110490827
35929,6754.524110490827
35073,6139.362994838709
34217,6139.362994838709
33361,5834.628889398927
32505,5752.572055985153
31649,5725.5437542859745
30793,5725.5437542859745
29937,5930.820228487061
29081,6086.763738352075
28225,6086.763738352075
27369,7069.009707841678
26513,6768.561952677509
25657,6622.224853572338
24801,6642.058436862249
23945,6642.058436862249
23089,6073.053050519037
22233,6073.053050519037
21377,5728.398936905822
20521,5712.038548388607
19665,5737.791794963579
18809,5766.468013068406
17953,5943.068269164666
17097,6095.45785820433
16241,6095.45785820433
15385,7564.863926973091
14529,6882.830348953943
13673,6727.603573557937
12817,6751.049766030365
11961,6751.049766030365
11105,6137.110712194388
10249,6137.110712194388
9393,5893.657878229839
8537,5800.850635420835
7681,5802.821319108055
6825,5802.821319108055
5969,5930.5530913190705
5113,6092.0516457063795
4257,6092.0516457063795
3401,7076.333225702924
2545,6788.444318087476
1689,6642.107218982305
833,6633.65373625026
41066,5650.703484255594
40210,5650.703484255594
39354,6762.984428374662
38498,6476.1209730368655
37642,6249.112403704465
36786,6256.245046652334
35930,6256.245046652334
35074,5580.9983159136145
34218,5580.9983159136145
33362,5369.654377187049
32506,5289.532003244234
31650,5226.501539541108
30794,5226.501539541108
29938,5391.616024438332
29082,5528.399059426981
28226,5528.399059426981
27370,6556.2697362766185
26514,6293.982316950304
25658,6102.891725607918
24802,6101.302681520836
23946,6101.302681520836
23090,5526.879157808175
22234,5526.879157808175
21378,5236.428082471646
20522,5225.187119857972
19666,5250.940366432945
18810,5295.693176759992
17954,5416.054851330168
17098,5549.283965493467
16242,5549.283965493467
15386,7417.650198335999
14530,6408.250713226738
13674,6208.270445593516
12818,6252.770702191872
11962,6252.770702191872
11106,5594.343031981475
10250,5594.343031981475
9394,5445.624670592513
8538,5354.751887254467
7682,5356.722570941687
6826,5356.722570941687
5970,5412.437889249532
5114,5549.283965493467
4258,5549.283965493467
3402,6577.782879618829
2546,6328.054307841236
1690,6136.963716498849
834,6135.374672411767
41067,6395.244457742581
40211,6395.244457742581
39355,7546.473168589911
38499,7180.098983108513
37643,6999.80230575774
36787,6987.280848237282
35931,6987.280848237282
35075,6325.539289400602
34219,6325.539289400602
33363,6043.315373368255
32507,5965.875120339159
31651,5902.8446566360335
30795,5902.8446566360335
29939,6130.678705989368
29083,6272.940032913968
28227,6272.940032913968
27371,7329.874406909678
26515,6997.960327021951
25659,6853.581627661193
24803,6832.338483105784
23947,6832.338483105784
23091,6271.420131295162
22235,6271.420131295162
21379,5910.089078652852
20523,5901.530236952897
19667,5927.28348352787
18811,5972.036293854917
17955,6155.117532881204
17099,6293.824938980454
16243,6293.824938980454
15387,7840.053990970738
14531,7112.228723298385
13675,6958.960347646792
12819,6983.80650377682
11963,6983.80650377682
11107,6338.884005468462
10251,6338.884005468462
9395,6119.285666773719
8539,6031.095004349392
7683,6033.065688036612
6827,6033.065688036612
5971,6151.500570800568
5115,6293.824938980454
4259,6293.824938980454
3403,7351.387550251889
2547,7032.032317912883
1691,6887.6536185521245
835,6866.410473996715
41068,6100.635355394977
40212,6100.635355394977
39356,6884.037105056311
38500,6558.923396575728
37644,6387.441184085454
36788,6374.9197265649955
35932,6374.9197265649955
35076,6030.930187052997
34220,6030.930187052997
33364,5795.076603360433
32508,5720.597579298681
31652,5693.569277599502
30796,5693.569277599502
29940,5845.562228765552
29084,5983.262709909334
28228,5983.262709909334
27372,6695.541392050411
26516,6395.906145313102
25660,6260.341910812842
24804,6267.3858322793885
23948,6267.3858322793885
23092,5981.742808290528
22236,5981.742808290528
21380,5693.778430210299
20524,5680.064071702134
19668,5705.817318277107
18812,5734.493536381934
17956,5857.810269443157
17100,6004.14761597582
16244,6004.14761597582
15388,7125.280980349312
14532,6491.0531367656
13676,6346.599225974505
12820,6371.445382104534
11964,6371.445382104534
11108,6044.274903120858
10252,6044.274903120858
9396,5854.105592191346
8540,5763.9443793913915
7684,5765.915063078612
6828,5765.915063078612
5972,5845.295091597562
5116,6004.14761597582
4260,6004.14761597582
3404,6702.8649099116565
2548,6415.788510723069
1692,6280.224276222809
836,6258.9811316673995
41069,6188.892429282109
40213,6188.892429282109
39357,7167.705719843326
38501,6841.507901063686
37645,6587.131894508554
36789,6607.054199279788
35933,6607.054199279788
35077,6119.18726094013
34221,6119.18726094013
33365,5748.826116890747
32509,5654.467773284817
31653,5627.439471585638
30797,5627.439471585638
29941,5892.288939208745
29085,6056.968615175059
28229,6056.968615175059
27373,6965.56126394781
26517,6663.939481179653
25661,6445.481452614535
24805,6484.969136372773
23949,6484.969136372773
23093,6055.448713556253
22237,6055.448713556253
21381,5632.976775119205
20525,5613.93426568827
19669,5639.687512263243
18813,5668.36373036807
17957,5904.53697988635
17101,6077.853521241545
16245,6077.853521241545
15389,7808.137085628083
14533,6787.827266734524
13677,6560.47956187857
12821,6617.7694803002905
11965,6617.7694803002905
11109,6132.5319770079905
10253,6132.5319770079905
9397,5835.716160296289
8541,5737.041830140982
7685,5739.012513828202
6829,5739.012513828202
5973,5900.920017805714
5117,6077.853521241545
4261,6077.853521241545
3405,6987.074407290021
2549,6683.82184658962
1693,6465.363818024502
837,6476.564435760784
41070,7024.428417683812
40214,7084.216896114536
39358,8061.446472511343
38502,7668.945012751929
37646,7414.569006196797
36790,7434.491310968031
35934,7434.491310968031
35078,6951.833101036716
34222,7011.62157946744
33366,6397.450727170938
32510,6308.261285196617
31654,6281.232983497438
30798,6281.232983497438
29942,6617.818830094374
29086,6894.783356903254
28230,6954.571835333978
27374,7855.489274397039
26518,7496.5454944995045
25662,7278.087465934386
24806,7317.575149692625
23950,7317.575149692625
23094,6893.263455284447
22238,6953.051933715172
21382,6286.770287031005
20526,6267.72777760007
19670,6293.481024175043
18814,6322.15724227987
17958,6630.066870771979
17102,6915.66826296974
16246,6975.456741400464
15390,8718.401176169156
14534,7615.264378422767
13678,7387.916673566813
12822,7445.206591988534
11966,7445.206591988534
11110,6965.177817104576
10254,7024.966295535301
9398,6484.34077057648
8542,6385.666440421173
7686,6387.637124108393
6830,6387.637124108393
5974,6626.449908691343
5118,6915.66826296974
4262,6975.456741400464
3406,7877.002417739249
2550,7516.427859909471
1694,7297.969831344353
838,7309.170449080636
41071,5462.121172865481
40215,5521.909651296205
39359,6351.899508703023
38503,6033.277705892041
37647,5804.310736815227
36791,5824.233041586461
35935,5824.233041586461
35079,5392.416004523501
34223,5452.204482954226
33367,5042.266528868627
32511,4955.484201231355
31655,4875.5124329536775
30799,4875.5124329536775
29943,5091.105594298646
29087,5330.197358758431
28231,5389.985837189155
27375,6135.565427326543
26519,5841.519660527043
25663,5648.470669440243
24807,5659.671287176526
23951,5659.671287176526
23095,5328.6774571396245
22239,5388.465935570349
21383,4882.479540300235
20527,4874.198013270541
19671,4899.951259845514
18815,4944.704070172561
17959,5115.544421190482
17103,5351.082264824917
16247,5410.870743255641
15391,6626.150780438981
14535,5965.407446081914
13679,5763.4687787042785
12823,5820.758697125999
11967,5820.758697125999
11111,5405.760720591362
10255,5465.549199022086
9399,5101.295517699539
8543,5013.382169945473
7687,5015.352853632693
6831,5015.352853632693
5975,5111.9274591098465
5119,5351.082264824917
4263,5410.870743255641
3407,6157.078570668753
2551,5875.591651417974
1695,5682.542660331174
839,5693.743278067457
41072,4083.0840406686043
40216,4209.016682537818
39360,4162.238423910755
38504,4037.2327784916724
37648,4230.296932380568
36792,4229.296790568229
35936,4229.296790568229
35080,4013.3788723266225
34224,4139.31151419584
33368,3839.5600407228367
32512,3290.9375014229195
31656,3263.9091997237406
30800,3263.9091997237406
29944,3410.3393957522712
29088,3514.168331925684
28232,4106.666679681042
27376,3535.725077392886
26520,3422.672463971772
25664,3651.6545958506854
24808,3670.219833025349
23952,3670.219833025349
23096,3512.648430306878
22240,4105.146778062236
21384,3266.764382343591
20528,3250.403993826374
19672,3276.1572404013464
18816,3294.0149146307986
17960,3422.587436429877
17104,3535.053237992169
16248,4151.119121716418
15392,4080.0640442068657
14536,3536.940860248205
13680,3757.033315836282
12824,3793.400787674426
11968,3793.400787674426
11112,3580.1123044801793
10256,4196.178188204427
9400,3443.4168690928577
8544,3350.6096262838514
7688,3352.580309971072
6832,3352.580309971072
5976,3410.072258584281
5120,3535.053237992169
4264,4151.119121716418
3408,3543.0485952541308
2552,3442.5548293817374
1696,3671.536961260651
840,3661.8151324133587
41073,4903.0164637002945
40217,4903.0164637002945
39361,6047.913747525069
38505,5729.291944714088
37649,5483.730403019452
36793,5503.652707790686
35937,5503.652707790686
35081,4830.421147053198
34225,4830.421147053198
33369,4676.495432441852
32513,4604.501395714626
31657,4577.473094015447
30801,4577.473094015447
29945,4701.577147821632
29089,4782.990792198173
28233,4782.990792198173
27377,5860.557582539599
26521,5566.511815740099
25665,5356.868252035478
24809,5396.3559357937165
23953,5396.3559357937165
23097,4781.470890579367
22241,4781.470890579367
21385,4575.434381580356
20529,4563.967888118079
19673,4589.721134693052
18817,4618.397352797879
17961,4713.825188499237
17105,4803.875698264659
16249,4803.875698264659
15393,6670.832993159374
14537,5661.42168490396
13681,5442.8884449085035
12825,5500.178363330224
11969,5500.178363330224
11113,4843.765863121059
10257,4843.765863121059
9401,4735.524421272765
8545,4647.6110735186985
7689,4649.581757205919
6833,4649.581757205919
5977,4701.310010653641
5121,4803.875698264659
4265,4803.875698264659
3409,5867.881100400845
2553,5586.394181150066
1697,5376.750617445445
841,5387.9512351817275
41074,4806.22734023075
40218,4806.22734023075
39362,6090.55246916158
38506,5698.671391955252
37650,5459.1726408951145
36794,5453.647914364794
35938,5453.647914364794
35082,4736.522171888771
34226,4736.522171888771
33370,4538.700974584534
32514,4461.538036225699
31658,4398.507572522573
30802,4398.507572522573
29946,4577.839855485852
29090,4683.922915402137
28234,4683.922915402137
27378,5883.837777063537
26522,5516.532735868691
25666,5312.951962798567
24810,5298.705549233296
23954,5298.705549233296
23098,4682.403013783331
22242,4682.403013783331
21386,4405.474679869131
20530,4397.193152839437
19674,4422.94639941441
18818,4467.699209741457
17962,4602.278682377689
17106,4704.807821468623
16250,4704.807821468623
15394,6739.278619959182
14538,5630.801132145125
13682,5418.330682784166
12826,5450.173569904332
11970,5450.173569904332
11114,4749.866887956631
10258,4749.866887956631
9402,4614.671267989998
8546,4526.757920235932
7690,4528.728603923152
6834,4528.728603923152
5978,4598.661720297053
5122,4704.807821468623
4266,4704.807821468623
3410,5905.350920405747
2554,5550.604726759622
1698,5347.023953689499
842,5332.777540124227
41075,6229.727369274866
40219,6229.727369274866
39363,7376.880784024643
38507,7090.8978621861415
37651,6870.217366386989
36795,6857.695908866531
35939,6857.695908866531
35083,6164.530817457058
34227,6164.530817457058
33371,5875.393710729458
32515,5797.953457700362
31659,5770.9251560011835
30803,5770.9251560011835
29947,5976.20163020227
29091,6111.9315609704245
28235,6111.9315609704245
27379,7174.471647825374
26523,6922.948831580545
25667,6738.186313771406
24811,6745.230235237953
23955,6745.230235237953
23099,6110.411659351618
22243,6110.411659351618
21387,5769.163758236353
20531,5757.419950103816
19675,5783.173196678788
18819,5811.849414783615
17963,5988.449670879875
17107,6132.816467036911
16251,6132.816467036911
15395,7665.136600144535
14539,7023.027602376014
13683,6829.375408276041
12827,6854.221564406069
11971,6854.221564406069
11115,6177.875533524919
10259,6177.875533524919
9403,5934.42269956037
8547,5846.232037136044
7691,5848.202720823264
6835,5848.202720823264
5979,5975.9344930342795
5123,6132.816467036911
4267,6132.816467036911
3411,7181.79516568662
2555,6942.831196990512
1699,6758.068679181373
843,6736.825534625964
41076,6099.918750849744
40220,6099.918750849744
39364,6985.830866635143
38508,6659.633047855504
37652,6405.257041300371
36796,6425.179346071605
35940,6425.179346071605
35084,6034.722199031937
34228,6034.722199031937
33372,5579.368235650529
32516,5485.009892044599
31660,5457.98159034542
30804,5457.98159034542
29948,5746.065670552301
29092,5972.503553266866
28236,5972.503553266866
27380,6783.686410739628
26524,6482.06462797147
25668,6263.606599406352
24812,6303.094283164591
23956,6303.094283164591
23100,5970.98365164806
22244,5970.98365164806
21388,5463.518893878987
20532,5444.476384448052
19676,5470.229631023025
18820,5498.905849127852
17964,5758.3137112299055
17108,5993.388459333352
16252,5993.388459333352
15396,7620.342592146718
14540,6605.952413526341
13684,6378.6047086703875
12828,6435.894627092108
11972,6435.894627092108
11116,6048.066915099797
10260,6048.066915099797
9404,5666.258279056071
8548,5567.583948900764
7692,5569.554632587984
6836,5569.554632587984
5980,5754.69674914927
5124,5993.388459333352
4268,5993.388459333352
3412,6805.199554081838
2556,6501.946993381437
1700,6283.488964816319
844,6294.689582552602
41077,6409.278943268741
40221,6409.278943268741
39365,7717.69389086417
38509,7355.841060676744
37653,7126.87409159993
36797,7146.796396371164
35941,7146.796396371164
35085,6360.33615286962
34229,6360.33615286962
33373,6101.416903719148
32517,6024.253965360313
31661,5997.225663661134
30805,5997.225663661134
29949,6179.4053002453265
29093,6307.736896382986
28237,6307.736896382986
27381,7516.187180396693
26525,7187.892030071147
25669,6994.843038984347
24813,7034.330722742586
23957,7034.330722742586
23101,6294.026208549948
22245,6294.026208549948
21389,5995.186951226043
20533,5983.720457763766
19677,6009.473704338739
18821,6038.149922443566
17965,6191.653340922931
17109,6316.43101623524
16253,6316.43101623524
15397,8076.349468288956
14541,7302.160426347581
13685,7100.221758969946
12829,7157.511677391666
11973,7157.511677391666
11117,6358.083870225299
10261,6358.083870225299
9405,6160.44589255006
8549,6072.532544795994
7693,6074.503228483214
6837,6074.503228483214
5981,6179.138163077336
5125,6313.02480373729
4269,6313.02480373729
3413,7523.510698257939
2557,7207.774395481114
1701,7014.725404394314
845,7025.926022130597
41078,6295.553332664896
40222,6295.553332664896
39366,7896.134109093653
38510,7461.022004510881
37654,7221.523253450743
36798,7215.998526920423
35942,7215.998526920423
35086,6230.356780847088
34230,6230.356780847088
33374,6020.624692474885
32518,5943.46175411605
31662,5916.433452416871
30806,5916.433452416871
29950,6110.9014858066585
29094,6177.757524360454
28238,6177.757524360454
27382,7694.627398626177
26526,7293.072973905284
25670,7089.4922008351605
24814,7103.532853291845
23958,7103.532853291845
23102,6176.237622741648
22246,6176.237622741648
21390,5914.39473998178
20534,5902.928246519503
19678,5928.681493094476
18822,5957.357711199303
17966,6123.149526484263
17110,6198.64243042694
16254,6198.64243042694
15398,8600.701252099543
14542,7407.341370181718
13686,7194.870920820759
12830,7226.713807940925
11974,7226.713807940925
11118,6243.701496914949
10262,6243.701496914949
9406,6107.514735880427
8550,6016.416421693778
7694,6018.387105380998
6838,6018.387105380998
5982,6119.5325644036275
5126,6198.64243042694
4270,6198.64243042694
3414,7716.140541968387
2558,7312.955339315251
1702,7109.374566245127
846,7095.128152679856
41079,4771.747131270558
40223,4771.747131270558
39367,5891.927171283692
38511,5573.30536847271
37655,5344.338399395896
36799,5364.26070416713
35943,5364.26070416713
35087,4702.041962928579
34231,4702.041962928579
33375,4562.673854139978
32519,4486.209921813175
31663,4412.6851078745085
30807,4412.6851078745085
29951,4568.643626280001
29095,4656.588666812988
28239,4656.588666812988
27383,5692.358439556691
26527,5398.312672757192
25671,5205.263681670392
24815,5216.464299406674
23959,5216.464299406674
23103,4655.068765194182
22247,4655.068765194182
21391,4419.652215221066
20535,4411.370688191372
19679,4437.123934766345
18823,4481.876745093392
17967,4593.082453171837
17111,4677.473572879474
16255,4677.473572879474
15399,6194.92172620824
14543,5505.435108662583
13687,5303.496441284948
12831,5360.786359706668
11975,5360.786359706668
11119,4715.3866789964395
10263,4715.3866789964395
9407,4621.702842970891
8551,4533.789495216824
7695,4535.760178904045
6839,4535.760178904045
5983,4589.465491091201
5127,4677.473572879474
4271,4677.473572879474
3415,5713.871582898902
2559,5432.384663648123
1703,5239.335672561323
847,5250.536290297606
41080,5834.19413810927
40224,5834.19413810927
39368,6827.46955035762
38512,6540.606095019824
37656,6322.41199054792
36800,6329.54463349579
35944,6329.54463349579
35088,5768.9975862914625
34232,5768.9975862914625
33376,5550.740456869644
32520,5470.618082926829
31664,5443.58978122765
30808,5443.58978122765
29952,5586.146690972626
29096,5716.398329804829
28240,5716.398329804829
27384,6634.944483740542
26528,6372.6570644142275
25672,6190.3809379323375
24816,6217.078959867212
23960,6217.078959867212
23104,5714.878428186023
22248,5714.878428186023
21392,5444.510504376539
20536,5430.084575330282
19680,5455.837821905255
18824,5484.514040010082
17968,5598.394731650231
17112,5737.283235871315
16256,5737.283235871315
15400,7476.810314058024
14544,6472.735835209697
13688,6281.570032436972
12832,6326.070289035328
11976,6326.070289035328
11120,5782.342302359323
10264,5782.342302359323
9408,5609.769445700556
8552,5518.89666236251
7696,5520.86734604973
6840,5520.86734604973
5984,5585.879553804635
5128,5737.283235871315
4272,5737.283235871315
3416,6642.268001601788
2560,6392.5394298241945
1704,6210.263303342304
848,6208.674259255223
41081,5382.926814392758
40225,5382.926814392758
39369,6666.889704849725
38513,6254.324925068777
37657,6014.826174008639
36801,6009.301447478319
35945,6009.301447478319
35089,5317.730262574951
34233,5317.730262574951
33377,5102.450665773462
32521,5024.31748070004
31665,4997.289179000861
30809,4997.289179000861
29953,5143.265749098581
29097,5265.131006088317
28241,5265.131006088317
27385,6456.8013203575465
26529,6086.37589446318
25673,5882.795121393056
24817,5896.835773849741
23961,5896.835773849741
23105,5263.611104469511
22249,5263.611104469511
21393,4996.220713280357
20537,4983.783973103493
19681,5009.537219678466
18825,5038.213437783293
17969,5155.513789776186
17113,5286.015912154803
16257,5286.015912154803
15401,7303.241804584479
14545,6200.644290739614
13689,5988.173841378655
12833,6020.016728498821
11977,6020.016728498821
11121,5331.074978642811
10265,5331.074978642811
9409,5189.340709179004
8553,5097.272148277768
7697,5099.242831964988
6841,5099.242831964988
5985,5151.89682769555
5129,5286.015912154803
4273,5286.015912154803
3417,6478.314463699757
2561,6106.258259873147
1705,5902.677486803023
849,5888.431073237752
41082,5920.154278616978
40226,5920.154278616978
39370,7123.345201735817
38514,6786.267365706184
37658,6531.891359151052
36802,6543.2483156928665
35946,6543.2483156928665
35090,5854.957726799171
34234,5854.957726799171
33378,5633.939525045456
32522,5562.092173103331
31666,5535.063871404152
30810,5535.063871404152
29954,5701.38641364278
29098,5809.50443068358
28242,5809.50443068358
27386,6937.966095489781
26530,6625.46429547163
25674,6407.006266906512
24818,6437.928602435331
23962,6437.928602435331
23106,5807.984529064774
22250,5807.984529064774
21394,5534.855532923394
20538,5521.558665506785
19682,5547.311912081757
18826,5575.988130186584
17970,5713.634454320385
17114,5830.389336750066
16258,5830.389336750066
15402,7814.849568235216
14546,6732.586731377021
13690,6505.239026521068
12834,6553.963596713369
11978,6553.963596713369
11122,5868.3024428670315
10266,5868.3024428670315
9410,5720.8295684509985
8554,5627.900880310017
7698,5629.871563997237
6842,5629.871563997237
5986,5710.017492239749
5130,5830.389336750066
4274,5830.389336750066
3418,6959.479238831991
2562,6645.346660881597
1706,6426.888632316479
850,6429.523901823342
41083,6291.477205640112
40227,6291.477205640112
39371,7464.203574974427
38515,7114.933142591459
37659,6860.5571360363265
36803,6880.47944080756
35947,6880.47944080756
35091,6218.881888993015
34235,6218.881888993015
33379,6007.53795026645
32523,5927.967897570566
31667,5864.93743386744
30811,5864.93743386744
29955,6030.051918764663
29099,6171.45153413799
28243,6171.45153413799
27387,7262.657784507993
26531,6937.963388136506
25675,6719.505359571388
24819,6730.705977307671
23963,6730.705977307671
23107,6169.931632519184
22251,6169.931632519184
21395,5879.4805571826555
20539,5863.623014184303
19683,5889.376260759276
18827,5934.129071086323
17971,6054.4907456565
17115,6192.336440204476
16259,6192.336440204476
15403,8106.081863363593
14547,7047.062882781332
13691,6819.715177925378
12835,6877.0050963470985
11979,6877.0050963470985
11123,6232.226605060876
10267,6232.226605060876
9411,6083.508243671914
8555,5988.01887994919
7699,5989.98956363641
6843,5989.98956363641
5987,6050.873783575864
5131,6192.336440204476
4275,6192.336440204476
3419,7284.170927850203
2563,6972.035379027438
1707,6753.577350462319
851,6764.777968198602
41084,6080.211310125838
40228,6080.211310125838
39372,6903.926772909473
38516,6531.858675885179
37660,6349.603598789994
36804,6349.8718030929
35948,6349.8718030929
35092,6010.506141783859
34236,6010.506141783859
33380,5767.744367963889
32524,5686.386540582148
31668,5612.861726643481
30812,5612.861726643481
29956,5796.709142408838
29100,5965.052845668268
28244,5965.052845668268
27388,6703.45561545068
26532,6356.86598016966
25676,6210.52888106449
24820,6202.075398332445
23964,6202.075398332445
23108,5963.532944049462
22252,5963.532944049462
21396,5624.722729044977
20540,5611.547306960345
19684,5637.300553535318
18828,5682.053363862365
17972,5821.147969300674
17116,5985.937751734754
16260,5985.937751734754
15404,7138.601429280776
14548,6463.988416075052
13692,6308.761640679046
12836,6346.397458632438
11980,6346.397458632438
11124,6023.850857851719
10268,6023.850857851719
9412,5826.773356794802
8556,5733.966113985797
7700,5735.936797673017
6844,5735.936797673017
5988,5817.531007220038
5132,5985.937751734754
4276,5985.937751734754
3420,6724.96875879289
2564,6390.937971060592
1708,6244.600871955421
852,6236.147389223376
41085,5691.666045298425
40229,5691.666045298425
39373,6453.601999009607
38517,6128.488290529025
37661,5957.00607803875
36805,5944.484620518292
35949,5944.484620518292
35093,5621.960876956446
34237,5621.960876956446
33381,5364.641497313731
32525,5290.162473251979
31669,5263.1341715528
30813,5263.1341715528
29957,5415.127122718849
29101,5574.293399812783
28245,5574.293399812783
27389,6265.106286003707
26533,5965.471039266399
25677,5829.9068047661385
24821,5836.950726232685
23965,5836.950726232685
23109,5572.773498193977
22253,5572.773498193977
21397,5263.343324163597
20541,5249.628965655432
19685,5275.382212230405
18829,5304.058430335232
17973,5427.375163396454
17117,5595.178305879269
16261,5595.178305879269
15405,6694.8458743026085
14549,6060.618030718898
13693,5916.164119927802
12837,5941.01027605783
11981,5941.01027605783
11125,5635.305593024306
10269,5635.305593024306
9413,5423.670486144643
8557,5333.509273344689
7701,5335.479957031909
6845,5335.479957031909
5989,5414.859985550858
5133,5595.178305879269
4277,5595.178305879269
3421,6272.429803864953
2565,5985.353404676366
1709,5849.7891701761055
853,5828.546025620696
41086,5399.675746108644
40230,5399.675746108644
39374,6077.278629981599
38518,5861.0674286685025
37662,5666.23175944678
36806,5684.99695430938
35950,5684.99695430938
35094,5329.970577766664
34238,5329.970577766664
33382,5089.8294106356425
32526,5007.772577221869
31670,4980.74427552269
30814,4980.74427552269
29958,5137.518983333722
29102,5277.37132128003
28246,5277.37132128003
27390,5897.376567378031
26534,5693.118398062906
25678,5534.200706831198
24822,5572.531280680802
23966,5572.531280680802
23110,5275.851419661224
22254,5275.851419661224
21398,4983.5994581425375
20542,4967.239069625322
19686,4992.992316200295
18830,4996.992446163075
17974,5140.868808246367
17118,5298.256227346516
16262,5298.256227346516
15406,6344.011830243275
14550,5793.197168858375
13694,5625.389801335832
12838,5681.522609848918
11982,5681.522609848918
11126,5343.315293834525
10270,5343.315293834525
9414,5148.858399466555
8558,5056.051156657551
7702,5058.021840344771
6846,5058.021840344771
5990,5137.251846165731
5134,5298.256227346516
4278,5298.256227346516
3422,5904.700085239277
2566,5713.000763472873
1710,5554.083072241165
854,5564.126580068813
41087,7487.508264299551
40231,7487.508264299551
39375,8796.86392221564
38519,8474.345455470055
37663,8256.15135099815
36807,8254.718645716597
35951,8254.718645716597
35095,7438.565473900429
34239,7438.565473900429
33383,7151.427822731392
32527,7078.881464757234
31671,7051.8531630580555
30815,7051.8531630580555
29959,7247.693595838069
29103,7385.966217413796
28247,7385.966217413796
27391,8595.357211748164
26535,8306.396424864457
25679,8124.120298382563
24823,8142.252972088018
23967,8142.252972088018
23111,7372.255529580758
22255,7372.255529580758
21399,7045.197870238287
20543,7038.347957160688
19687,7064.10120373566
18831,7092.7774218404875
17975,7259.941636515674
17119,7394.66033726605
16263,7394.66033726605
15407,9159.993914752096
14551,8420.664821140886
13695,8229.499018368166
12839,8265.433926737102
11983,8265.433926737102
11127,7436.313191256108
10271,7436.313191256108
9415,7210.456811562304
8559,7127.160044192916
7703,7129.130727880136
6847,7129.130727880136
5991,7247.426458670078
5135,7391.2541247681
4279,7391.2541247681
3423,8602.680729609407
2567,8326.278790274422
1711,8144.00266379253
855,8133.848271476029
